SEASON_ID,Player_ID,Game_ID,GAME_DATE,MATCHUP,WL,MIN,FGM,FGA,FG_PCT,FG3M,FG3A,FG3_PCT,FTM,FTA,FT_PCT,OREB,DREB,REB,AST,STL,BLK,TOV,PF,PTS,PLUS_MINUS,VIDEO_AVAILABLE,PLAYER_NAME,SEASON_TYPE,SEASON_YEAR
21984,893,0028400936,"Apr 13, 1985",CHI @ NJN,L,40,9,24,0.375,1,5,0.2,10,11,0.909,2,0,2,9,1,0,4,3,29,,0,Michael Jordan,Regular Season,1984-85
21984,893,0028400930,"Apr 12, 1985",CHI vs. ATL,L,36,11,16,0.688,0,1,0.0,6,7,0.857,2,1,3,6,5,0,7,3,28,,0,Michael Jordan,Regular Season,1984-85
21984,893,0028400903,"Apr 08, 1985",CHI @ IND,L,39,6,20,0.3,0,1,0.0,10,14,0.714,2,6,8,5,3,0,5,2,22,,0,Michael Jordan,Regular Season,1984-85
21984,893,0028400892,"Apr 06, 1985",CHI @ ATL,W,43,12,18,0.667,0,0,,9,9,1.0,2,5,7,4,3,2,7,4,33,,0,Michael Jordan,Regular Season,1984-85
21984,893,0028400890,"Apr 05, 1985",CHI @ PHL,L,38,13,21,0.619,0,1,0.0,14,15,0.933,0,1,1,5,3,0,2,6,40,,0,Michael Jordan,Regular Season,1984-85
21984,893,0028400875,"Apr 03, 1985",CHI @ WAS,W,40,12,19,0.632,0,1,0.0,1,3,0.333,1,5,6,3,4,0,2,5,25,,0,Michael Jordan,Regular Season,1984-85
21984,893,0028400872,"Apr 02, 1985",CHI vs. NJN,W,44,12,19,0.632,0,0,,7,8,0.875,5,3,8,9,3,0,7,1,31,,0,Michael Jordan,Regular Season,1984-85
21984,893,0028400859,"Mar 30, 1985",CHI vs. PHL,L,42,13,19,0.684,1,1,1.0,11,13,0.846,2,3,5,6,1,0,3,1,38,,0,Michael Jordan,Regular Season,1984-85
21984,893,0028400843,"Mar 28, 1985",CHI @ CLE,L,41,11,25,0.44,1,3,0.333,12,14,0.857,4,4,8,10,2,0,2,4,35,,0,Michael Jordan,Regular Season,1984-85
21984,893,0028400832,"Mar 26, 1985",CHI vs. IND,W,40,13,24,0.542,0,1,0.0,12,13,0.923,4,5,9,5,3,0,3,5,38,,0,Michael Jordan,Regular Season,1984-85
21984,893,0028400817,"Mar 24, 1985",CHI @ UTH,L,35,9,24,0.375,0,0,,8,11,0.727,3,6,9,6,4,2,3,2,26,,0,Michael Jordan,Regular Season,1984-85
21984,893,0028400810,"Mar 23, 1985",CHI @ DAL,W,43,5,17,0.294,0,0,,10,10,1.0,3,6,9,10,2,1,1,1,20,,0,Michael Jordan,Regular Season,1984-85
21984,893,0028400797,"Mar 20, 1985",CHI @ SAN,L,43,14,23,0.609,0,1,0.0,10,12,0.833,3,4,7,4,3,0,2,5,38,,0,Michael Jordan,Regular Season,1984-85
21984,893,0028400790,"Mar 19, 1985",CHI @ HOU,L,42,11,22,0.5,0,0,,9,10,0.9,2,2,4,7,2,1,7,3,31,,0,Michael Jordan,Regular Season,1984-85
21984,893,0028400779,"Mar 17, 1985",CHI vs. MIL,W,48,11,25,0.44,0,3,0.0,10,13,0.769,6,5,11,16,1,1,3,5,32,,0,Michael Jordan,Regular Season,1984-85
21984,893,0028400760,"Mar 15, 1985",CHI vs. PHX,W,42,11,15,0.733,0,0,,5,6,0.833,1,8,9,14,2,2,6,3,27,,0,Michael Jordan,Regular Season,1984-85
21984,893,0028400756,"Mar 14, 1985",CHI @ NYK,L,34,5,18,0.278,0,0,,6,11,0.545,1,2,3,8,1,0,1,3,16,,0,Michael Jordan,Regular Season,1984-85
21984,893,0028400747,"Mar 12, 1985",CHI vs. DET,W,39,11,24,0.458,0,1,0.0,10,11,0.909,3,5,8,4,1,0,5,2,32,,0,Michael Jordan,Regular Season,1984-85
21984,893,0028400738,"Mar 11, 1985",CHI @ WAS,L,34,6,14,0.429,0,0,,9,10,0.9,1,3,4,4,0,0,4,2,21,,0,Michael Jordan,Regular Season,1984-85
21984,893,0028400729,"Mar 09, 1985",CHI vs. UTH,L,38,9,21,0.429,1,1,1.0,9,16,0.563,2,4,6,4,5,0,6,5,28,,0,Michael Jordan,Regular Season,1984-85
21984,893,0028400718,"Mar 08, 1985",CHI vs. LAC,W,28,7,13,0.538,1,2,0.5,11,14,0.786,2,6,8,7,0,1,1,3,26,,0,Michael Jordan,Regular Season,1984-85
21984,893,0028400711,"Mar 06, 1985",CHI @ BOS,W,42,13,28,0.464,0,0,,7,7,1.0,2,5,7,3,5,2,5,2,33,,0,Michael Jordan,Regular Season,1984-85
21984,893,0028400705,"Mar 05, 1985",CHI vs. WAS,W,44,12,23,0.522,0,0,,13,17,0.765,2,7,9,8,2,1,2,3,37,,0,Michael Jordan,Regular Season,1984-85
21984,893,0028400691,"Mar 03, 1985",CHI vs. NJN,L,41,13,21,0.619,0,0,,11,12,0.917,6,8,14,5,3,1,3,2,37,,0,Michael Jordan,Regular Season,1984-85
21984,893,0028400679,"Mar 01, 1985",CHI vs. NYK,W,38,6,15,0.4,0,0,,9,12,0.75,2,8,10,10,3,0,7,2,21,,0,Michael Jordan,Regular Season,1984-85
21984,893,0028400666,"Feb 27, 1985",CHI @ DET,L,35,8,17,0.471,0,1,0.0,8,9,0.889,1,5,6,2,4,1,4,3,24,,0,Michael Jordan,Regular Season,1984-85
21984,893,0028400661,"Feb 26, 1985",CHI vs. CLE,L,48,12,27,0.444,0,1,0.0,4,4,1.0,3,6,9,5,0,0,1,4,28,,0,Michael Jordan,Regular Season,1984-85
21984,893,0028400647,"Feb 23, 1985",CHI vs. GOS,W,32,15,20,0.75,0,0,,8,8,1.0,1,4,5,5,3,0,0,4,38,,0,Michael Jordan,Regular Season,1984-85
21984,893,0028400636,"Feb 22, 1985",CHI @ BOS,L,42,8,18,0.444,0,0,,10,12,0.833,1,3,4,7,3,0,3,3,26,,0,Michael Jordan,Regular Season,1984-85
21984,893,0028400621,"Feb 19, 1985",CHI vs. LAL,L,30,6,13,0.462,0,2,0.0,4,5,0.8,4,2,6,8,0,0,3,5,16,,0,Michael Jordan,Regular Season,1984-85
21984,893,0028400615,"Feb 17, 1985",CHI @ MIL,L,34,9,15,0.6,0,0,,8,8,1.0,2,1,3,3,2,1,5,1,26,,0,Michael Jordan,Regular Season,1984-85
21984,893,0028400598,"Feb 15, 1985",CHI vs. IND,L,37,8,20,0.4,0,1,0.0,1,2,0.5,1,6,7,6,0,2,4,1,17,,0,Michael Jordan,Regular Season,1984-85
21984,893,0028400582,"Feb 12, 1985",CHI vs. DET,W,45,19,31,0.613,0,0,,11,13,0.846,7,8,15,5,4,0,6,5,49,,0,Michael Jordan,Regular Season,1984-85
21984,893,0028400570,"Feb 07, 1985",CHI @ CLE,L,38,8,17,0.471,0,0,,7,8,0.875,3,1,4,7,4,0,7,6,23,,0,Michael Jordan,Regular Season,1984-85
21984,893,0028400555,"Feb 05, 1985",CHI vs. BOS,L,45,14,25,0.56,0,1,0.0,13,14,0.929,4,8,12,7,4,1,1,6,41,,0,Michael Jordan,Regular Season,1984-85
21984,893,0028400533,"Feb 01, 1985",CHI @ PHL,L,37,9,16,0.563,0,2,0.0,13,14,0.929,0,6,6,5,2,0,3,5,31,,0,Michael Jordan,Regular Season,1984-85
21984,893,0028400521,"Jan 30, 1985",CHI @ WAS,L,41,12,19,0.632,0,0,,14,15,0.933,0,7,7,8,4,0,4,3,38,,0,Michael Jordan,Regular Season,1984-85
21984,893,0028400518,"Jan 29, 1985",CHI vs. KCK,W,38,11,17,0.647,0,0,,4,6,0.667,0,7,7,7,3,0,1,3,26,,0,Michael Jordan,Regular Season,1984-85
21984,893,0028400496,"Jan 26, 1985",CHI vs. ATL,W,43,17,24,0.708,0,0,,11,11,1.0,1,7,8,10,0,4,5,3,45,,0,Michael Jordan,Regular Season,1984-85
21984,893,0028400494,"Jan 25, 1985",CHI vs. SEA,W,37,6,15,0.4,0,1,0.0,10,10,1.0,2,2,4,8,4,2,1,3,22,,0,Michael Jordan,Regular Season,1984-85
21984,893,0028400478,"Jan 22, 1985",CHI vs. POR,W,39,11,20,0.55,0,1,0.0,7,7,1.0,1,11,12,5,2,0,4,4,29,,0,Michael Jordan,Regular Season,1984-85
21984,893,0028400461,"Jan 19, 1985",CHI @ IND,L,41,15,27,0.556,2,4,0.5,6,8,0.75,2,10,12,7,3,2,2,5,38,,0,Michael Jordan,Regular Season,1984-85
21984,893,0028400450,"Jan 17, 1985",CHI vs. CLE,W,40,8,20,0.4,0,0,,9,12,0.75,0,4,4,6,2,2,3,4,25,,0,Michael Jordan,Regular Season,1984-85
21984,893,0028400447,"Jan 16, 1985",CHI @ NJN,L,44,8,17,0.471,0,1,0.0,11,12,0.917,1,6,7,7,2,0,6,3,27,,0,Michael Jordan,Regular Season,1984-85
21984,893,0028400433,"Jan 14, 1985",CHI vs. DEN,W,43,11,16,0.688,0,0,,13,15,0.867,2,12,14,15,3,1,6,3,35,,0,Michael Jordan,Regular Season,1984-85
21984,893,0028400422,"Jan 12, 1985",CHI @ CLE,L,36,10,21,0.476,0,1,0.0,4,6,0.667,4,8,12,3,1,0,3,5,24,,0,Michael Jordan,Regular Season,1984-85
21984,893,0028400413,"Jan 11, 1985",CHI vs. NYK,W,30,8,14,0.571,0,0,,7,7,1.0,2,4,6,5,2,0,5,3,23,,0,Michael Jordan,Regular Season,1984-85
21984,893,0028400407,"Jan 09, 1985",CHI @ BOS,L,42,12,24,0.5,0,0,,12,13,0.923,4,2,6,6,2,1,4,4,36,,0,Michael Jordan,Regular Season,1984-85
21984,893,0028400381,"Jan 05, 1985",CHI @ NYK,L,42,16,25,0.64,0,0,,10,11,0.909,4,3,7,4,2,1,3,3,42,,0,Michael Jordan,Regular Season,1984-85
21984,893,0028400379,"Jan 04, 1985",CHI vs. MIL,W,38,9,16,0.563,0,1,0.0,4,5,0.8,0,2,2,6,3,0,0,4,22,,0,Michael Jordan,Regular Season,1984-85
21984,893,0028400365,"Jan 02, 1985",CHI @ ATL,L,34,10,14,0.714,0,0,,5,6,0.833,1,6,7,4,3,0,4,2,25,,0,Michael Jordan,Regular Season,1984-85
21984,893,0028400356,"Dec 29, 1984",CHI vs. ATL,L,39,7,18,0.389,0,0,,7,9,0.778,1,3,4,5,0,0,3,6,21,,0,Michael Jordan,Regular Season,1984-85
21984,893,0028400340,"Dec 27, 1984",CHI vs. CLE,W,44,20,33,0.606,0,1,0.0,5,5,1.0,2,5,7,11,3,0,3,1,45,,0,Michael Jordan,Regular Season,1984-85
21984,893,0028400317,"Dec 22, 1984",CHI vs. BOS,W,35,12,18,0.667,0,0,,8,8,1.0,1,11,12,8,0,3,3,3,32,,0,Michael Jordan,Regular Season,1984-85
21984,893,0028400305,"Dec 20, 1984",CHI @ ATL,W,41,12,22,0.545,0,0,,10,16,0.625,4,4,8,7,5,1,7,5,34,,0,Michael Jordan,Regular Season,1984-85
21984,893,0028400293,"Dec 18, 1984",CHI vs. HOU,L,45,8,20,0.4,0,1,0.0,2,4,0.5,1,2,3,8,3,0,1,2,18,,0,Michael Jordan,Regular Season,1984-85
21984,893,0028400278,"Dec 15, 1984",CHI vs. PHL,L,27,7,16,0.438,0,0,,0,0,,1,1,2,2,1,0,1,2,14,,0,Michael Jordan,Regular Season,1984-85
21984,893,0028400274,"Dec 14, 1984",CHI @ NJN,L,44,12,25,0.48,0,0,,10,10,1.0,2,6,8,8,1,0,0,4,34,,0,Michael Jordan,Regular Season,1984-85
21984,893,0028400256,"Dec 12, 1984",CHI @ DET,L,30,6,17,0.353,0,2,0.0,9,10,0.9,0,1,1,2,2,1,1,5,21,,0,Michael Jordan,Regular Season,1984-85
21984,893,0028400249,"Dec 11, 1984",CHI vs. DET,L,37,13,28,0.464,0,1,0.0,1,3,0.333,1,7,8,6,2,0,3,4,27,,0,Michael Jordan,Regular Season,1984-85
21984,893,0028400234,"Dec 08, 1984",CHI vs. DAL,W,35,10,23,0.435,0,0,,0,0,,4,3,7,2,0,2,2,3,20,,0,Michael Jordan,Regular Season,1984-85
21984,893,0028400228,"Dec 07, 1984",CHI vs. NYK,W,43,8,16,0.5,0,1,0.0,5,7,0.714,1,1,2,3,2,0,6,5,21,,0,Michael Jordan,Regular Season,1984-85
21984,893,0028400214,"Dec 04, 1984",CHI vs. NJN,W,35,7,13,0.538,0,0,,6,6,1.0,1,2,3,6,1,0,3,3,20,,0,Michael Jordan,Regular Season,1984-85
21984,893,0028400206,"Dec 02, 1984",CHI @ LAL,W,42,7,13,0.538,0,0,,6,8,0.75,2,0,2,3,1,1,4,3,20,,0,Michael Jordan,Regular Season,1984-85
21984,893,0028400189,"Nov 30, 1984",CHI @ LAC,W,37,9,15,0.6,0,0,,2,4,0.5,2,3,5,5,3,0,4,4,20,,0,Michael Jordan,Regular Season,1984-85
21984,893,0028400187,"Nov 29, 1984",CHI @ PHX,L,30,9,17,0.529,1,1,1.0,3,4,0.75,1,2,3,2,2,0,2,5,22,,0,Michael Jordan,Regular Season,1984-85
21984,893,0028400171,"Nov 27, 1984",CHI @ GOS,L,24,6,10,0.6,0,0,,1,1,1.0,0,2,2,3,3,2,4,1,13,,0,Michael Jordan,Regular Season,1984-85
21984,893,0028400163,"Nov 24, 1984",CHI @ POR,L,41,10,24,0.417,0,1,0.0,10,10,1.0,3,3,6,8,3,1,4,4,30,,0,Michael Jordan,Regular Season,1984-85
21984,893,0028400149,"Nov 23, 1984",CHI @ SEA,W,30,9,13,0.692,0,0,,5,6,0.833,0,4,4,3,4,1,4,4,23,,0,Michael Jordan,Regular Season,1984-85
21984,893,0028400140,"Nov 21, 1984",CHI @ MIL,L,42,11,22,0.5,0,0,,13,14,0.929,4,9,13,2,2,2,6,3,35,,0,Michael Jordan,Regular Season,1984-85
21984,893,0028400130,"Nov 19, 1984",CHI vs. IND,L,39,11,26,0.423,0,3,0.0,12,16,0.75,2,3,5,2,2,1,3,3,34,,0,Michael Jordan,Regular Season,1984-85
21984,893,0028400121,"Nov 17, 1984",CHI vs. PHL,L,44,4,17,0.235,0,0,,8,8,1.0,0,5,5,7,5,2,4,5,16,,0,Michael Jordan,Regular Season,1984-85
21984,893,0028400108,"Nov 15, 1984",CHI vs. BOS,L,33,12,24,0.5,0,1,0.0,3,3,1.0,0,2,2,2,2,1,1,4,27,,0,Michael Jordan,Regular Season,1984-85
21984,893,0028400097,"Nov 13, 1984",CHI vs. SAN,W,43,18,27,0.667,1,1,1.0,8,11,0.727,2,8,10,4,3,2,4,4,45,,0,Michael Jordan,Regular Season,1984-85
21984,893,0028400083,"Nov 10, 1984",CHI @ IND,W,42,9,22,0.409,0,0,,9,12,0.75,2,7,9,4,2,5,3,4,27,,0,Michael Jordan,Regular Season,1984-85
21984,893,0028400072,"Nov 08, 1984",CHI @ NYK,W,33,15,22,0.682,0,0,,3,4,0.75,4,4,8,5,3,2,5,2,33,,0,Michael Jordan,Regular Season,1984-85
21984,893,0028400065,"Nov 07, 1984",CHI @ DET,W,27,9,19,0.474,0,0,,7,9,0.778,1,3,4,3,3,1,5,5,25,,0,Michael Jordan,Regular Season,1984-85
21984,893,0028400035,"Nov 01, 1984",CHI @ DEN,L,33,7,15,0.467,0,0,,3,4,0.75,3,2,5,5,1,1,2,4,17,,0,Michael Jordan,Regular Season,1984-85
21984,893,0028400025,"Oct 30, 1984",CHI @ KCK,W,36,8,21,0.381,0,0,,9,9,1.0,2,2,4,5,3,1,6,5,25,,0,Michael Jordan,Regular Season,1984-85
21984,893,0028400019,"Oct 29, 1984",CHI vs. MIL,W,34,13,24,0.542,0,0,,11,13,0.846,2,2,4,5,6,2,3,4,37,,0,Michael Jordan,Regular Season,1984-85
21984,893,0028400013,"Oct 27, 1984",CHI @ MIL,L,34,8,13,0.615,0,0,,5,5,1.0,3,2,5,5,2,1,3,4,21,,0,Michael Jordan,Regular Season,1984-85
21984,893,0028400005,"Oct 26, 1984",CHI vs. WAS,W,40,5,16,0.313,0,0,,6,7,0.857,1,5,6,7,2,4,5,2,16,,0,Michael Jordan,Regular Season,1984-85
41984,893,0048400114,"Apr 26, 1985",CHI vs. MIL,L,42,6,16,0.375,0,2,0.0,17,20,0.85,2,5,7,5,2,3,4,3,29,,0,Michael Jordan,Playoffs,1984-85
41984,893,0048400113,"Apr 24, 1985",CHI vs. MIL,W,42,12,26,0.462,0,1,0.0,11,16,0.688,3,5,8,7,4,1,3,4,35,,0,Michael Jordan,Playoffs,1984-85
41984,893,0048400112,"Apr 21, 1985",CHI @ MIL,L,43,9,17,0.529,1,4,0.25,11,12,0.917,1,3,4,12,2,0,7,5,30,,0,Michael Jordan,Playoffs,1984-85
41984,893,0048400111,"Apr 19, 1985",CHI @ MIL,L,44,7,19,0.368,0,1,0.0,9,10,0.9,1,3,4,10,3,0,1,3,23,,0,Michael Jordan,Playoffs,1984-85
21985,893,0028500939,"Apr 13, 1986",CHI @ CLE,L,29,11,23,0.478,0,2,,7,7,1.0,0,3,3,4,4,0,2,4,29,,0,Michael Jordan,Regular Season,1985-86
21985,893,0028500923,"Apr 11, 1986",CHI vs. WAS,W,37,12,36,0.333,0,1,,7,10,0.7,1,4,5,2,3,1,2,5,31,,0,Michael Jordan,Regular Season,1985-86
21985,893,0028500908,"Apr 08, 1986",CHI @ ATL,L,33,12,25,0.48,0,2,,6,6,1.0,1,5,6,6,2,1,7,2,30,,0,Michael Jordan,Regular Season,1985-86
21985,893,0028500903,"Apr 07, 1986",CHI vs. MIL,W,31,10,18,0.556,1,3,,5,5,1.0,1,4,5,7,1,3,2,3,26,,0,Michael Jordan,Regular Season,1985-86
21985,893,0028500891,"Apr 05, 1986",CHI vs. ATL,W,31,10,21,0.476,2,3,,8,9,0.889,1,2,3,3,1,1,4,1,30,,0,Michael Jordan,Regular Season,1985-86
21985,893,0028500881,"Apr 03, 1986",CHI @ IND,W,28,12,19,0.632,0,0,,2,4,0.5,1,4,5,3,3,2,3,1,26,,0,Michael Jordan,Regular Season,1985-86
21985,893,0028500862,"Apr 01, 1986",CHI @ MIL,L,26,8,16,0.5,0,1,,12,12,1.0,1,4,5,2,1,3,1,2,28,,0,Michael Jordan,Regular Season,1985-86
21985,893,0028500854,"Mar 29, 1986",CHI @ NYK,W,23,10,17,0.588,0,1,,4,6,0.667,1,0,1,1,1,3,4,2,24,,0,Michael Jordan,Regular Season,1985-86
21985,893,0028500846,"Mar 28, 1986",CHI @ NJN,L,22,9,15,0.6,0,0,,4,6,0.667,0,1,1,3,5,0,3,4,22,,0,Michael Jordan,Regular Season,1985-86
21985,893,0028500828,"Mar 25, 1986",CHI vs. NYK,W,19,5,12,0.417,0,1,,9,9,1.0,1,2,3,3,1,0,2,3,19,,0,Michael Jordan,Regular Season,1985-86
21985,893,0028500815,"Mar 22, 1986",CHI @ CLE,L,16,4,13,0.308,0,0,,0,1,0.0,1,0,1,1,0,0,1,2,8,,0,Michael Jordan,Regular Season,1985-86
21985,893,0028500804,"Mar 21, 1986",CHI @ BOS,L,16,7,16,0.438,0,1,,6,7,0.857,2,0,2,1,0,1,1,3,20,,0,Michael Jordan,Regular Season,1985-86
21985,893,0028500796,"Mar 19, 1986",CHI @ PHL,L,15,4,14,0.286,0,2,0.0,4,6,0.667,4,0,4,3,2,2,1,1,12,,0,Michael Jordan,Regular Season,1985-86
21985,893,0028500783,"Mar 17, 1986",CHI @ ATL,L,14,4,16,0.25,0,1,,9,10,0.9,3,1,4,1,7,1,1,0,17,,0,Michael Jordan,Regular Season,1985-86
21985,893,0028500768,"Mar 15, 1986",CHI vs. MIL,L,13,4,7,0.571,0,0,,4,7,0.571,0,1,1,2,1,0,1,2,12,,0,Michael Jordan,Regular Season,1985-86
21985,893,0028500023,"Oct 29, 1985",CHI @ GOS,W,18,6,10,0.6,0,0,,0,0,0.0,0,2,2,2,0,0,1,1,12,,0,Michael Jordan,Regular Season,1985-86
21985,893,0028500014,"Oct 26, 1985",CHI vs. DET,W,41,9,24,0.375,0,0,,15,16,0.938,2,5,7,6,2,3,6,5,33,,0,Michael Jordan,Regular Season,1985-86
21985,893,0028500007,"Oct 25, 1985",CHI vs. CLE,W,39,13,26,0.5,0,0,,3,4,0.75,3,3,6,3,3,0,3,5,29,,0,Michael Jordan,Regular Season,1985-86
41985,893,0048500103,"Apr 22, 1986",CHI vs. BOS,L,39,8,18,0.444,1,1,,2,3,0.667,4,6,10,9,2,1,5,6,19,,0,Michael Jordan,Playoffs,1985-86
41985,893,0048509102,"Apr 20, 1986",CHI @ BOS,L,53,22,41,0.537,0,0,,19,21,0.905,1,4,5,6,3,2,4,4,63,,0,Michael Jordan,Playoffs,1985-86
41985,893,0048500101,"Apr 17, 1986",CHI @ BOS,L,43,18,36,0.5,0,0,,13,15,0.867,0,4,4,2,2,1,5,3,49,,0,Michael Jordan,Playoffs,1985-86
21986,893,0028600927,"Apr 17, 1987",CHI @ BOS,L,25,5,15,0.333,0,0,0.0,7,7,1.0,1,3,4,8,0,2,1,2,17,,0,Michael Jordan,Regular Season,1986-87
21986,893,0028600921,"Apr 16, 1987",CHI vs. ATL,L,41,22,38,0.579,0,3,0.0,17,21,0.81,5,5,10,1,4,1,3,3,61,,0,Michael Jordan,Regular Season,1986-87
21986,893,0028600903,"Apr 13, 1987",CHI @ MIL,W,41,16,31,0.516,0,1,0.0,18,22,0.818,1,8,9,4,4,3,1,5,50,,0,Michael Jordan,Regular Season,1986-87
21986,893,0028600897,"Apr 12, 1987",CHI vs. IND,W,42,19,27,0.704,0,0,0.0,15,18,0.833,2,2,4,8,4,2,3,2,53,,0,Michael Jordan,Regular Season,1986-87
21986,893,0028600886,"Apr 10, 1987",CHI @ PHL,L,50,11,31,0.355,0,1,0.0,12,15,0.8,3,3,6,10,3,1,3,3,34,,0,Michael Jordan,Regular Season,1986-87
21986,893,0028600869,"Apr 07, 1987",CHI vs. DET,W,26,13,21,0.619,0,0,0.0,13,16,0.813,2,3,5,4,4,1,3,0,39,,0,Michael Jordan,Regular Season,1986-87
21986,893,0028600856,"Apr 04, 1987",CHI @ ATL,L,35,9,24,0.375,0,1,0.0,13,13,1.0,5,1,6,7,1,0,1,3,31,,0,Michael Jordan,Regular Season,1986-87
21986,893,0028600848,"Apr 03, 1987",CHI @ WAS,L,45,13,22,0.591,1,2,0.5,5,5,1.0,1,1,2,7,2,1,4,4,32,,0,Michael Jordan,Regular Season,1986-87
21986,893,0028600830,"Apr 01, 1987",CHI @ IND,L,41,10,25,0.4,1,3,0.333,5,6,0.833,2,7,9,7,5,3,3,5,26,,0,Michael Jordan,Regular Season,1986-87
21986,893,0028600827,"Mar 31, 1987",CHI vs. WAS,W,34,12,18,0.667,0,0,0.0,12,14,0.857,0,3,3,4,3,1,4,2,36,,0,Michael Jordan,Regular Season,1986-87
21986,893,0028600816,"Mar 29, 1987",CHI vs. NYK,W,40,13,24,0.542,0,2,0.0,7,9,0.778,0,1,1,8,4,1,1,3,33,,0,Michael Jordan,Regular Season,1986-87
21986,893,0028600805,"Mar 27, 1987",CHI vs. BOS,L,40,9,23,0.391,0,0,0.0,4,5,0.8,3,4,7,7,7,1,3,3,22,,0,Michael Jordan,Regular Season,1986-87
21986,893,0028600797,"Mar 26, 1987",CHI @ NJN,L,43,14,30,0.467,0,0,0.0,12,14,0.857,1,5,6,7,4,1,4,1,40,,0,Michael Jordan,Regular Season,1986-87
21986,893,0028600790,"Mar 24, 1987",CHI vs. PHL,W,44,22,32,0.688,0,1,0.0,12,15,0.8,1,6,7,3,8,0,7,2,56,,0,Michael Jordan,Regular Season,1986-87
21986,893,0028600778,"Mar 22, 1987",CHI @ POR,L,43,14,26,0.538,0,2,0.0,18,20,0.9,0,1,1,6,4,0,7,3,46,,0,Michael Jordan,Regular Season,1986-87
21986,893,0028600774,"Mar 21, 1987",CHI @ SAC,W,44,13,25,0.52,0,1,0.0,14,15,0.933,1,2,3,5,4,0,7,2,40,,0,Michael Jordan,Regular Season,1986-87
21986,893,0028600757,"Mar 19, 1987",CHI @ LAC,W,41,14,23,0.609,1,1,1.0,11,11,1.0,3,4,7,3,2,4,2,4,40,,0,Michael Jordan,Regular Season,1986-87
21986,893,0028600744,"Mar 17, 1987",CHI @ DAL,L,42,7,21,0.333,1,2,0.5,6,7,0.857,0,3,3,9,0,0,3,3,21,,0,Michael Jordan,Regular Season,1986-87
21986,893,0028600739,"Mar 16, 1987",CHI @ HOU,L,43,15,28,0.536,0,1,0.0,14,14,1.0,1,3,4,5,4,0,4,5,44,,0,Michael Jordan,Regular Season,1986-87
21986,893,0028600728,"Mar 14, 1987",CHI @ WAS,L,47,5,20,0.25,0,0,0.0,3,3,1.0,1,6,7,8,4,2,7,0,13,,0,Michael Jordan,Regular Season,1986-87
21986,893,0028600722,"Mar 13, 1987",CHI vs. DET,L,36,7,22,0.318,0,0,0.0,10,13,0.769,1,3,4,3,0,0,2,2,24,,0,Michael Jordan,Regular Season,1986-87
21986,893,0028600714,"Mar 11, 1987",CHI @ PHL,L,44,19,34,0.559,1,1,1.0,10,11,0.909,4,4,8,7,2,4,6,4,49,,0,Michael Jordan,Regular Season,1986-87
21986,893,0028600699,"Mar 09, 1987",CHI @ ATL,L,42,12,26,0.462,0,1,0.0,7,10,0.7,2,5,7,8,3,1,3,2,31,,0,Michael Jordan,Regular Season,1986-87
21986,893,0028600695,"Mar 08, 1987",CHI vs. DAL,W,44,11,28,0.393,0,1,0.0,11,12,0.917,3,3,6,4,5,3,1,2,33,,0,Michael Jordan,Regular Season,1986-87
21986,893,0028600682,"Mar 06, 1987",CHI vs. NYK,L,39,10,24,0.417,0,0,0.0,7,9,0.778,3,5,8,5,8,3,4,2,27,,0,Michael Jordan,Regular Season,1986-87
21986,893,0028600668,"Mar 04, 1987",CHI @ DET,W,43,22,39,0.564,0,0,0.0,17,18,0.944,3,4,7,3,3,3,5,0,61,,0,Michael Jordan,Regular Season,1986-87
21986,893,0028600664,"Mar 03, 1987",CHI vs. LAC,W,28,11,17,0.647,0,0,0.0,8,9,0.889,0,3,3,8,3,2,2,1,30,,0,Michael Jordan,Regular Season,1986-87
21986,893,0028600653,"Mar 01, 1987",CHI @ NJN,L,39,10,23,0.435,0,1,0.0,10,12,0.833,3,1,4,4,3,2,7,4,30,,0,Michael Jordan,Regular Season,1986-87
21986,893,0028600649,"Feb 28, 1987",CHI vs. MIL,W,38,11,28,0.393,0,1,0.0,15,17,0.882,3,3,6,2,3,1,3,4,37,,0,Michael Jordan,Regular Season,1986-87
21986,893,0028600639,"Feb 26, 1987",CHI vs. NJN,W,37,16,25,0.64,0,0,0.0,26,27,0.963,1,7,8,3,3,2,3,4,58,,0,Michael Jordan,Regular Season,1986-87
21986,893,0028600624,"Feb 24, 1987",CHI vs. ATL,W,42,10,22,0.455,0,0,0.0,14,18,0.778,3,9,12,2,5,5,2,3,34,,0,Michael Jordan,Regular Season,1986-87
21986,893,0028600614,"Feb 22, 1987",CHI vs. CLE,W,39,16,29,0.552,0,0,0.0,11,15,0.733,2,2,4,6,8,5,4,1,43,,0,Michael Jordan,Regular Season,1986-87
21986,893,0028600600,"Feb 20, 1987",CHI vs. LAL,L,40,11,27,0.407,0,0,0.0,11,12,0.917,2,0,2,5,5,2,2,4,33,,0,Michael Jordan,Regular Season,1986-87
21986,893,0028600580,"Feb 16, 1987",CHI vs. SAC,L,48,13,30,0.433,0,1,0.0,17,18,0.944,1,6,7,6,5,4,7,5,43,,0,Michael Jordan,Regular Season,1986-87
21986,893,0028600566,"Feb 14, 1987",CHI @ NYK,W,37,15,24,0.625,0,1,0.0,3,5,0.6,0,2,2,8,3,3,2,2,33,,0,Michael Jordan,Regular Season,1986-87
21986,893,0028600561,"Feb 13, 1987",CHI vs. SEA,W,41,14,28,0.5,0,0,0.0,17,19,0.895,0,3,3,6,2,2,1,3,45,,0,Michael Jordan,Regular Season,1986-87
21986,893,0028600544,"Feb 10, 1987",CHI vs. PHL,W,41,11,22,0.5,0,0,0.0,7,9,0.778,2,1,3,4,3,1,4,4,29,,0,Michael Jordan,Regular Season,1986-87
21986,893,0028600538,"Feb 05, 1987",CHI @ MIL,L,44,12,24,0.5,0,0,0.0,12,13,0.923,2,5,7,5,2,2,3,2,36,,0,Michael Jordan,Regular Season,1986-87
21986,893,0028600525,"Feb 03, 1987",CHI vs. WAS,W,43,12,28,0.429,0,1,0.0,8,9,0.889,3,3,6,6,0,2,5,3,32,,0,Michael Jordan,Regular Season,1986-87
21986,893,0028600511,"Feb 01, 1987",CHI @ DET,L,44,14,39,0.359,1,5,0.2,9,9,1.0,4,1,5,5,5,0,2,5,38,,0,Michael Jordan,Regular Season,1986-87
21986,893,0028600498,"Jan 30, 1987",CHI @ PHL,L,41,19,35,0.543,0,4,0.0,11,12,0.917,1,1,2,5,3,2,4,4,49,,0,Michael Jordan,Regular Season,1986-87
21986,893,0028600487,"Jan 28, 1987",CHI @ BOS,L,37,11,23,0.478,0,2,0.0,5,8,0.625,1,3,4,4,1,1,6,3,27,,0,Michael Jordan,Regular Season,1986-87
21986,893,0028600478,"Jan 27, 1987",CHI vs. BOS,L,40,13,34,0.382,0,2,0.0,4,6,0.667,1,4,5,6,2,0,5,2,30,,0,Michael Jordan,Regular Season,1986-87
21986,893,0028600468,"Jan 24, 1987",CHI @ CLE,L,27,11,20,0.55,0,0,0.0,5,6,0.833,0,0,0,1,1,0,1,4,27,,0,Michael Jordan,Regular Season,1986-87
21986,893,0028600455,"Jan 23, 1987",CHI vs. CLE,W,37,14,28,0.5,1,1,1.0,6,6,1.0,1,1,2,2,3,0,3,1,35,,0,Michael Jordan,Regular Season,1986-87
21986,893,0028600441,"Jan 20, 1987",CHI vs. MIL,W,39,11,22,0.5,0,0,0.0,9,10,0.9,2,5,7,2,2,1,3,2,31,,0,Michael Jordan,Regular Season,1986-87
21986,893,0028600438,"Jan 19, 1987",CHI @ IND,L,41,11,25,0.44,1,1,1.0,9,11,0.818,4,2,6,3,0,0,5,5,32,,0,Michael Jordan,Regular Season,1986-87
21986,893,0028600427,"Jan 17, 1987",CHI vs. PHL,W,44,17,34,0.5,0,0,0.0,13,14,0.929,5,5,10,6,4,1,4,2,47,,0,Michael Jordan,Regular Season,1986-87
21986,893,0028600414,"Jan 15, 1987",CHI vs. HOU,L,43,17,43,0.395,1,4,0.25,8,9,0.889,1,2,3,3,2,1,2,2,43,,0,Michael Jordan,Regular Season,1986-87
21986,893,0028600383,"Jan 10, 1987",CHI vs. NJN,W,36,8,24,0.333,0,0,0.0,15,15,1.0,1,6,7,5,2,1,4,3,31,,0,Michael Jordan,Regular Season,1986-87
21986,893,0028600370,"Jan 08, 1987",CHI vs. POR,W,43,20,34,0.588,0,0,0.0,13,16,0.813,3,1,4,5,3,2,3,3,53,,0,Michael Jordan,Regular Season,1986-87
21986,893,0028600357,"Jan 06, 1987",CHI @ CLE,W,38,13,23,0.565,0,0,0.0,1,3,0.333,0,2,2,3,2,0,3,5,27,,0,Michael Jordan,Regular Season,1986-87
21986,893,0028600347,"Jan 03, 1987",CHI vs. DET,W,38,16,35,0.457,0,2,0.0,15,17,0.882,1,3,4,2,1,0,1,4,47,,0,Michael Jordan,Regular Season,1986-87
21986,893,0028600343,"Jan 02, 1987",CHI @ BOS,L,40,13,31,0.419,0,1,0.0,8,10,0.8,6,2,8,3,1,0,2,2,34,,0,Michael Jordan,Regular Season,1986-87
21986,893,0028600328,"Dec 30, 1986",CHI vs. GOS,L,40,12,27,0.444,2,3,0.667,5,7,0.714,1,4,5,3,4,0,2,4,31,,0,Michael Jordan,Regular Season,1986-87
21986,893,0028600315,"Dec 27, 1986",CHI vs. IND,W,36,20,29,0.69,0,0,0.0,4,4,1.0,2,2,4,3,0,2,4,1,44,,0,Michael Jordan,Regular Season,1986-87
21986,893,0028600300,"Dec 25, 1986",CHI @ NYK,L,41,10,28,0.357,0,0,0.0,10,12,0.833,1,2,3,5,6,2,6,1,30,,0,Michael Jordan,Regular Season,1986-87
21986,893,0028600295,"Dec 23, 1986",CHI vs. CLE,W,35,18,33,0.545,0,1,0.0,7,7,1.0,4,1,5,6,2,0,3,2,43,,0,Michael Jordan,Regular Season,1986-87
21986,893,0028600283,"Dec 20, 1986",CHI vs. UTH,L,38,10,26,0.385,0,0,0.0,7,8,0.875,0,4,4,7,2,4,5,3,27,,0,Michael Jordan,Regular Season,1986-87
21986,893,0028600267,"Dec 18, 1986",CHI @ IND,W,39,15,27,0.556,0,0,0.0,11,12,0.917,2,1,3,6,0,1,2,2,41,,0,Michael Jordan,Regular Season,1986-87
21986,893,0028600252,"Dec 16, 1986",CHI vs. NJN,W,37,13,29,0.448,0,1,0.0,15,18,0.833,2,3,5,1,0,0,4,5,41,,0,Michael Jordan,Regular Season,1986-87
21986,893,0028600241,"Dec 13, 1986",CHI vs. MIL,L,31,3,17,0.176,0,0,0.0,5,8,0.625,0,4,4,2,0,1,2,2,11,,0,Michael Jordan,Regular Season,1986-87
21986,893,0028600228,"Dec 12, 1986",CHI @ MIL,W,39,16,24,0.667,0,0,0.0,9,11,0.818,0,5,5,3,2,0,2,5,41,,0,Michael Jordan,Regular Season,1986-87
21986,893,0028600216,"Dec 10, 1986",CHI @ ATL,L,39,15,25,0.6,0,0,0.0,11,12,0.917,2,2,4,4,3,0,3,3,41,,0,Michael Jordan,Regular Season,1986-87
21986,893,0028600212,"Dec 09, 1986",CHI vs. DEN,W,42,16,30,0.533,0,0,0.0,8,9,0.889,2,4,6,6,3,4,3,3,40,,0,Michael Jordan,Regular Season,1986-87
21986,893,0028600202,"Dec 06, 1986",CHI @ SAN,L,44,18,38,0.474,0,2,0.0,7,7,1.0,5,0,5,3,1,1,2,4,43,,0,Michael Jordan,Regular Season,1986-87
21986,893,0028600195,"Dec 05, 1986",CHI @ PHX,L,41,15,37,0.405,0,0,0.0,13,17,0.765,2,2,4,2,3,1,1,1,43,,0,Michael Jordan,Regular Season,1986-87
21986,893,0028600184,"Dec 03, 1986",CHI @ UTH,L,40,17,33,0.515,0,2,0.0,11,13,0.846,0,3,3,3,6,1,2,3,45,,0,Michael Jordan,Regular Season,1986-87
21986,893,0028600179,"Dec 02, 1986",CHI @ SEA,W,48,13,30,0.433,0,0,0.0,14,15,0.933,5,4,9,6,3,6,4,3,40,,0,Michael Jordan,Regular Season,1986-87
21986,893,0028600166,"Nov 29, 1986",CHI @ GOS,L,42,11,30,0.367,0,1,0.0,18,19,0.947,3,2,5,6,4,0,2,3,40,,0,Michael Jordan,Regular Season,1986-87
21986,893,0028600156,"Nov 28, 1986",CHI @ LAL,L,45,19,43,0.442,0,1,0.0,3,4,0.75,8,2,10,3,1,1,3,4,41,,0,Michael Jordan,Regular Season,1986-87
21986,893,0028600150,"Nov 26, 1986",CHI @ DEN,L,41,13,31,0.419,0,0,0.0,11,14,0.786,2,7,9,3,1,3,2,5,37,,0,Michael Jordan,Regular Season,1986-87
21986,893,0028600129,"Nov 22, 1986",CHI vs. WAS,W,39,10,26,0.385,0,0,0.0,2,3,0.667,2,7,9,4,3,1,3,3,22,,0,Michael Jordan,Regular Season,1986-87
21986,893,0028600120,"Nov 21, 1986",CHI vs. NYK,W,40,14,26,0.538,0,0,0.0,12,15,0.8,1,5,6,4,3,2,2,2,40,,0,Michael Jordan,Regular Season,1986-87
21986,893,0028600081,"Nov 14, 1986",CHI vs. BOS,L,41,17,33,0.515,1,1,1.0,13,14,0.929,2,3,5,1,2,1,0,3,48,,0,Michael Jordan,Regular Season,1986-87
21986,893,0028600070,"Nov 12, 1986",CHI @ WAS,L,39,9,25,0.36,0,1,0.0,10,12,0.833,0,4,4,4,3,1,4,4,28,,0,Michael Jordan,Regular Season,1986-87
21986,893,0028600065,"Nov 11, 1986",CHI vs. ATL,W,39,14,32,0.438,0,0,0.0,6,6,1.0,4,1,5,3,1,3,5,4,34,,0,Michael Jordan,Regular Season,1986-87
21986,893,0028600056,"Nov 08, 1986",CHI vs. PHX,W,39,17,27,0.63,0,0,0.0,5,5,1.0,3,3,6,3,5,0,3,2,39,,0,Michael Jordan,Regular Season,1986-87
21986,893,0028600044,"Nov 07, 1986",CHI @ DET,L,42,11,26,0.423,0,1,0.0,11,15,0.733,0,0,0,5,1,1,3,4,33,,0,Michael Jordan,Regular Season,1986-87
21986,893,0028600032,"Nov 04, 1986",CHI vs. SAN,W,44,14,31,0.452,0,1,0.0,6,13,0.462,3,5,8,5,4,2,6,2,34,,0,Michael Jordan,Regular Season,1986-87
21986,893,0028600022,"Nov 02, 1986",CHI @ CLE,W,39,16,31,0.516,0,0,0.0,9,12,0.75,6,2,8,2,0,4,3,3,41,,0,Michael Jordan,Regular Season,1986-87
21986,893,0028600014,"Nov 01, 1986",CHI @ NYK,W,41,15,31,0.484,0,0,0.0,20,22,0.909,2,4,6,3,4,3,6,2,50,,0,Michael Jordan,Regular Season,1986-87
41986,893,0048600017,"Apr 28, 1987",CHI vs. BOS,L,39,9,30,0.3,0,1,,12,14,0.857,6,5,11,7,2,1,2,4,30,,0,Michael Jordan,Playoffs,1986-87
41986,893,0048600015,"Apr 26, 1987",CHI @ BOS,L,45,14,29,0.483,2,3,,12,14,0.857,1,3,4,4,0,4,4,3,42,,0,Michael Jordan,Playoffs,1986-87
41986,893,0048600001,"Apr 23, 1987",CHI @ BOS,L,44,12,25,0.48,0,1,,11,11,1.0,0,6,6,7,4,2,2,4,35,,0,Michael Jordan,Playoffs,1986-87
21987,893,0028700940,"Apr 24, 1988",CHI vs. BOS,W,44,16,25,0.64,0,1,0.0,14,15,0.933,0,6,6,6,1,1,3,3,46,,0,Michael Jordan,Regular Season,1987-88
21987,893,0028700928,"Apr 22, 1988",CHI vs. CLE,L,42,12,26,0.462,0,0,0.0,2,2,1.0,1,0,1,7,4,1,2,5,26,,0,Michael Jordan,Regular Season,1987-88
21987,893,0028700919,"Apr 21, 1988",CHI @ BOS,L,41,17,33,0.515,0,2,0.0,5,6,0.833,3,0,3,8,2,1,4,5,39,,0,Michael Jordan,Regular Season,1987-88
21987,893,0028700910,"Apr 19, 1988",CHI @ NYK,W,40,18,27,0.667,0,2,0.0,11,13,0.846,3,2,5,2,2,1,6,4,47,,0,Michael Jordan,Regular Season,1987-88
21987,893,0028700900,"Apr 17, 1988",CHI vs. MIL,W,38,17,29,0.586,0,1,0.0,10,14,0.714,1,2,3,6,4,3,2,4,44,,0,Michael Jordan,Regular Season,1987-88
21987,893,0028700882,"Apr 15, 1988",CHI @ NJN,W,39,11,20,0.55,0,0,0.0,6,8,0.75,0,0,0,4,2,0,3,5,28,,0,Michael Jordan,Regular Season,1987-88
21987,893,0028700879,"Apr 14, 1988",CHI @ IND,W,38,12,28,0.429,0,2,0.0,11,12,0.917,2,4,6,3,3,1,2,3,35,,0,Michael Jordan,Regular Season,1987-88
21987,893,0028700844,"Apr 08, 1988",CHI vs. NYK,W,43,13,24,0.542,0,0,0.0,14,18,0.778,3,3,6,3,8,1,3,4,40,,0,Michael Jordan,Regular Season,1987-88
21987,893,0028700834,"Apr 06, 1988",CHI @ MIL,W,44,12,22,0.545,0,0,0.0,13,13,1.0,1,5,6,6,3,1,5,5,37,,0,Michael Jordan,Regular Season,1987-88
21987,893,0028700821,"Apr 05, 1988",CHI vs. WAS,L,42,12,20,0.6,0,1,0.0,5,8,0.625,1,2,3,1,4,2,6,4,29,,0,Michael Jordan,Regular Season,1987-88
21987,893,0028700815,"Apr 03, 1988",CHI @ DET,W,42,21,27,0.778,0,1,0.0,17,19,0.895,2,2,4,6,2,2,1,4,59,,0,Michael Jordan,Regular Season,1987-88
21987,893,0028700803,"Apr 01, 1988",CHI @ POR,W,42,13,30,0.433,1,2,0.5,11,13,0.846,4,7,11,7,3,0,3,5,38,,0,Michael Jordan,Regular Season,1987-88
21987,893,0028700793,"Mar 30, 1988",CHI @ LAC,W,34,15,25,0.6,0,0,0.0,6,6,1.0,2,4,6,4,6,0,2,3,36,,0,Michael Jordan,Regular Season,1987-88
21987,893,0028700785,"Mar 29, 1988",CHI @ SEA,L,42,8,17,0.471,0,0,0.0,10,12,0.833,1,3,4,4,2,2,6,3,26,,0,Michael Jordan,Regular Season,1987-88
21987,893,0028700775,"Mar 26, 1988",CHI vs. IND,W,42,16,27,0.593,0,2,0.0,6,9,0.667,0,3,3,2,3,4,6,2,38,,0,Michael Jordan,Regular Season,1987-88
21987,893,0028700762,"Mar 25, 1988",CHI @ CLE,W,48,14,29,0.483,0,0,0.0,11,13,0.846,2,6,8,7,2,4,3,3,39,,0,Michael Jordan,Regular Season,1987-88
21987,893,0028700752,"Mar 23, 1988",CHI @ PHL,W,42,20,35,0.571,0,1,0.0,9,12,0.75,5,8,13,2,0,2,0,4,49,,0,Michael Jordan,Regular Season,1987-88
21987,893,0028700736,"Mar 20, 1988",CHI @ BOS,L,39,10,18,0.556,0,0,0.0,6,8,0.75,0,4,4,7,1,1,5,4,26,,0,Michael Jordan,Regular Season,1987-88
21987,893,0028700723,"Mar 18, 1988",CHI vs. BOS,W,42,19,32,0.594,1,2,0.5,11,11,1.0,2,3,5,9,5,1,1,4,50,,0,Michael Jordan,Regular Season,1987-88
21987,893,0028700712,"Mar 16, 1988",CHI @ WAS,L,39,10,23,0.435,0,0,0.0,5,5,1.0,3,1,4,5,0,2,3,2,25,,0,Michael Jordan,Regular Season,1987-88
21987,893,0028700705,"Mar 15, 1988",CHI vs. CLE,W,37,17,29,0.586,0,0,0.0,4,7,0.571,4,2,6,1,2,1,2,2,38,,0,Michael Jordan,Regular Season,1987-88
21987,893,0028700690,"Mar 12, 1988",CHI vs. SAN,W,34,9,22,0.409,0,0,0.0,10,12,0.833,3,4,7,6,0,0,2,2,28,,0,Michael Jordan,Regular Season,1987-88
21987,893,0028700677,"Mar 10, 1988",CHI vs. LAL,W,42,17,34,0.5,0,1,0.0,4,4,1.0,5,4,9,7,3,1,2,2,38,,0,Michael Jordan,Regular Season,1987-88
21987,893,0028700662,"Mar 07, 1988",CHI @ NYK,L,44,12,24,0.5,0,2,0.0,14,16,0.875,1,9,10,3,1,0,4,4,38,,0,Michael Jordan,Regular Season,1987-88
21987,893,0028700652,"Mar 05, 1988",CHI vs. LAC,W,27,9,13,0.692,0,0,0.0,3,4,0.75,0,6,6,4,4,2,2,2,21,,0,Michael Jordan,Regular Season,1987-88
21987,893,0028700638,"Mar 03, 1988",CHI vs. PHL,W,41,15,29,0.517,0,0,0.0,6,9,0.667,0,10,10,7,3,2,5,4,36,,0,Michael Jordan,Regular Season,1987-88
21987,893,0028700620,"Feb 29, 1988",CHI @ PHL,L,46,13,22,0.591,0,0,0.0,9,13,0.692,1,4,5,4,2,0,3,1,35,,0,Michael Jordan,Regular Season,1987-88
21987,893,0028700615,"Feb 27, 1988",CHI vs. MIL,L,44,16,27,0.593,0,0,0.0,6,8,0.75,1,1,2,3,3,3,3,5,38,,0,Michael Jordan,Regular Season,1987-88
21987,893,0028700600,"Feb 26, 1988",CHI vs. POR,L,43,21,34,0.618,0,2,0.0,10,12,0.833,2,6,8,3,2,3,6,5,52,,0,Michael Jordan,Regular Season,1987-88
21987,893,0028700588,"Feb 23, 1988",CHI vs. SEA,W,48,11,29,0.379,0,0,0.0,17,20,0.85,2,7,9,5,4,2,0,4,39,,0,Michael Jordan,Regular Season,1987-88
21987,893,0028700573,"Feb 21, 1988",CHI @ CLE,L,45,16,31,0.516,0,2,0.0,14,15,0.933,1,3,4,9,3,1,3,3,46,,0,Michael Jordan,Regular Season,1987-88
21987,893,0028700568,"Feb 19, 1988",CHI vs. SAC,W,38,19,27,0.704,0,0,0.0,11,14,0.786,2,1,3,3,3,3,5,2,49,,0,Michael Jordan,Regular Season,1987-88
21987,893,0028700539,"Feb 15, 1988",CHI vs. ATL,W,38,13,22,0.591,0,0,0.0,6,8,0.75,3,10,13,8,5,2,2,2,32,,0,Michael Jordan,Regular Season,1987-88
21987,893,0028700529,"Feb 13, 1988",CHI @ DET,L,40,9,22,0.409,0,1,0.0,9,10,0.9,0,2,2,2,3,2,4,0,27,,0,Michael Jordan,Regular Season,1987-88
21987,893,0028700520,"Feb 12, 1988",CHI @ MIL,W,43,9,19,0.474,0,1,0.0,9,10,0.9,0,6,6,8,0,0,3,3,27,,0,Michael Jordan,Regular Season,1987-88
21987,893,0028700512,"Feb 10, 1988",CHI @ NJN,L,37,10,23,0.435,0,2,0.0,14,15,0.933,2,2,4,4,1,3,3,3,34,,0,Michael Jordan,Regular Season,1987-88
21987,893,0028700502,"Feb 09, 1988",CHI vs. DET,L,42,7,22,0.318,0,0,0.0,6,8,0.75,1,6,7,9,4,0,2,4,20,,0,Michael Jordan,Regular Season,1987-88
21987,893,0028700490,"Feb 04, 1988",CHI @ PHX,W,37,14,27,0.519,0,1,0.0,9,11,0.818,1,4,5,8,0,1,0,1,37,,0,Michael Jordan,Regular Season,1987-88
21987,893,0028700480,"Feb 02, 1988",CHI @ LAL,L,40,14,26,0.538,0,0,0.0,11,11,1.0,1,1,2,4,3,1,3,3,39,,0,Michael Jordan,Regular Season,1987-88
21987,893,0028700472,"Feb 01, 1988",CHI @ SAC,L,40,13,31,0.419,0,0,0.0,11,15,0.733,0,5,5,3,5,2,4,4,37,,0,Michael Jordan,Regular Season,1987-88
21987,893,0028700463,"Jan 30, 1988",CHI vs. NYK,W,44,10,17,0.588,0,1,0.0,8,8,1.0,1,4,5,4,2,4,5,3,28,,0,Michael Jordan,Regular Season,1987-88
21987,893,0028700455,"Jan 29, 1988",CHI vs. NJN,W,27,14,18,0.778,0,0,0.0,4,5,0.8,0,1,1,4,10,2,3,1,32,,0,Michael Jordan,Regular Season,1987-88
21987,893,0028700446,"Jan 27, 1988",CHI @ PHL,W,46,12,21,0.571,1,1,1.0,12,12,1.0,2,2,4,7,2,1,2,5,37,,0,Michael Jordan,Regular Season,1987-88
21987,893,0028700440,"Jan 26, 1988",CHI @ IND,L,40,13,26,0.5,1,1,1.0,7,10,0.7,2,5,7,5,2,1,6,5,34,,0,Michael Jordan,Regular Season,1987-88
21987,893,0028700425,"Jan 23, 1988",CHI vs. GOS,W,38,13,19,0.684,0,0,0.0,10,13,0.769,3,4,7,8,3,1,2,5,36,,0,Michael Jordan,Regular Season,1987-88
21987,893,0028700416,"Jan 22, 1988",CHI vs. PHX,W,38,17,25,0.68,0,0,0.0,8,8,1.0,0,4,4,13,4,4,2,2,42,,0,Michael Jordan,Regular Season,1987-88
21987,893,0028700404,"Jan 19, 1988",CHI @ ATL,L,41,14,22,0.636,0,0,0.0,10,10,1.0,0,3,3,4,3,1,2,0,38,,0,Michael Jordan,Regular Season,1987-88
21987,893,0028700400,"Jan 18, 1988",CHI vs. WAS,W,39,13,19,0.684,0,0,0.0,7,10,0.7,0,3,3,7,5,0,2,4,33,,0,Michael Jordan,Regular Season,1987-88
21987,893,0028700390,"Jan 16, 1988",CHI vs. DET,W,38,12,26,0.462,0,0,0.0,12,13,0.923,4,6,10,10,4,4,3,3,36,,0,Michael Jordan,Regular Season,1987-88
21987,893,0028700373,"Jan 14, 1988",CHI @ CLE,L,45,12,24,0.5,0,1,0.0,4,6,0.667,3,1,4,7,1,2,4,3,28,,0,Michael Jordan,Regular Season,1987-88
21987,893,0028700361,"Jan 12, 1988",CHI vs. BOS,L,43,19,35,0.543,0,1,0.0,4,5,0.8,2,2,4,6,3,1,0,0,42,,0,Michael Jordan,Regular Season,1987-88
21987,893,0028700348,"Jan 09, 1988",CHI vs. UTH,W,38,17,23,0.739,0,0,0.0,11,14,0.786,1,2,3,8,4,0,1,3,45,,0,Michael Jordan,Regular Season,1987-88
21987,893,0028700334,"Jan 07, 1988",CHI vs. DEN,W,42,11,22,0.5,0,0,0.0,6,11,0.545,3,6,9,5,6,4,3,2,28,,0,Michael Jordan,Regular Season,1987-88
21987,893,0028700323,"Jan 05, 1988",CHI vs. IND,W,38,12,20,0.6,0,0,0.0,7,8,0.875,6,5,11,9,4,5,2,5,31,,0,Michael Jordan,Regular Season,1987-88
21987,893,0028700305,"Jan 02, 1988",CHI vs. NJN,W,37,9,19,0.474,0,0,0.0,7,7,1.0,3,7,10,10,6,3,1,4,25,,0,Michael Jordan,Regular Season,1987-88
21987,893,0028700291,"Dec 29, 1987",CHI vs. ATL,L,43,16,37,0.432,0,2,0.0,7,9,0.778,6,2,8,6,5,0,2,5,39,,0,Michael Jordan,Regular Season,1987-88
21987,893,0028700274,"Dec 26, 1987",CHI @ IND,L,34,6,22,0.273,0,0,0.0,5,6,0.833,2,4,6,6,0,2,5,3,17,,0,Michael Jordan,Regular Season,1987-88
21987,893,0028700263,"Dec 23, 1987",CHI @ NYK,L,39,5,15,0.333,0,0,0.0,6,9,0.667,1,4,5,2,3,0,2,3,16,,0,Michael Jordan,Regular Season,1987-88
21987,893,0028700260,"Dec 22, 1987",CHI vs. DAL,L,41,11,20,0.55,0,1,0.0,6,7,0.857,4,2,6,7,4,2,4,4,28,,0,Michael Jordan,Regular Season,1987-88
21987,893,0028700245,"Dec 19, 1987",CHI @ WAS,L,43,12,23,0.522,0,0,0.0,6,8,0.75,0,2,2,7,3,2,2,3,30,,0,Michael Jordan,Regular Season,1987-88
21987,893,0028700229,"Dec 17, 1987",CHI vs. CLE,W,41,20,31,0.645,0,0,0.0,12,12,1.0,0,3,3,6,4,1,2,2,52,,0,Michael Jordan,Regular Season,1987-88
21987,893,0028700219,"Dec 15, 1987",CHI @ DET,L,50,12,26,0.462,1,2,0.5,13,16,0.813,3,5,8,12,3,1,2,6,38,,0,Michael Jordan,Regular Season,1987-88
21987,893,0028700204,"Dec 12, 1987",CHI vs. HOU,W,40,16,28,0.571,0,0,0.0,12,12,1.0,0,3,3,9,5,5,3,3,44,,0,Michael Jordan,Regular Season,1987-88
21987,893,0028700194,"Dec 10, 1987",CHI vs. MIL,W,40,11,18,0.611,0,0,0.0,10,11,0.909,1,6,7,4,3,1,3,2,32,,0,Michael Jordan,Regular Season,1987-88
21987,893,0028700179,"Dec 08, 1987",CHI vs. PHL,L,42,14,26,0.538,0,1,0.0,5,6,0.833,1,4,5,10,3,3,7,4,33,,0,Michael Jordan,Regular Season,1987-88
21987,893,0028700173,"Dec 05, 1987",CHI @ SAN,L,40,15,22,0.682,0,2,0.0,10,12,0.833,1,1,2,8,1,0,6,3,40,,0,Michael Jordan,Regular Season,1987-88
21987,893,0028700160,"Dec 04, 1987",CHI @ DEN,L,35,9,15,0.6,1,1,1.0,4,5,0.8,1,3,4,5,4,0,4,4,23,,0,Michael Jordan,Regular Season,1987-88
21987,893,0028700155,"Dec 02, 1987",CHI @ UTH,W,39,17,27,0.63,0,0,0.0,13,16,0.813,2,2,4,9,3,3,2,4,47,,0,Michael Jordan,Regular Season,1987-88
21987,893,0028700143,"Dec 01, 1987",CHI @ GOS,W,40,6,15,0.4,0,0,0.0,4,6,0.667,0,6,6,9,3,1,3,2,16,,0,Michael Jordan,Regular Season,1987-88
21987,893,0028700133,"Nov 28, 1987",CHI @ HOU,W,41,12,22,0.545,0,1,0.0,10,10,1.0,3,4,7,6,4,2,7,4,34,,0,Michael Jordan,Regular Season,1987-88
21987,893,0028700126,"Nov 27, 1987",CHI @ DAL,L,45,8,20,0.4,0,1,0.0,9,9,1.0,1,5,6,9,3,1,3,2,25,,0,Michael Jordan,Regular Season,1987-88
21987,893,0028700116,"Nov 25, 1987",CHI @ MIL,W,39,13,24,0.542,0,1,0.0,7,8,0.875,1,2,3,6,3,1,1,5,33,,0,Michael Jordan,Regular Season,1987-88
21987,893,0028700104,"Nov 23, 1987",CHI @ BOS,W,41,12,26,0.462,0,0,0.0,7,10,0.7,4,6,10,3,4,0,5,5,31,,0,Michael Jordan,Regular Season,1987-88
21987,893,0028700101,"Nov 21, 1987",CHI vs. DET,L,44,17,38,0.447,0,2,0.0,15,17,0.882,2,4,6,8,6,1,4,6,49,,0,Michael Jordan,Regular Season,1987-88
21987,893,0028700092,"Nov 20, 1987",CHI vs. ATL,W,40,10,22,0.455,0,0,0.0,13,14,0.929,0,7,7,7,4,4,2,3,33,,0,Michael Jordan,Regular Season,1987-88
21987,893,0028700079,"Nov 18, 1987",CHI @ WAS,W,40,9,21,0.429,0,1,0.0,12,12,1.0,1,2,3,8,3,1,2,3,30,,0,Michael Jordan,Regular Season,1987-88
21987,893,0028700070,"Nov 17, 1987",CHI vs. WAS,W,36,10,18,0.556,0,0,0.0,6,6,1.0,0,3,3,7,2,1,3,3,26,,0,Michael Jordan,Regular Season,1987-88
21987,893,0028700051,"Nov 14, 1987",CHI vs. IND,L,40,14,29,0.483,0,0,0.0,9,11,0.818,3,2,5,5,4,1,3,3,37,,0,Michael Jordan,Regular Season,1987-88
21987,893,0028700045,"Nov 13, 1987",CHI vs. NJN,W,35,10,19,0.526,0,0,0.0,16,17,0.941,3,4,7,5,6,1,3,1,36,,0,Michael Jordan,Regular Season,1987-88
21987,893,0028700039,"Nov 11, 1987",CHI @ NJN,W,40,10,20,0.5,0,1,0.0,11,13,0.846,1,2,3,4,2,0,5,4,31,,0,Michael Jordan,Regular Season,1987-88
21987,893,0028700029,"Nov 10, 1987",CHI @ ATL,W,42,11,23,0.478,1,3,0.333,6,9,0.667,0,6,6,7,1,1,3,3,29,,0,Michael Jordan,Regular Season,1987-88
21987,893,0028700016,"Nov 07, 1987",CHI vs. PHL,W,38,15,25,0.6,0,0,0.0,6,10,0.6,2,3,5,3,6,4,2,3,36,,0,Michael Jordan,Regular Season,1987-88
41987,893,0048700055,"May 18, 1988",CHI @ DET,L,43,10,22,0.455,1,2,,4,7,0.571,2,6,8,8,2,0,3,4,25,,0,Michael Jordan,Playoffs,1987-88
41987,893,0048700048,"May 15, 1988",CHI vs. DET,L,45,11,22,0.5,0,0,,1,2,0.5,2,5,7,5,6,0,3,0,23,,0,Michael Jordan,Playoffs,1987-88
41987,893,0048700044,"May 14, 1988",CHI vs. DET,L,38,8,20,0.4,0,0,,8,9,0.889,1,6,7,3,1,1,5,3,24,,0,Michael Jordan,Playoffs,1987-88
41987,893,0048700042,"May 12, 1988",CHI @ DET,W,44,14,22,0.636,0,0,,8,10,0.8,4,7,11,1,1,1,2,5,36,,0,Michael Jordan,Playoffs,1987-88
41987,893,0048700038,"May 10, 1988",CHI @ DET,L,40,10,22,0.455,0,1,,9,10,0.9,5,6,11,6,0,1,5,4,29,,0,Michael Jordan,Playoffs,1987-88
41987,893,0048700034,"May 08, 1988",CHI vs. CLE,W,43,12,22,0.545,0,0,,15,18,0.833,1,3,4,6,2,2,7,4,39,,0,Michael Jordan,Playoffs,1987-88
41987,893,0048700027,"May 05, 1988",CHI @ CLE,L,42,18,25,0.72,0,0,,8,9,0.889,2,3,5,4,4,2,4,6,44,,0,Michael Jordan,Playoffs,1987-88
41987,893,0048700018,"May 03, 1988",CHI @ CLE,L,44,12,25,0.48,0,0,,14,15,0.933,2,3,5,9,2,1,4,5,38,,0,Michael Jordan,Playoffs,1987-88
41987,893,0048700012,"May 01, 1988",CHI vs. CLE,W,44,24,45,0.533,0,0,,7,7,1.0,3,3,6,3,4,1,1,4,55,,0,Michael Jordan,Playoffs,1987-88
41987,893,0048700004,"Apr 28, 1988",CHI vs. CLE,W,44,19,35,0.543,0,0,,12,12,1.0,1,6,7,2,2,2,5,3,50,,0,Michael Jordan,Playoffs,1987-88
21988,893,0028801020,"Apr 23, 1989",CHI vs. CLE,L,35,9,19,0.474,0,2,0.0,7,8,0.875,3,2,5,3,1,0,3,3,25,,0,Michael Jordan,Regular Season,1988-89
21988,893,0028801004,"Apr 21, 1989",CHI vs. WAS,W,42,13,31,0.419,0,0,0.0,8,11,0.727,6,8,14,11,2,1,1,1,34,,0,Michael Jordan,Regular Season,1988-89
21988,893,0028800998,"Apr 20, 1989",CHI @ WAS,L,39,9,20,0.45,0,0,0.0,12,13,0.923,2,3,5,4,1,1,6,4,30,,0,Michael Jordan,Regular Season,1988-89
21988,893,0028800983,"Apr 17, 1989",CHI vs. NYK,W,42,11,21,0.524,1,3,0.333,11,13,0.846,1,10,11,9,2,3,5,3,34,,0,Michael Jordan,Regular Season,1988-89
21988,893,0028800974,"Apr 16, 1989",CHI @ CLE,L,27,8,14,0.571,0,1,0.0,6,6,1.0,0,3,3,3,2,1,5,2,22,,0,Michael Jordan,Regular Season,1988-89
21988,893,0028800958,"Apr 14, 1989",CHI @ NJN,L,38,12,27,0.444,0,1,0.0,5,7,0.714,2,8,10,12,3,2,4,2,29,,0,Michael Jordan,Regular Season,1988-89
21988,893,0028800956,"Apr 13, 1989",CHI @ IND,L,46,17,30,0.567,0,1,0.0,13,14,0.929,2,9,11,13,4,2,4,3,47,,0,Michael Jordan,Regular Season,1988-89
21988,893,0028800931,"Apr 09, 1989",CHI @ ATL,L,43,13,29,0.448,0,3,0.0,14,14,1.0,4,6,10,12,1,0,2,3,40,,0,Michael Jordan,Regular Season,1988-89
21988,893,0028800920,"Apr 07, 1989",CHI vs. DET,L,42,11,18,0.611,0,0,0.0,18,21,0.857,1,6,7,11,2,0,1,6,40,,0,Michael Jordan,Regular Season,1988-89
21988,893,0028800907,"Apr 06, 1989",CHI @ DET,L,43,11,23,0.478,1,5,0.2,8,8,1.0,2,11,13,10,2,0,2,2,31,,0,Michael Jordan,Regular Season,1988-89
21988,893,0028800893,"Apr 04, 1989",CHI vs. CHH,W,40,10,15,0.667,0,2,0.0,13,15,0.867,4,6,10,12,6,1,3,1,33,,0,Michael Jordan,Regular Season,1988-89
21988,893,0028800884,"Apr 02, 1989",CHI vs. NJN,W,39,11,23,0.478,0,1,0.0,5,5,1.0,5,9,14,12,2,2,3,2,27,,0,Michael Jordan,Regular Season,1988-89
21988,893,0028800871,"Mar 31, 1989",CHI vs. CLE,L,43,15,29,0.517,1,2,0.5,6,7,0.857,2,8,10,10,3,1,3,4,37,,0,Michael Jordan,Regular Season,1988-89
21988,893,0028800864,"Mar 29, 1989",CHI @ MIL,W,43,9,19,0.474,0,1,0.0,14,16,0.875,1,9,10,10,2,1,4,4,32,,0,Michael Jordan,Regular Season,1988-89
21988,893,0028800856,"Mar 28, 1989",CHI vs. GOS,W,40,13,24,0.542,0,1,0.0,7,9,0.778,1,11,12,11,4,0,5,4,33,,0,Michael Jordan,Regular Season,1988-89
21988,893,0028800841,"Mar 25, 1989",CHI @ SEA,W,40,8,18,0.444,0,0,0.0,5,5,1.0,1,11,12,12,3,0,6,3,21,,0,Michael Jordan,Regular Season,1988-89
21988,893,0028800827,"Mar 24, 1989",CHI @ POR,W,40,10,20,0.5,1,3,0.333,13,16,0.813,3,4,7,17,6,0,7,4,34,,0,Michael Jordan,Regular Season,1988-89
21988,893,0028800816,"Mar 22, 1989",CHI @ PHX,W,37,10,20,0.5,0,0,0.0,12,12,1.0,0,10,10,9,1,0,3,5,32,,0,Michael Jordan,Regular Season,1988-89
21988,893,0028800814,"Mar 21, 1989",CHI @ LAL,W,43,7,20,0.35,0,0,0.0,7,8,0.875,1,7,8,16,1,0,5,3,21,,0,Michael Jordan,Regular Season,1988-89
21988,893,0028800791,"Mar 18, 1989",CHI @ IND,L,44,11,24,0.458,0,1,0.0,6,7,0.857,0,6,6,10,0,1,2,1,28,,0,Michael Jordan,Regular Season,1988-89
21988,893,0028800782,"Mar 17, 1989",CHI vs. NYK,W,41,9,16,0.563,2,2,1.0,13,14,0.929,1,4,5,9,4,1,4,5,33,,0,Michael Jordan,Regular Season,1988-89
21988,893,0028800774,"Mar 15, 1989",CHI @ CLE,L,38,12,22,0.545,0,0,0.0,4,5,0.8,1,5,6,12,3,0,8,3,28,,0,Michael Jordan,Regular Season,1988-89
21988,893,0028800756,"Mar 13, 1989",CHI vs. IND,W,30,7,15,0.467,3,4,0.75,4,4,1.0,3,11,14,14,3,2,1,0,21,,0,Michael Jordan,Regular Season,1988-89
21988,893,0028800747,"Mar 11, 1989",CHI vs. SEA,W,40,8,13,0.615,0,0,0.0,2,2,1.0,1,7,8,15,1,3,3,3,18,,0,Michael Jordan,Regular Season,1988-89
21988,893,0028800718,"Mar 07, 1989",CHI vs. PHL,L,39,15,27,0.556,0,0,0.0,4,5,0.8,3,8,11,4,3,0,2,2,34,,0,Michael Jordan,Regular Season,1988-89
21988,893,0028800707,"Mar 04, 1989",CHI @ NYK,L,42,10,16,0.625,0,0,0.0,8,8,1.0,1,2,3,10,2,0,4,4,28,,0,Michael Jordan,Regular Season,1988-89
21988,893,0028800697,"Mar 03, 1989",CHI vs. MIL,W,41,10,18,0.556,1,1,1.0,7,11,0.636,2,6,8,9,2,1,6,4,28,,0,Michael Jordan,Regular Season,1988-89
21988,893,0028800674,"Feb 28, 1989",CHI vs. SAN,W,34,11,16,0.688,0,0,0.0,2,2,1.0,4,2,6,8,2,1,4,1,24,,0,Michael Jordan,Regular Season,1988-89
21988,893,0028800659,"Feb 25, 1989",CHI @ ATL,L,30,7,12,0.583,0,0,0.0,4,5,0.8,1,4,5,3,3,0,4,3,18,,0,Michael Jordan,Regular Season,1988-89
21988,893,0028800646,"Feb 24, 1989",CHI vs. HOU,W,38,10,18,0.556,0,0,0.0,13,15,0.867,0,4,4,8,4,0,2,2,33,,0,Michael Jordan,Regular Season,1988-89
21988,893,0028800640,"Feb 22, 1989",CHI @ CHH,W,37,10,14,0.714,0,1,0.0,4,5,0.8,0,4,4,5,1,0,6,4,24,,0,Michael Jordan,Regular Season,1988-89
21988,893,0028800621,"Feb 20, 1989",CHI vs. POR,W,36,13,22,0.591,0,0,0.0,7,8,0.875,2,4,6,7,1,0,4,3,33,,0,Michael Jordan,Regular Season,1988-89
21988,893,0028800620,"Feb 19, 1989",CHI @ MIL,W,40,9,19,0.474,0,0,0.0,5,6,0.833,0,3,3,9,2,3,7,4,23,,0,Michael Jordan,Regular Season,1988-89
21988,893,0028800597,"Feb 16, 1989",CHI vs. MIL,W,40,16,26,0.615,1,2,0.5,17,18,0.944,2,6,8,5,3,0,4,4,50,,0,Michael Jordan,Regular Season,1988-89
21988,893,0028800580,"Feb 14, 1989",CHI vs. ATL,L,36,11,14,0.786,1,1,1.0,9,16,0.563,2,3,5,3,3,1,3,4,32,,0,Michael Jordan,Regular Season,1988-89
21988,893,0028800571,"Feb 09, 1989",CHI @ SAN,W,43,9,20,0.45,0,0,0.0,5,8,0.625,3,3,6,9,2,1,6,2,23,,0,Michael Jordan,Regular Season,1988-89
21988,893,0028800561,"Feb 07, 1989",CHI vs. CHH,W,32,11,20,0.55,1,2,0.5,9,10,0.9,2,5,7,5,2,0,3,3,32,,0,Michael Jordan,Regular Season,1988-89
21988,893,0028800554,"Feb 05, 1989",CHI @ DET,L,42,10,18,0.556,1,4,0.25,7,8,0.875,2,4,6,10,1,1,1,3,28,,0,Michael Jordan,Regular Season,1988-89
21988,893,0028800540,"Feb 03, 1989",CHI @ HOU,L,45,10,24,0.417,0,1,0.0,9,12,0.75,2,4,6,10,5,1,3,3,29,,0,Michael Jordan,Regular Season,1988-89
21988,893,0028800530,"Feb 02, 1989",CHI vs. SAC,W,40,15,21,0.714,0,0,0.0,10,12,0.833,1,6,7,8,4,0,6,2,40,,0,Michael Jordan,Regular Season,1988-89
21988,893,0028800519,"Jan 31, 1989",CHI vs. DET,L,41,7,24,0.292,0,1,0.0,7,10,0.7,3,9,12,10,2,1,5,6,21,,0,Michael Jordan,Regular Season,1988-89
21988,893,0028800493,"Jan 27, 1989",CHI vs. WAS,W,39,14,25,0.56,0,0,0.0,5,8,0.625,3,8,11,9,3,1,1,4,33,,0,Michael Jordan,Regular Season,1988-89
21988,893,0028800481,"Jan 25, 1989",CHI @ PHL,L,45,14,25,0.56,0,0,0.0,5,5,1.0,0,6,6,12,2,1,2,5,33,,0,Michael Jordan,Regular Season,1988-89
21988,893,0028800477,"Jan 24, 1989",CHI vs. DAL,W,33,10,20,0.5,0,1,0.0,4,5,0.8,1,2,3,6,3,0,1,1,24,,0,Michael Jordan,Regular Season,1988-89
21988,893,0028800464,"Jan 21, 1989",CHI vs. PHX,L,41,20,28,0.714,0,0,0.0,13,15,0.867,1,13,14,8,2,1,4,4,53,,0,Michael Jordan,Regular Season,1988-89
21988,893,0028800449,"Jan 19, 1989",CHI @ MIA,W,41,14,25,0.56,0,1,0.0,6,8,0.75,3,2,5,7,2,1,1,3,34,,0,Michael Jordan,Regular Season,1988-89
21988,893,0028800438,"Jan 17, 1989",CHI vs. IND,W,44,10,18,0.556,0,1,0.0,2,4,0.5,1,5,6,13,4,1,2,4,22,,0,Michael Jordan,Regular Season,1988-89
21988,893,0028800427,"Jan 15, 1989",CHI vs. BOS,W,41,13,23,0.565,0,3,0.0,16,17,0.941,1,8,9,11,8,0,2,2,42,,0,Michael Jordan,Regular Season,1988-89
21988,893,0028800414,"Jan 13, 1989",CHI vs. DEN,W,46,13,24,0.542,0,1,0.0,12,13,0.923,1,11,12,11,3,0,6,4,38,,0,Michael Jordan,Regular Season,1988-89
21988,893,0028800399,"Jan 11, 1989",CHI @ CHH,W,40,7,15,0.467,0,0,0.0,10,11,0.909,1,3,4,10,3,1,6,4,24,,0,Michael Jordan,Regular Season,1988-89
21988,893,0028800391,"Jan 10, 1989",CHI @ ATL,W,41,17,29,0.586,0,2,0.0,14,16,0.875,4,6,10,9,3,0,4,2,48,,0,Michael Jordan,Regular Season,1988-89
21988,893,0028800370,"Jan 06, 1989",CHI vs. UTH,L,37,12,21,0.571,0,0,0.0,3,5,0.6,1,4,5,4,2,1,2,2,27,,0,Michael Jordan,Regular Season,1988-89
21988,893,0028800361,"Jan 05, 1989",CHI @ CLE,L,41,13,24,0.542,1,2,0.5,5,5,1.0,2,9,11,7,2,0,2,2,32,,0,Michael Jordan,Regular Season,1988-89
21988,893,0028800344,"Jan 03, 1989",CHI vs. LAC,W,47,15,30,0.5,0,3,0.0,11,15,0.733,1,9,10,11,6,0,4,5,41,,0,Michael Jordan,Regular Season,1988-89
21988,893,0028800338,"Dec 30, 1988",CHI @ IND,W,37,13,26,0.5,0,0,0.0,5,5,1.0,2,5,7,4,4,2,2,1,31,,0,Michael Jordan,Regular Season,1988-89
21988,893,0028800327,"Dec 29, 1988",CHI vs. NYK,W,40,14,27,0.519,0,2,0.0,9,12,0.75,1,8,9,3,3,0,3,2,37,,0,Michael Jordan,Regular Season,1988-89
21988,893,0028800317,"Dec 27, 1988",CHI vs. CLE,L,42,18,30,0.6,1,1,1.0,6,6,1.0,3,9,12,4,3,0,4,3,43,,0,Michael Jordan,Regular Season,1988-89
21988,893,0028800298,"Dec 23, 1988",CHI @ CHH,L,41,14,26,0.538,0,0,0.0,5,6,0.833,2,3,5,4,6,0,7,5,33,,0,Michael Jordan,Regular Season,1988-89
21988,893,0028800277,"Dec 20, 1988",CHI vs. LAL,W,39,11,23,0.478,2,3,0.667,18,22,0.818,4,3,7,8,4,0,1,0,42,,0,Michael Jordan,Regular Season,1988-89
21988,893,0028800272,"Dec 17, 1988",CHI @ MIL,W,40,12,25,0.48,0,1,0.0,12,12,1.0,0,6,6,5,3,0,3,2,36,,0,Michael Jordan,Regular Season,1988-89
21988,893,0028800260,"Dec 16, 1988",CHI vs. IND,W,38,10,22,0.455,0,3,0.0,8,9,0.889,3,4,7,7,6,0,2,4,28,,0,Michael Jordan,Regular Season,1988-89
21988,893,0028800240,"Dec 13, 1988",CHI vs. ATL,L,41,11,24,0.458,0,1,0.0,6,6,1.0,2,12,14,6,2,0,1,3,28,,0,Michael Jordan,Regular Season,1988-89
21988,893,0028800228,"Dec 10, 1988",CHI vs. MIA,W,37,14,25,0.56,1,2,0.5,9,10,0.9,2,9,11,4,2,0,1,3,38,,0,Michael Jordan,Regular Season,1988-89
21988,893,0028800216,"Dec 09, 1988",CHI vs. MIL,W,40,10,17,0.588,0,2,0.0,15,17,0.882,3,8,11,5,1,1,5,3,35,,0,Michael Jordan,Regular Season,1988-89
21988,893,0028800204,"Dec 07, 1988",CHI @ DET,L,40,4,16,0.25,0,0,0.0,10,11,0.909,3,4,7,7,1,2,3,1,18,,0,Michael Jordan,Regular Season,1988-89
21988,893,0028800199,"Dec 06, 1988",CHI vs. BOS,W,43,14,20,0.7,0,0,0.0,10,11,0.909,2,7,9,5,5,0,6,4,38,,0,Michael Jordan,Regular Season,1988-89
21988,893,0028800181,"Dec 03, 1988",CHI @ DAL,W,43,16,31,0.516,0,0,0.0,7,8,0.875,3,8,11,6,2,3,2,5,39,,0,Michael Jordan,Regular Season,1988-89
21988,893,0028800160,"Nov 30, 1988",CHI @ UTH,L,39,11,25,0.44,0,1,0.0,11,13,0.846,4,4,8,5,2,1,3,1,33,,0,Michael Jordan,Regular Season,1988-89
21988,893,0028800150,"Nov 29, 1988",CHI @ GOS,L,43,11,24,0.458,0,1,0.0,4,4,1.0,2,8,10,7,4,0,3,3,26,,0,Michael Jordan,Regular Season,1988-89
21988,893,0028800138,"Nov 26, 1988",CHI @ DEN,L,44,19,27,0.704,3,5,0.6,11,14,0.786,2,9,11,7,1,0,6,3,52,,0,Michael Jordan,Regular Season,1988-89
21988,893,0028800123,"Nov 23, 1988",CHI @ LAC,L,41,7,15,0.467,1,2,0.5,11,12,0.917,2,10,12,7,5,4,6,4,26,,0,Michael Jordan,Regular Season,1988-89
21988,893,0028800109,"Nov 22, 1988",CHI @ SAC,W,38,16,20,0.8,0,0,0.0,0,0,0.0,1,10,11,8,1,1,2,3,32,,0,Michael Jordan,Regular Season,1988-89
21988,893,0028800089,"Nov 18, 1988",CHI vs. ATL,W,49,12,21,0.571,0,0,0.0,10,13,0.769,1,8,9,9,1,0,6,4,34,,0,Michael Jordan,Regular Season,1988-89
21988,893,0028800080,"Nov 16, 1988",CHI @ PHL,L,43,24,29,0.828,0,1,0.0,4,4,1.0,3,6,9,1,4,2,4,2,52,,0,Michael Jordan,Regular Season,1988-89
21988,893,0028800067,"Nov 15, 1988",CHI vs. PHL,W,43,14,27,0.519,0,0,0.0,5,6,0.833,1,5,6,6,5,1,3,2,33,,0,Michael Jordan,Regular Season,1988-89
21988,893,0028800060,"Nov 12, 1988",CHI @ NJN,L,43,17,31,0.548,0,3,0.0,8,12,0.667,2,5,7,6,3,1,1,2,42,,0,Michael Jordan,Regular Season,1988-89
21988,893,0028800046,"Nov 11, 1988",CHI vs. NJN,W,41,14,24,0.583,0,1,0.0,8,11,0.727,1,5,6,3,3,4,6,2,36,,0,Michael Jordan,Regular Season,1988-89
21988,893,0028800033,"Nov 09, 1988",CHI @ BOS,W,42,18,33,0.545,2,4,0.5,14,16,0.875,0,3,3,2,9,2,2,4,52,,0,Michael Jordan,Regular Season,1988-89
21988,893,0028800030,"Nov 08, 1988",CHI @ NYK,L,39,13,21,0.619,2,3,0.667,3,3,1.0,2,1,3,9,2,0,4,5,31,,0,Michael Jordan,Regular Season,1988-89
21988,893,0028800022,"Nov 05, 1988",CHI @ WAS,W,39,9,21,0.429,0,0,0.0,11,12,0.917,0,2,2,7,3,0,5,4,29,,0,Michael Jordan,Regular Season,1988-89
21988,893,0028800009,"Nov 04, 1988",CHI vs. DET,L,43,10,19,0.526,0,2,0.0,8,12,0.667,1,4,5,7,5,2,2,5,28,,0,Michael Jordan,Regular Season,1988-89
41988,893,0048800058,"Jun 02, 1989",CHI vs. DET,L,42,13,26,0.5,1,2,0.5,5,12,0.417,0,4,4,13,3,2,8,5,32,,0,Michael Jordan,Playoffs,1988-89
41988,893,0048800057,"May 31, 1989",CHI @ DET,L,46,4,8,0.5,0,1,,10,11,0.909,0,5,5,9,1,0,4,3,18,,0,Michael Jordan,Playoffs,1988-89
41988,893,0048800056,"May 29, 1989",CHI vs. DET,L,43,5,15,0.333,1,3,,12,17,0.706,0,2,2,4,1,0,1,5,23,,0,Michael Jordan,Playoffs,1988-89
41988,893,0048800054,"May 27, 1989",CHI vs. DET,W,45,16,26,0.615,0,3,,14,15,0.933,3,4,7,5,5,0,2,2,46,,0,Michael Jordan,Playoffs,1988-89
41988,893,0048800052,"May 23, 1989",CHI @ DET,L,38,9,20,0.45,0,2,,9,11,0.818,1,3,4,4,2,1,4,5,27,,0,Michael Jordan,Playoffs,1988-89
41988,893,0048800050,"May 21, 1989",CHI @ DET,W,45,10,29,0.345,2,6,0.333,10,13,0.769,2,9,11,4,0,0,3,5,32,,0,Michael Jordan,Playoffs,1988-89
41988,893,0048800048,"May 19, 1989",CHI vs. NYK,W,45,14,22,0.636,1,3,0.333,11,12,0.917,1,4,5,10,0,4,6,3,40,,0,Michael Jordan,Playoffs,1988-89
41988,893,0048800046,"May 16, 1989",CHI @ NYK,L,43,13,30,0.433,1,3,,11,15,0.733,5,3,8,10,5,1,3,2,38,,0,Michael Jordan,Playoffs,1988-89
41988,893,0048800044,"May 14, 1989",CHI vs. NYK,W,42,12,18,0.667,0,1,,23,28,0.821,0,11,11,6,1,2,6,3,47,,0,Michael Jordan,Playoffs,1988-89
41988,893,0048800041,"May 13, 1989",CHI vs. NYK,W,39,14,25,0.56,1,2,,11,13,0.846,2,13,15,9,6,1,3,3,40,,0,Michael Jordan,Playoffs,1988-89
41988,893,0048800037,"May 11, 1989",CHI @ NYK,L,34,7,17,0.412,0,2,,1,4,0.25,2,6,8,3,1,0,1,4,15,,0,Michael Jordan,Playoffs,1988-89
41988,893,0048800032,"May 09, 1989",CHI @ NYK,W,46,11,17,0.647,1,2,,11,11,1.0,2,8,10,12,2,0,6,5,34,,0,Michael Jordan,Playoffs,1988-89
41988,893,0048800031,"May 07, 1989",CHI @ CLE,W,44,17,32,0.531,1,1,,9,13,0.692,3,6,9,6,1,0,2,3,44,,0,Michael Jordan,Playoffs,1988-89
41988,893,0048800026,"May 05, 1989",CHI vs. CLE,L,43,14,28,0.5,0,1,,22,27,0.815,0,3,3,4,3,0,1,6,50,,0,Michael Jordan,Playoffs,1988-89
41988,893,0048800022,"May 03, 1989",CHI vs. CLE,W,39,18,34,0.529,1,1,,7,9,0.778,2,5,7,10,5,1,5,4,44,,0,Michael Jordan,Playoffs,1988-89
41988,893,0048800013,"Apr 30, 1989",CHI @ CLE,L,44,10,22,0.455,0,1,,10,10,1.0,3,2,5,10,2,0,7,2,30,,0,Michael Jordan,Playoffs,1988-89
41988,893,0048800008,"Apr 28, 1989",CHI @ CLE,W,40,12,21,0.571,0,1,,7,8,0.875,0,5,5,11,4,1,6,5,31,,0,Michael Jordan,Playoffs,1988-89
21989,893,0028901100,"Apr 22, 1990",CHI @ DET,L,37,10,23,0.435,1,3,0.333,1,2,0.5,3,7,10,4,2,0,2,3,22,,0,Michael Jordan,Regular Season,1989-90
21989,893,0028901092,"Apr 20, 1990",CHI @ BOS,L,35,21,29,0.724,0,2,0.0,3,3,1.0,1,7,8,9,3,0,3,5,45,,0,Michael Jordan,Regular Season,1989-90
21989,893,0028901082,"Apr 19, 1990",CHI vs. WAS,W,36,12,26,0.462,2,5,0.4,6,6,1.0,3,3,6,7,5,1,3,4,32,,0,Michael Jordan,Regular Season,1989-90
21989,893,0028901065,"Apr 17, 1990",CHI vs. BOS,W,36,13,24,0.542,2,3,0.667,7,8,0.875,1,10,11,6,2,1,6,3,35,,0,Michael Jordan,Regular Season,1989-90
21989,893,0028901056,"Apr 16, 1990",CHI @ IND,L,45,11,24,0.458,0,2,0.0,1,2,0.5,3,4,7,6,4,0,6,5,23,,0,Michael Jordan,Regular Season,1989-90
21989,893,0028901045,"Apr 14, 1990",CHI @ WAS,L,37,10,21,0.476,1,2,0.5,0,1,0.0,1,2,3,5,1,0,2,4,21,,0,Michael Jordan,Regular Season,1989-90
21989,893,0028901042,"Apr 13, 1990",CHI vs. MIL,W,39,10,16,0.625,1,4,0.25,5,6,0.833,1,5,6,10,8,2,4,3,26,,0,Michael Jordan,Regular Season,1989-90
21989,893,0028901025,"Apr 11, 1990",CHI vs. CLE,W,31,9,15,0.6,1,4,0.25,3,4,0.75,1,4,5,7,3,1,2,5,22,,0,Michael Jordan,Regular Season,1989-90
21989,893,0028900998,"Apr 07, 1990",CHI @ DAL,W,40,15,26,0.577,3,5,0.6,10,13,0.769,2,1,3,4,2,1,0,3,43,,0,Michael Jordan,Regular Season,1989-90
21989,893,0028900985,"Apr 05, 1990",CHI vs. ORL,W,39,14,23,0.609,2,6,0.333,8,10,0.8,1,6,7,3,4,1,2,2,38,,0,Michael Jordan,Regular Season,1989-90
21989,893,0028900972,"Apr 03, 1990",CHI vs. IND,W,44,8,19,0.421,1,4,0.25,12,12,1.0,1,3,4,10,0,2,0,4,29,,0,Michael Jordan,Regular Season,1989-90
21989,893,0028900959,"Apr 01, 1990",CHI vs. MIA,W,41,20,29,0.69,1,2,0.5,6,9,0.667,2,4,6,7,3,3,5,2,47,,0,Michael Jordan,Regular Season,1989-90
21989,893,0028900946,"Mar 30, 1990",CHI vs. NYK,W,45,20,34,0.588,1,3,0.333,8,9,0.889,1,11,12,4,5,2,2,3,49,,0,Michael Jordan,Regular Season,1989-90
21989,893,0028900931,"Mar 28, 1990",CHI @ CLE,W,50,23,37,0.622,2,6,0.333,21,23,0.913,7,11,18,6,4,1,2,5,69,,0,Michael Jordan,Regular Season,1989-90
21989,893,0028900923,"Mar 26, 1990",CHI vs. PHX,W,28,14,24,0.583,0,1,0.0,0,0,0.0,4,8,12,5,6,0,2,0,28,,0,Michael Jordan,Regular Season,1989-90
21989,893,0028900910,"Mar 24, 1990",CHI vs. SAC,L,39,16,28,0.571,2,3,0.667,9,10,0.9,1,4,5,6,5,0,1,3,43,,0,Michael Jordan,Regular Season,1989-90
21989,893,0028900900,"Mar 23, 1990",CHI vs. CLE,W,40,18,32,0.563,0,3,0.0,5,6,0.833,2,4,6,5,5,1,3,1,41,,0,Michael Jordan,Regular Season,1989-90
21989,893,0028900889,"Mar 21, 1990",CHI @ ATL,W,38,10,20,0.5,0,2,0.0,7,9,0.778,2,2,4,6,5,0,1,2,27,,0,Michael Jordan,Regular Season,1989-90
21989,893,0028900878,"Mar 20, 1990",CHI vs. WAS,W,39,8,19,0.421,1,2,0.5,4,4,1.0,3,5,8,5,2,2,3,2,21,,0,Michael Jordan,Regular Season,1989-90
21989,893,0028900861,"Mar 17, 1990",CHI vs. PHL,W,39,13,21,0.619,3,6,0.5,3,4,0.75,2,6,8,10,2,1,2,2,32,,0,Michael Jordan,Regular Season,1989-90
21989,893,0028900847,"Mar 16, 1990",CHI vs. DET,L,41,8,17,0.471,3,5,0.6,1,3,0.333,0,8,8,7,1,0,3,3,20,,0,Michael Jordan,Regular Season,1989-90
21989,893,0028900833,"Mar 13, 1990",CHI @ NYK,W,42,11,19,0.579,1,3,0.333,11,12,0.917,2,6,8,7,1,1,4,2,34,,0,Michael Jordan,Regular Season,1989-90
21989,893,0028900809,"Mar 10, 1990",CHI vs. IND,W,39,17,27,0.63,1,2,0.5,10,10,1.0,2,5,7,3,5,1,2,5,45,,0,Michael Jordan,Regular Season,1989-90
21989,893,0028900796,"Mar 08, 1990",CHI vs. UTH,L,47,12,29,0.414,0,6,0.0,19,22,0.864,5,2,7,4,7,0,3,5,43,,0,Michael Jordan,Regular Season,1989-90
21989,893,0028900782,"Mar 06, 1990",CHI @ MIL,W,37,14,26,0.538,2,4,0.5,5,6,0.833,2,6,8,6,4,0,2,5,35,,0,Michael Jordan,Regular Season,1989-90
21989,893,0028900772,"Mar 04, 1990",CHI @ BOS,W,40,11,23,0.478,1,1,1.0,13,15,0.867,0,6,6,11,4,0,2,4,36,,0,Michael Jordan,Regular Season,1989-90
21989,893,0028900760,"Mar 02, 1990",CHI vs. NJN,W,31,8,12,0.667,2,4,0.5,5,6,0.833,0,4,4,4,1,2,0,2,23,,0,Michael Jordan,Regular Season,1989-90
21989,893,0028900740,"Feb 27, 1990",CHI vs. MIL,W,41,13,25,0.52,0,1,0.0,17,19,0.895,2,4,6,6,3,0,3,4,43,,0,Michael Jordan,Regular Season,1989-90
21989,893,0028900720,"Feb 25, 1990",CHI @ NJN,W,44,12,24,0.5,0,1,0.0,8,9,0.889,1,7,8,8,2,2,5,4,32,,0,Michael Jordan,Regular Season,1989-90
21989,893,0028900710,"Feb 23, 1990",CHI vs. POR,W,35,12,25,0.48,2,2,1.0,9,10,0.9,2,8,10,10,1,0,6,4,35,,0,Michael Jordan,Regular Season,1989-90
21989,893,0028900680,"Feb 19, 1990",CHI vs. HOU,W,42,11,25,0.44,0,0,0.0,8,9,0.889,2,4,6,9,2,0,5,3,30,,0,Michael Jordan,Regular Season,1989-90
21989,893,0028900675,"Feb 18, 1990",CHI @ MIL,W,36,15,26,0.577,0,2,0.0,9,10,0.9,1,2,3,4,2,1,0,4,39,,0,Michael Jordan,Regular Season,1989-90
21989,893,0028900658,"Feb 16, 1990",CHI vs. MIA,W,31,10,14,0.714,1,2,0.5,5,6,0.833,0,3,3,4,2,0,5,2,26,,0,Michael Jordan,Regular Season,1989-90
21989,893,0028900648,"Feb 14, 1990",CHI @ ORL,L,47,21,43,0.488,0,2,0.0,7,10,0.7,1,6,7,2,0,1,0,1,49,,0,Michael Jordan,Regular Season,1989-90
21989,893,0028900641,"Feb 13, 1990",CHI @ MIA,W,40,8,16,0.5,0,1,0.0,10,11,0.909,1,3,4,6,3,0,3,4,26,,0,Michael Jordan,Regular Season,1989-90
21989,893,0028900625,"Feb 08, 1990",CHI @ DEN,L,37,5,18,0.278,1,2,0.5,4,6,0.667,0,1,1,8,1,1,4,2,15,,0,Michael Jordan,Regular Season,1989-90
21989,893,0028900619,"Feb 07, 1990",CHI @ LAL,L,40,12,21,0.571,0,1,0.0,8,12,0.667,0,4,4,4,0,1,8,3,32,,0,Michael Jordan,Regular Season,1989-90
21989,893,0028900593,"Feb 03, 1990",CHI @ SAN,L,46,17,32,0.531,2,4,0.5,8,8,1.0,3,0,3,5,2,0,3,3,44,,0,Michael Jordan,Regular Season,1989-90
21989,893,0028900579,"Feb 01, 1990",CHI @ HOU,L,38,16,31,0.516,0,2,0.0,3,4,0.75,2,4,6,5,2,0,3,0,35,,0,Michael Jordan,Regular Season,1989-90
21989,893,0028900558,"Jan 29, 1990",CHI vs. ATL,W,30,7,14,0.5,0,2,0.0,2,3,0.667,2,5,7,9,1,1,4,2,16,,0,Michael Jordan,Regular Season,1989-90
21989,893,0028900556,"Jan 27, 1990",CHI vs. NJN,W,35,15,25,0.6,1,3,0.333,8,8,1.0,2,5,7,4,4,0,3,3,39,,0,Michael Jordan,Regular Season,1989-90
21989,893,0028900538,"Jan 26, 1990",CHI @ PHL,L,42,12,27,0.444,0,2,0.0,7,9,0.778,2,3,5,11,2,0,1,3,31,,0,Michael Jordan,Regular Season,1989-90
21989,893,0028900521,"Jan 23, 1990",CHI vs. DET,L,45,11,31,0.355,1,6,0.167,9,11,0.818,2,4,6,2,2,1,4,5,32,,0,Michael Jordan,Regular Season,1989-90
21989,893,0028900510,"Jan 21, 1990",CHI vs. NYK,W,41,10,17,0.588,4,5,0.8,18,20,0.9,1,9,10,7,4,2,4,4,42,,0,Michael Jordan,Regular Season,1989-90
21989,893,0028900492,"Jan 19, 1990",CHI @ ATL,W,40,12,24,0.5,0,3,0.0,12,16,0.75,3,6,9,3,7,0,7,1,36,,0,Michael Jordan,Regular Season,1989-90
21989,893,0028900491,"Jan 18, 1990",CHI vs. GOS,W,33,17,30,0.567,7,12,0.583,3,3,1.0,3,9,12,8,1,2,2,3,44,,0,Michael Jordan,Regular Season,1989-90
21989,893,0028900471,"Jan 15, 1990",CHI @ NYK,L,42,9,24,0.375,0,2,0.0,8,9,0.889,1,3,4,8,3,0,5,3,26,,0,Michael Jordan,Regular Season,1989-90
21989,893,0028900464,"Jan 13, 1990",CHI vs. LAC,W,34,11,21,0.524,2,4,0.5,4,6,0.667,0,5,5,10,4,0,0,1,28,,0,Michael Jordan,Regular Season,1989-90
21989,893,0028900448,"Jan 12, 1990",CHI @ CHH,W,40,19,28,0.679,0,1,0.0,7,9,0.778,2,2,4,6,1,0,2,4,45,,0,Michael Jordan,Regular Season,1989-90
21989,893,0028900434,"Jan 10, 1990",CHI @ IND,L,42,13,30,0.433,1,3,0.333,8,8,1.0,2,5,7,5,2,1,2,0,35,,0,Michael Jordan,Regular Season,1989-90
21989,893,0028900425,"Jan 09, 1990",CHI @ DET,L,34,6,17,0.353,1,3,0.333,3,4,0.75,3,5,8,5,2,1,4,2,16,,0,Michael Jordan,Regular Season,1989-90
21989,893,0028900410,"Jan 06, 1990",CHI @ MIL,L,41,13,23,0.565,3,7,0.429,6,7,0.857,1,8,9,5,5,1,6,3,35,,0,Michael Jordan,Regular Season,1989-90
21989,893,0028900402,"Jan 05, 1990",CHI vs. ORL,W,41,19,31,0.613,2,5,0.4,3,3,1.0,0,4,4,6,4,0,3,4,43,,0,Michael Jordan,Regular Season,1989-90
21989,893,0028900386,"Jan 03, 1990",CHI @ CLE,W,46,15,32,0.469,0,3,0.0,8,9,0.889,1,7,8,8,4,0,1,4,38,,0,Michael Jordan,Regular Season,1989-90
21989,893,0028900373,"Dec 30, 1989",CHI @ WAS,W,43,13,26,0.5,0,2,0.0,2,2,1.0,1,6,7,10,4,3,3,4,28,,0,Michael Jordan,Regular Season,1989-90
21989,893,0028900359,"Dec 29, 1989",CHI vs. SAN,W,42,10,26,0.385,1,2,0.5,13,15,0.867,1,4,5,7,3,0,4,4,34,,0,Michael Jordan,Regular Season,1989-90
21989,893,0028900339,"Dec 26, 1989",CHI vs. MIN,W,35,12,17,0.706,3,5,0.6,1,2,0.5,1,1,2,4,4,1,3,4,28,,0,Michael Jordan,Regular Season,1989-90
21989,893,0028900329,"Dec 23, 1989",CHI @ PHL,L,30,5,13,0.385,0,1,0.0,6,6,1.0,1,3,4,6,2,0,4,2,16,,0,Michael Jordan,Regular Season,1989-90
21989,893,0028900314,"Dec 22, 1989",CHI @ ATL,W,32,10,17,0.588,2,3,0.667,7,8,0.875,0,4,4,4,2,0,4,4,29,,0,Michael Jordan,Regular Season,1989-90
21989,893,0028900303,"Dec 20, 1989",CHI @ ORL,L,45,20,37,0.541,2,3,0.667,10,10,1.0,1,4,5,7,4,0,3,3,52,,0,Michael Jordan,Regular Season,1989-90
21989,893,0028900292,"Dec 19, 1989",CHI vs. LAL,W,44,15,29,0.517,2,4,0.5,5,5,1.0,0,7,7,5,2,1,7,1,37,,0,Michael Jordan,Regular Season,1989-90
21989,893,0028900287,"Dec 16, 1989",CHI vs. CHH,W,41,13,28,0.464,0,1,0.0,7,10,0.7,2,7,9,7,2,2,0,2,33,,0,Michael Jordan,Regular Season,1989-90
21989,893,0028900267,"Dec 14, 1989",CHI vs. ORL,W,25,14,20,0.7,3,3,1.0,7,9,0.778,2,5,7,5,2,0,1,2,38,,0,Michael Jordan,Regular Season,1989-90
21989,893,0028900250,"Dec 12, 1989",CHI vs. DAL,W,41,18,29,0.621,2,2,1.0,3,4,0.75,1,6,7,7,2,1,2,1,41,,0,Michael Jordan,Regular Season,1989-90
21989,893,0028900242,"Dec 09, 1989",CHI vs. PHL,W,36,13,21,0.619,3,6,0.5,0,0,0.0,0,9,9,9,1,0,1,3,29,,0,Michael Jordan,Regular Season,1989-90
21989,893,0028900232,"Dec 08, 1989",CHI @ IND,L,46,14,25,0.56,1,3,0.333,7,9,0.778,0,8,8,10,4,1,4,4,36,,0,Michael Jordan,Regular Season,1989-90
21989,893,0028900215,"Dec 05, 1989",CHI vs. DEN,W,33,15,27,0.556,0,1,0.0,5,5,1.0,8,9,17,7,1,1,1,0,35,,0,Michael Jordan,Regular Season,1989-90
21989,893,0028900202,"Dec 02, 1989",CHI @ MIA,W,36,11,16,0.688,0,0,0.0,14,15,0.933,2,3,5,7,0,1,5,4,36,,0,Michael Jordan,Regular Season,1989-90
21989,893,0028900165,"Nov 28, 1989",CHI vs. ATL,W,39,8,15,0.533,0,0,0.0,6,6,1.0,0,9,9,13,3,0,4,4,22,,0,Michael Jordan,Regular Season,1989-90
21989,893,0028900158,"Nov 26, 1989",CHI @ LAC,L,33,9,18,0.5,1,2,0.5,7,10,0.7,3,4,7,4,2,2,7,3,26,,0,Michael Jordan,Regular Season,1989-90
21989,893,0028900150,"Nov 25, 1989",CHI @ GOS,W,41,12,29,0.414,1,5,0.2,4,5,0.8,6,8,14,9,3,0,3,3,29,,0,Michael Jordan,Regular Season,1989-90
21989,893,0028900134,"Nov 22, 1989",CHI @ PHX,W,44,12,30,0.4,1,3,0.333,9,10,0.9,2,5,7,7,2,0,2,2,34,,0,Michael Jordan,Regular Season,1989-90
21989,893,0028900125,"Nov 21, 1989",CHI @ POR,L,36,5,13,0.385,1,3,0.333,5,6,0.833,0,0,0,7,2,0,4,1,16,,0,Michael Jordan,Regular Season,1989-90
21989,893,0028900111,"Nov 18, 1989",CHI @ SEA,L,39,12,26,0.462,3,8,0.375,5,7,0.714,3,3,6,7,1,0,2,3,32,,0,Michael Jordan,Regular Season,1989-90
21989,893,0028900081,"Nov 15, 1989",CHI @ UTH,L,38,12,26,0.462,0,3,0.0,16,19,0.842,1,9,10,3,1,0,2,3,40,,0,Michael Jordan,Regular Season,1989-90
21989,893,0028900072,"Nov 14, 1989",CHI @ SAC,W,40,11,25,0.44,1,1,1.0,4,8,0.5,6,7,13,7,2,0,4,2,27,,0,Michael Jordan,Regular Season,1989-90
21989,893,0028900060,"Nov 11, 1989",CHI vs. SEA,W,34,8,15,0.533,1,2,0.5,8,9,0.889,0,4,4,6,3,1,4,4,25,,0,Michael Jordan,Regular Season,1989-90
21989,893,0028900049,"Nov 10, 1989",CHI @ NJN,L,41,8,22,0.364,0,0,0.0,10,11,0.909,3,3,6,5,2,0,2,4,26,,0,Michael Jordan,Regular Season,1989-90
21989,893,0028900035,"Nov 08, 1989",CHI @ MIN,W,40,15,24,0.625,1,1,1.0,14,14,1.0,1,5,6,2,2,0,3,2,45,,0,Michael Jordan,Regular Season,1989-90
21989,893,0028900028,"Nov 07, 1989",CHI vs. DET,W,44,13,24,0.542,0,2,0.0,14,17,0.824,2,3,5,7,3,0,4,1,40,,0,Michael Jordan,Regular Season,1989-90
21989,893,0028900021,"Nov 04, 1989",CHI vs. BOS,L,34,10,18,0.556,0,3,0.0,4,6,0.667,0,5,5,6,5,1,4,5,24,,0,Michael Jordan,Regular Season,1989-90
21989,893,0028900009,"Nov 03, 1989",CHI vs. CLE,W,47,19,31,0.613,1,2,0.5,15,17,0.882,3,11,14,6,3,1,0,3,54,,0,Michael Jordan,Regular Season,1989-90
41989,893,0048900067,"Jun 03, 1990",CHI @ DET,L,45,13,27,0.481,0,2,0.0,5,5,1.0,2,6,8,9,1,0,4,2,31,,0,Michael Jordan,Playoffs,1989-90
41989,893,0048900066,"Jun 01, 1990",CHI vs. DET,W,39,11,20,0.55,1,4,0.25,6,6,1.0,1,9,10,2,1,0,3,4,29,,0,Michael Jordan,Playoffs,1989-90
41989,893,0048900064,"May 30, 1990",CHI @ DET,L,39,7,19,0.368,1,4,0.25,7,9,0.778,1,3,4,8,1,0,1,1,22,,0,Michael Jordan,Playoffs,1989-90
41989,893,0048900062,"May 28, 1990",CHI vs. DET,W,43,13,26,0.5,0,1,0.0,16,19,0.842,0,4,4,9,4,3,4,5,42,,0,Michael Jordan,Playoffs,1989-90
41989,893,0048900060,"May 26, 1990",CHI vs. DET,W,43,17,32,0.531,2,2,1.0,11,13,0.846,3,7,10,4,1,0,4,3,47,,0,Michael Jordan,Playoffs,1989-90
41989,893,0048900057,"May 22, 1990",CHI @ DET,L,45,5,16,0.313,0,2,0.0,10,12,0.833,1,6,7,7,4,1,3,5,20,,0,Michael Jordan,Playoffs,1989-90
41989,893,0048900055,"May 20, 1990",CHI @ DET,L,42,12,27,0.444,2,6,0.333,8,8,1.0,1,6,7,5,3,0,1,3,34,,0,Michael Jordan,Playoffs,1989-90
41989,893,0048900052,"May 16, 1990",CHI vs. PHL,W,42,17,26,0.654,1,3,0.333,2,4,0.5,2,7,9,8,6,1,4,2,37,,0,Michael Jordan,Playoffs,1989-90
41989,893,0048900047,"May 13, 1990",CHI @ PHL,W,42,16,31,0.516,1,2,0.5,12,13,0.923,1,5,6,11,2,2,3,3,45,,0,Michael Jordan,Playoffs,1989-90
41989,893,0048900042,"May 11, 1990",CHI @ PHL,L,42,19,34,0.559,4,11,0.364,7,9,0.778,2,3,5,5,4,1,5,4,49,,0,Michael Jordan,Playoffs,1989-90
41989,893,0048900038,"May 09, 1990",CHI vs. PHL,W,43,18,36,0.5,1,3,0.333,8,8,1.0,4,4,8,7,3,0,2,3,45,,0,Michael Jordan,Playoffs,1989-90
41989,893,0048900034,"May 07, 1990",CHI vs. PHL,W,43,16,30,0.533,2,4,0.5,5,6,0.833,1,4,5,6,5,2,4,3,39,,0,Michael Jordan,Playoffs,1989-90
41989,893,0048900025,"May 03, 1990",CHI @ MIL,W,32,8,19,0.421,0,0,0.0,9,13,0.692,1,5,6,5,2,0,1,3,25,,0,Michael Jordan,Playoffs,1989-90
41989,893,0048900017,"May 01, 1990",CHI @ MIL,L,46,20,35,0.571,1,5,0.2,7,9,0.778,2,7,9,5,1,2,5,4,48,,0,Michael Jordan,Playoffs,1989-90
41989,893,0048900014,"Apr 29, 1990",CHI vs. MIL,W,44,12,21,0.571,0,0,,12,14,0.857,1,8,9,11,5,1,5,5,36,,0,Michael Jordan,Playoffs,1989-90
41989,893,0048900007,"Apr 27, 1990",CHI vs. MIL,W,44,15,27,0.556,0,1,0.0,8,11,0.727,1,7,8,7,2,1,7,4,38,,0,Michael Jordan,Playoffs,1989-90
21990,893,0029001103,"Apr 21, 1991",CHI vs. DET,W,30,6,15,0.4,0,2,0.0,6,6,1.0,2,1,3,1,2,0,2,2,18,,0,Michael Jordan,Regular Season,1990-91
21990,893,0029001087,"Apr 19, 1991",CHI @ CHH,W,39,15,22,0.682,0,1,0.0,11,13,0.846,3,2,5,5,4,2,4,5,41,,0,Michael Jordan,Regular Season,1990-91
21990,893,0029001072,"Apr 17, 1991",CHI @ MIA,W,40,9,20,0.45,0,2,0.0,8,9,0.889,2,3,5,5,3,0,2,2,26,,0,Michael Jordan,Regular Season,1990-91
21990,893,0029001056,"Apr 15, 1991",CHI vs. MIL,W,39,17,27,0.63,0,1,0.0,12,14,0.857,0,5,5,2,3,2,5,3,46,,0,Michael Jordan,Regular Season,1990-91
21990,893,0029001038,"Apr 12, 1991",CHI @ DET,L,43,13,24,0.542,1,2,0.5,13,15,0.867,3,5,8,4,0,1,3,5,40,,0,Michael Jordan,Regular Season,1990-91
21990,893,0029001022,"Apr 10, 1991",CHI @ IND,W,41,12,21,0.571,0,0,0.0,4,6,0.667,0,5,5,4,0,1,2,3,28,,0,Michael Jordan,Regular Season,1990-91
21990,893,0029001021,"Apr 09, 1991",CHI vs. NYK,W,37,10,18,0.556,1,3,0.333,7,8,0.875,0,6,6,8,1,0,0,0,28,,0,Michael Jordan,Regular Season,1990-91
21990,893,0029001002,"Apr 07, 1991",CHI vs. PHL,L,48,16,27,0.593,0,0,0.0,9,14,0.643,1,3,4,5,4,2,0,2,41,,0,Michael Jordan,Regular Season,1990-91
21990,893,0029000991,"Apr 05, 1991",CHI vs. SAN,L,36,13,26,0.5,1,4,0.25,12,14,0.857,0,5,5,9,5,2,5,4,39,,0,Michael Jordan,Regular Season,1990-91
21990,893,0029000984,"Apr 04, 1991",CHI @ NYK,W,35,15,30,0.5,0,1,0.0,4,5,0.8,2,6,8,4,3,0,2,1,34,,0,Michael Jordan,Regular Season,1990-91
21990,893,0029000964,"Apr 02, 1991",CHI vs. ORL,W,41,17,26,0.654,0,0,0.0,10,12,0.833,0,4,4,6,5,2,4,2,44,,0,Michael Jordan,Regular Season,1990-91
21990,893,0029000962,"Mar 31, 1991",CHI @ BOS,L,51,12,36,0.333,0,3,0.0,13,13,1.0,3,4,7,9,2,0,4,3,37,,0,Michael Jordan,Regular Season,1990-91
21990,893,0029000946,"Mar 29, 1991",CHI @ WAS,W,35,7,17,0.412,1,2,0.5,5,5,1.0,0,5,5,5,2,1,1,2,20,,0,Michael Jordan,Regular Season,1990-91
21990,893,0029000940,"Mar 28, 1991",CHI @ NJN,W,30,16,26,0.615,0,0,0.0,10,11,0.909,1,0,1,4,0,2,3,4,42,,0,Michael Jordan,Regular Season,1990-91
21990,893,0029000917,"Mar 25, 1991",CHI vs. HOU,L,37,15,25,0.6,0,2,0.0,4,7,0.571,5,2,7,4,3,3,0,3,34,,0,Michael Jordan,Regular Season,1990-91
21990,893,0029000905,"Mar 23, 1991",CHI vs. IND,W,40,15,25,0.6,0,1,0.0,9,9,1.0,0,2,2,5,3,2,2,4,39,,0,Michael Jordan,Regular Season,1990-91
21990,893,0029000893,"Mar 22, 1991",CHI @ PHL,L,40,8,23,0.348,0,2,0.0,4,5,0.8,1,4,5,5,2,1,4,5,20,,0,Michael Jordan,Regular Season,1990-91
21990,893,0029000886,"Mar 20, 1991",CHI vs. ATL,W,30,9,14,0.643,2,2,1.0,2,3,0.667,0,5,5,11,0,1,3,3,22,,0,Michael Jordan,Regular Season,1990-91
21990,893,0029000869,"Mar 18, 1991",CHI vs. DEN,W,29,11,19,0.579,2,3,0.667,7,7,1.0,0,6,6,2,0,1,3,2,31,,0,Michael Jordan,Regular Season,1990-91
21990,893,0029000854,"Mar 16, 1991",CHI @ CLE,W,38,14,25,0.56,0,2,0.0,9,10,0.9,0,3,3,3,5,0,2,3,37,,0,Michael Jordan,Regular Season,1990-91
21990,893,0029000846,"Mar 15, 1991",CHI @ CHH,W,40,12,21,0.571,0,1,0.0,10,12,0.833,1,4,5,8,2,1,4,3,34,,0,Michael Jordan,Regular Season,1990-91
21990,893,0029000831,"Mar 13, 1991",CHI @ MIL,W,41,15,26,0.577,0,1,0.0,9,14,0.643,1,7,8,4,3,2,1,4,39,,0,Michael Jordan,Regular Season,1990-91
21990,893,0029000828,"Mar 12, 1991",CHI vs. MIN,W,29,7,15,0.467,1,5,0.2,5,5,1.0,2,3,5,10,1,0,1,2,20,,0,Michael Jordan,Regular Season,1990-91
21990,893,0029000816,"Mar 10, 1991",CHI @ ATL,W,30,10,13,0.769,1,1,1.0,4,4,1.0,2,7,9,9,1,1,6,4,25,,0,Michael Jordan,Regular Season,1990-91
21990,893,0029000803,"Mar 08, 1991",CHI vs. UTH,W,39,14,29,0.483,0,0,0.0,9,10,0.9,1,4,5,2,3,0,1,3,37,,0,Michael Jordan,Regular Season,1990-91
21990,893,0029000778,"Mar 05, 1991",CHI vs. MIL,W,37,9,23,0.391,0,0,0.0,12,13,0.923,2,7,9,2,2,1,5,3,30,,0,Michael Jordan,Regular Season,1990-91
21990,893,0029000764,"Mar 02, 1991",CHI @ IND,L,38,8,23,0.348,0,1,0.0,6,6,1.0,0,5,5,2,6,0,3,4,22,,0,Michael Jordan,Regular Season,1990-91
21990,893,0029000749,"Mar 01, 1991",CHI vs. DAL,W,35,11,20,0.55,1,1,1.0,6,6,1.0,1,10,11,8,2,0,5,2,29,,0,Michael Jordan,Regular Season,1990-91
21990,893,0029000732,"Feb 26, 1991",CHI vs. BOS,W,35,17,29,0.586,1,1,1.0,4,8,0.5,2,6,8,4,5,3,0,1,39,,0,Michael Jordan,Regular Season,1990-91
21990,893,0029000715,"Feb 23, 1991",CHI vs. CHH,W,35,12,22,0.545,1,3,0.333,4,5,0.8,0,3,3,3,3,2,0,2,29,,0,Michael Jordan,Regular Season,1990-91
21990,893,0029000708,"Feb 22, 1991",CHI vs. SAC,W,28,11,17,0.647,1,1,1.0,11,11,1.0,1,2,3,4,6,0,0,2,34,,0,Michael Jordan,Regular Season,1990-91
21990,893,0029000686,"Feb 19, 1991",CHI vs. WAS,W,38,15,27,0.556,0,1,0.0,10,10,1.0,3,9,12,4,1,0,2,4,40,,0,Michael Jordan,Regular Season,1990-91
21990,893,0029000678,"Feb 18, 1991",CHI @ CLE,W,38,11,24,0.458,0,1,0.0,10,11,0.909,1,5,6,5,5,2,3,3,32,,0,Michael Jordan,Regular Season,1990-91
21990,893,0029000667,"Feb 16, 1991",CHI vs. NJN,W,39,11,26,0.423,1,1,1.0,3,4,0.75,2,9,11,7,3,0,7,0,26,,0,Michael Jordan,Regular Season,1990-91
21990,893,0029000648,"Feb 14, 1991",CHI @ NYK,W,36,13,20,0.65,1,2,0.5,2,2,1.0,0,2,2,3,2,3,0,2,29,,0,Michael Jordan,Regular Season,1990-91
21990,893,0029000638,"Feb 12, 1991",CHI vs. ATL,W,37,12,22,0.545,1,2,0.5,7,9,0.778,0,4,4,7,2,2,3,2,32,,0,Michael Jordan,Regular Season,1990-91
21990,893,0029000628,"Feb 07, 1991",CHI @ DET,W,41,10,21,0.476,0,2,0.0,10,12,0.833,1,8,9,3,0,2,2,1,30,,0,Michael Jordan,Regular Season,1990-91
21990,893,0029000606,"Feb 04, 1991",CHI @ SAC,W,33,7,14,0.5,0,0,0.0,10,11,0.909,1,1,2,5,2,0,3,4,24,,0,Michael Jordan,Regular Season,1990-91
21990,893,0029000597,"Feb 03, 1991",CHI @ LAL,L,40,10,22,0.455,0,0,0.0,3,3,1.0,1,6,7,9,6,1,2,1,23,,0,Michael Jordan,Regular Season,1990-91
21990,893,0029000587,"Feb 01, 1991",CHI @ DAL,W,38,10,18,0.556,0,0,0.0,11,16,0.688,1,5,6,8,2,0,2,0,31,,0,Michael Jordan,Regular Season,1990-91
21990,893,0029000581,"Jan 31, 1991",CHI @ SAN,L,39,9,22,0.409,1,1,1.0,17,18,0.944,0,3,3,3,3,0,3,6,36,,0,Michael Jordan,Regular Season,1990-91
21990,893,0029000537,"Jan 25, 1991",CHI vs. MIA,W,28,10,14,0.714,3,3,1.0,3,4,0.75,0,3,3,2,6,0,3,2,26,,0,Michael Jordan,Regular Season,1990-91
21990,893,0029000526,"Jan 23, 1991",CHI @ NJN,L,41,9,23,0.391,1,1,1.0,16,19,0.842,4,2,6,5,4,0,2,4,35,,0,Michael Jordan,Regular Season,1990-91
21990,893,0029000510,"Jan 21, 1991",CHI @ MIA,W,39,17,28,0.607,0,2,0.0,3,5,0.6,1,5,6,5,3,1,3,1,37,,0,Michael Jordan,Regular Season,1990-91
21990,893,0029000499,"Jan 18, 1991",CHI @ ATL,L,41,13,28,0.464,0,1,0.0,4,4,1.0,0,7,7,8,3,0,4,2,30,,0,Michael Jordan,Regular Season,1990-91
21990,893,0029000485,"Jan 16, 1991",CHI @ ORL,W,38,11,27,0.407,0,0,0.0,7,8,0.875,0,4,4,4,3,1,2,5,29,,0,Michael Jordan,Regular Season,1990-91
21990,893,0029000470,"Jan 14, 1991",CHI vs. MIL,W,45,13,27,0.481,1,3,0.333,7,7,1.0,1,9,10,9,3,2,2,5,34,,0,Michael Jordan,Regular Season,1990-91
21990,893,0029000464,"Jan 12, 1991",CHI @ CHH,W,38,11,21,0.524,0,0,0.0,11,13,0.846,3,0,3,3,2,0,5,4,33,,0,Michael Jordan,Regular Season,1990-91
21990,893,0029000449,"Jan 11, 1991",CHI vs. ATL,W,42,12,23,0.522,0,1,0.0,7,7,1.0,0,6,6,6,2,1,5,4,31,,0,Michael Jordan,Regular Season,1990-91
21990,893,0029000438,"Jan 09, 1991",CHI @ PHL,W,41,16,27,0.593,0,1,0.0,8,11,0.727,0,4,4,9,0,1,1,3,40,,0,Michael Jordan,Regular Season,1990-91
21990,893,0029000429,"Jan 08, 1991",CHI vs. NJN,W,32,18,28,0.643,1,1,1.0,4,5,0.8,2,4,6,4,2,2,1,1,41,,0,Michael Jordan,Regular Season,1990-91
21990,893,0029000413,"Jan 05, 1991",CHI vs. CLE,W,37,12,26,0.462,0,0,0.0,6,7,0.857,1,2,3,4,4,3,3,4,30,,0,Michael Jordan,Regular Season,1990-91
21990,893,0029000394,"Jan 03, 1991",CHI @ HOU,L,33,13,22,0.591,0,0,0.0,6,7,0.857,0,3,3,7,3,1,4,2,32,,0,Michael Jordan,Regular Season,1990-91
21990,893,0029000375,"Dec 29, 1990",CHI vs. SEA,W,37,10,24,0.417,0,2,0.0,11,11,1.0,3,7,10,4,4,0,2,2,31,,0,Michael Jordan,Regular Season,1990-91
21990,893,0029000356,"Dec 27, 1990",CHI vs. GOS,W,34,17,25,0.68,1,2,0.5,7,7,1.0,1,13,14,7,3,1,1,3,42,,0,Michael Jordan,Regular Season,1990-91
21990,893,0029000342,"Dec 25, 1990",CHI vs. DET,W,43,14,23,0.609,1,1,1.0,8,10,0.8,3,5,8,3,3,2,3,5,37,,0,Michael Jordan,Regular Season,1990-91
21990,893,0029000331,"Dec 22, 1990",CHI vs. IND,W,34,10,20,0.5,0,0,0.0,9,12,0.75,2,5,7,5,0,2,2,4,29,,0,Michael Jordan,Regular Season,1990-91
21990,893,0029000324,"Dec 21, 1990",CHI vs. LAL,W,44,14,30,0.467,0,2,0.0,5,6,0.833,8,7,15,9,2,1,1,3,33,,0,Michael Jordan,Regular Season,1990-91
21990,893,0029000312,"Dec 19, 1990",CHI @ DET,L,37,13,22,0.591,0,1,0.0,7,7,1.0,3,2,5,6,1,0,1,2,33,,0,Michael Jordan,Regular Season,1990-91
21990,893,0029000297,"Dec 18, 1990",CHI vs. MIA,W,36,14,22,0.636,0,0,0.0,11,12,0.917,3,6,9,6,6,2,2,2,39,,0,Michael Jordan,Regular Season,1990-91
21990,893,0029000291,"Dec 15, 1990",CHI vs. CLE,W,27,11,17,0.647,0,0,0.0,2,2,1.0,5,4,9,6,5,3,2,1,24,,0,Michael Jordan,Regular Season,1990-91
21990,893,0029000279,"Dec 14, 1990",CHI vs. LAC,W,30,8,15,0.533,0,0,0.0,4,6,0.667,2,6,8,8,1,2,3,3,20,,0,Michael Jordan,Regular Season,1990-91
21990,893,0029000253,"Dec 11, 1990",CHI @ MIL,L,39,13,23,0.565,0,0,0.0,5,7,0.714,0,4,4,5,3,1,4,2,31,,0,Michael Jordan,Regular Season,1990-91
21990,893,0029000247,"Dec 08, 1990",CHI vs. POR,L,40,16,28,0.571,0,2,0.0,3,4,0.75,0,6,6,3,2,2,5,3,35,,0,Michael Jordan,Regular Season,1990-91
21990,893,0029000235,"Dec 07, 1990",CHI vs. NYK,W,39,14,25,0.56,0,2,0.0,5,7,0.714,4,3,7,9,8,1,2,3,33,,0,Michael Jordan,Regular Season,1990-91
21990,893,0029000213,"Dec 04, 1990",CHI vs. PHX,W,35,12,22,0.545,0,0,0.0,3,3,1.0,1,3,4,7,0,1,2,5,27,,0,Michael Jordan,Regular Season,1990-91
21990,893,0029000196,"Dec 01, 1990",CHI @ CLE,W,30,13,18,0.722,1,1,1.0,5,6,0.833,0,2,2,4,2,0,1,2,32,,0,Michael Jordan,Regular Season,1990-91
21990,893,0029000190,"Nov 30, 1990",CHI vs. IND,W,33,15,19,0.789,0,0,0.0,7,9,0.778,1,4,5,3,2,2,1,4,37,,0,Michael Jordan,Regular Season,1990-91
21990,893,0029000178,"Nov 28, 1990",CHI vs. WAS,W,27,11,15,0.733,0,0,0.0,2,3,0.667,0,2,2,7,3,1,1,2,24,,0,Michael Jordan,Regular Season,1990-91
21990,893,0029000154,"Nov 24, 1990",CHI @ DEN,W,40,14,24,0.583,0,0,0.0,10,10,1.0,1,6,7,12,3,1,3,3,38,,0,Michael Jordan,Regular Season,1990-91
21990,893,0029000143,"Nov 23, 1990",CHI @ LAC,W,31,5,12,0.417,0,0,0.0,4,4,1.0,3,3,6,7,3,0,2,3,14,,0,Michael Jordan,Regular Season,1990-91
21990,893,0029000135,"Nov 21, 1990",CHI @ PHX,L,40,15,32,0.469,0,0,0.0,4,4,1.0,0,4,4,4,4,0,3,1,34,,0,Michael Jordan,Regular Season,1990-91
21990,893,0029000117,"Nov 18, 1990",CHI @ POR,L,41,12,25,0.48,0,2,0.0,5,6,0.833,0,5,5,7,1,1,2,4,29,,0,Michael Jordan,Regular Season,1990-91
21990,893,0029000111,"Nov 17, 1990",CHI @ SEA,W,27,13,20,0.65,0,0,0.0,7,8,0.875,1,3,4,3,7,1,1,0,33,,0,Michael Jordan,Regular Season,1990-91
21990,893,0029000089,"Nov 15, 1990",CHI @ GOS,L,38,6,12,0.5,0,1,0.0,2,3,0.667,2,6,8,6,1,1,2,4,14,,0,Michael Jordan,Regular Season,1990-91
21990,893,0029000082,"Nov 13, 1990",CHI @ UTH,W,38,10,22,0.455,1,1,1.0,8,10,0.8,3,8,11,5,1,2,1,1,29,,0,Michael Jordan,Regular Season,1990-91
21990,893,0029000064,"Nov 10, 1990",CHI vs. CHH,W,36,8,15,0.533,0,0,0.0,7,8,0.875,1,5,6,8,3,0,3,1,23,,0,Michael Jordan,Regular Season,1990-91
21990,893,0029000053,"Nov 09, 1990",CHI @ BOS,W,34,17,25,0.68,0,1,0.0,7,8,0.875,1,4,5,6,2,0,3,3,41,,0,Michael Jordan,Regular Season,1990-91
21990,893,0029000039,"Nov 07, 1990",CHI @ MIN,W,39,7,14,0.5,0,0,0.0,3,5,0.6,2,3,5,6,0,1,1,5,17,,0,Michael Jordan,Regular Season,1990-91
21990,893,0029000036,"Nov 06, 1990",CHI vs. BOS,L,45,14,28,0.5,0,1,0.0,5,6,0.833,3,5,8,12,3,0,2,4,33,,0,Michael Jordan,Regular Season,1990-91
21990,893,0029000015,"Nov 03, 1990",CHI @ WAS,L,46,11,22,0.5,0,0,0.0,6,9,0.667,4,6,10,1,1,0,2,2,28,,0,Michael Jordan,Regular Season,1990-91
21990,893,0029000009,"Nov 02, 1990",CHI vs. PHL,L,34,14,24,0.583,1,3,0.333,5,5,1.0,3,2,5,7,7,0,5,4,34,,0,Michael Jordan,Regular Season,1990-91
41990,893,0049000068,"Jun 12, 1991",CHI @ LAL,W,48,12,23,0.522,0,0,,6,8,0.75,0,4,4,10,5,2,6,1,30,,0,Michael Jordan,Playoffs,1990-91
41990,893,0049000067,"Jun 09, 1991",CHI @ LAL,W,44,11,20,0.55,0,1,0.0,6,6,1.0,1,4,5,13,0,2,1,3,28,,0,Michael Jordan,Playoffs,1990-91
41990,893,0049000066,"Jun 07, 1991",CHI @ LAL,W,52,11,28,0.393,1,1,1.0,6,6,1.0,4,5,9,9,4,2,3,5,29,,0,Michael Jordan,Playoffs,1990-91
41990,893,0049000065,"Jun 05, 1991",CHI vs. LAL,W,36,15,18,0.833,0,1,0.0,3,4,0.75,1,6,7,13,2,1,4,4,33,,0,Michael Jordan,Playoffs,1990-91
41990,893,0049000064,"Jun 02, 1991",CHI vs. LAL,L,40,14,24,0.583,1,1,1.0,7,9,0.778,2,6,8,12,3,0,4,5,36,,0,Michael Jordan,Playoffs,1990-91
41990,893,0049000061,"May 27, 1991",CHI @ DET,W,37,11,17,0.647,1,2,0.5,6,9,0.667,0,8,8,8,1,2,2,2,29,,0,Michael Jordan,Playoffs,1990-91
41990,893,0049000059,"May 25, 1991",CHI @ DET,W,46,11,19,0.579,0,0,0.0,11,12,0.917,0,7,7,7,3,5,1,4,33,,0,Michael Jordan,Playoffs,1990-91
41990,893,0049000057,"May 21, 1991",CHI vs. DET,W,39,10,20,0.5,2,2,1.0,13,14,0.929,2,1,3,7,2,0,3,2,35,,0,Michael Jordan,Playoffs,1990-91
41990,893,0049000055,"May 19, 1991",CHI vs. DET,W,38,6,15,0.4,0,1,0.0,10,13,0.769,0,3,3,6,3,0,6,4,22,,0,Michael Jordan,Playoffs,1990-91
41990,893,0049000050,"May 14, 1991",CHI vs. PHL,W,42,14,31,0.452,0,2,0.0,10,11,0.909,4,15,19,7,0,1,4,3,38,,0,Michael Jordan,Playoffs,1990-91
41990,893,0049000046,"May 12, 1991",CHI @ PHL,W,41,11,27,0.407,2,3,0.667,1,2,0.5,0,4,4,12,4,0,1,4,25,,0,Michael Jordan,Playoffs,1990-91
41990,893,0049000042,"May 10, 1991",CHI @ PHL,L,42,20,34,0.588,0,0,0.0,6,9,0.667,0,4,4,6,1,4,2,3,46,,0,Michael Jordan,Playoffs,1990-91
41990,893,0049000035,"May 06, 1991",CHI vs. PHL,W,40,12,26,0.462,0,5,0.0,5,7,0.714,1,7,8,9,1,1,1,4,29,,0,Michael Jordan,Playoffs,1990-91
41990,893,0049000030,"May 04, 1991",CHI vs. PHL,W,31,8,15,0.533,0,1,0.0,13,15,0.867,0,5,5,5,3,1,1,2,29,,0,Michael Jordan,Playoffs,1990-91
41990,893,0049000020,"Apr 30, 1991",CHI @ NYK,W,39,14,28,0.5,0,2,0.0,5,5,1.0,1,2,3,7,6,1,1,3,33,,0,Michael Jordan,Playoffs,1990-91
41990,893,0049000015,"Apr 28, 1991",CHI vs. NYK,W,42,9,16,0.563,0,0,0.0,8,9,0.889,1,4,5,5,0,1,2,2,26,,0,Michael Jordan,Playoffs,1990-91
41990,893,0049000003,"Apr 25, 1991",CHI vs. NYK,W,32,8,15,0.533,3,4,0.75,9,9,1.0,1,5,6,6,2,0,1,2,28,,0,Michael Jordan,Playoffs,1990-91
21991,893,0029101101,"Apr 19, 1992",CHI vs. DET,W,39,9,17,0.529,0,0,0.0,14,15,0.933,0,2,2,7,2,1,7,2,32,,0,Michael Jordan,Regular Season,1991-92
21991,893,0029101090,"Apr 17, 1992",CHI @ ATL,W,32,9,16,0.563,0,0,0.0,3,4,0.75,1,3,4,8,0,0,5,4,21,,0,Michael Jordan,Regular Season,1991-92
21991,893,0029101062,"Apr 13, 1992",CHI vs. ATL,W,23,6,12,0.5,0,1,0.0,0,0,0.0,0,1,1,7,3,1,2,1,12,,0,Michael Jordan,Regular Season,1991-92
21991,893,0029101047,"Apr 11, 1992",CHI vs. IND,W,37,8,20,0.4,0,0,0.0,7,7,1.0,1,4,5,8,5,1,1,2,23,,0,Michael Jordan,Regular Season,1991-92
21991,893,0029101038,"Apr 10, 1992",CHI @ IND,W,42,16,30,0.533,1,1,1.0,2,4,0.5,0,4,4,6,4,0,1,3,35,,0,Michael Jordan,Regular Season,1991-92
21991,893,0029101015,"Apr 07, 1992",CHI vs. MIL,W,37,12,22,0.545,2,5,0.4,4,4,1.0,0,5,5,7,6,1,3,3,30,,0,Michael Jordan,Regular Season,1991-92
21991,893,0029101006,"Apr 05, 1992",CHI @ BOS,L,40,12,28,0.429,0,3,0.0,2,2,1.0,0,2,2,2,3,0,3,4,26,,0,Michael Jordan,Regular Season,1991-92
21991,893,0029100989,"Apr 03, 1992",CHI vs. LAC,W,42,5,17,0.294,0,2,0.0,5,6,0.833,0,6,6,7,2,0,5,4,15,,0,Michael Jordan,Regular Season,1991-92
21991,893,0029100980,"Apr 01, 1992",CHI vs. CHH,W,39,11,22,0.5,1,3,0.333,8,10,0.8,1,1,2,5,3,0,2,2,31,,0,Michael Jordan,Regular Season,1991-92
21991,893,0029100969,"Mar 31, 1992",CHI @ NYK,W,40,13,23,0.565,0,1,0.0,10,12,0.833,3,1,4,3,3,1,3,1,36,,0,Michael Jordan,Regular Season,1991-92
21991,893,0029100950,"Mar 28, 1992",CHI vs. CLE,W,37,21,32,0.656,0,1,0.0,2,2,1.0,0,4,4,6,3,0,1,2,44,,0,Michael Jordan,Regular Season,1991-92
21991,893,0029100924,"Mar 24, 1992",CHI vs. DEN,W,41,18,31,0.581,2,3,0.667,12,13,0.923,0,6,6,6,3,0,3,0,50,,0,Michael Jordan,Regular Season,1991-92
21991,893,0029100909,"Mar 21, 1992",CHI vs. ORL,L,38,10,22,0.455,0,0,0.0,5,7,0.714,6,9,15,4,2,1,3,1,25,,0,Michael Jordan,Regular Season,1991-92
21991,893,0029100895,"Mar 19, 1992",CHI @ WAS,W,43,19,30,0.633,1,1,1.0,12,15,0.8,2,9,11,3,1,1,0,3,51,,0,Michael Jordan,Regular Season,1991-92
21991,893,0029100883,"Mar 17, 1992",CHI @ NJN,W,45,16,32,0.5,0,0,0.0,8,12,0.667,4,6,10,4,2,2,1,3,40,,0,Michael Jordan,Regular Season,1991-92
21991,893,0029100872,"Mar 16, 1992",CHI @ MIA,W,39,15,27,0.556,0,2,0.0,7,7,1.0,2,7,9,13,0,1,3,1,37,,0,Michael Jordan,Regular Season,1991-92
21991,893,0029100862,"Mar 14, 1992",CHI @ ORL,W,38,11,22,0.5,0,1,0.0,4,4,1.0,1,9,10,9,5,0,3,1,26,,0,Michael Jordan,Regular Season,1991-92
21991,893,0029100840,"Mar 11, 1992",CHI vs. BOS,W,35,14,23,0.609,0,0,0.0,4,4,1.0,0,13,13,3,0,2,4,2,32,,0,Michael Jordan,Regular Season,1991-92
21991,893,0029100820,"Mar 08, 1992",CHI @ PHL,W,43,12,26,0.462,0,1,0.0,10,13,0.769,3,8,11,8,1,0,1,3,34,,0,Michael Jordan,Regular Season,1991-92
21991,893,0029100805,"Mar 06, 1992",CHI vs. MIA,W,28,12,20,0.6,0,1,0.0,3,3,1.0,0,6,6,2,2,1,2,2,27,,0,Michael Jordan,Regular Season,1991-92
21991,893,0029100799,"Mar 05, 1992",CHI @ MIN,W,39,14,26,0.538,0,0,0.0,5,5,1.0,1,4,5,5,1,1,1,3,33,,0,Michael Jordan,Regular Season,1991-92
21991,893,0029100785,"Mar 03, 1992",CHI vs. IND,L,39,12,21,0.571,0,0,0.0,3,5,0.6,2,5,7,5,0,1,2,3,27,,0,Michael Jordan,Regular Season,1991-92
21991,893,0029100776,"Mar 01, 1992",CHI vs. POR,W,36,10,23,0.435,0,2,0.0,11,12,0.917,0,9,9,7,3,0,5,3,31,,0,Michael Jordan,Regular Season,1991-92
21991,893,0029100755,"Feb 28, 1992",CHI @ MIL,W,41,8,18,0.444,0,0,0.0,8,10,0.8,1,5,6,6,2,2,2,2,24,,0,Michael Jordan,Regular Season,1991-92
21991,893,0029100747,"Feb 26, 1992",CHI vs. WAS,W,27,10,17,0.588,1,3,0.333,5,6,0.833,2,2,4,1,2,0,0,0,26,,0,Michael Jordan,Regular Season,1991-92
21991,893,0029100739,"Feb 25, 1992",CHI @ DET,L,42,11,22,0.5,0,0,0.0,1,3,0.333,1,3,4,6,4,1,1,2,23,,0,Michael Jordan,Regular Season,1991-92
21991,893,0029100718,"Feb 22, 1992",CHI vs. MIN,W,35,13,27,0.481,0,3,0.0,4,6,0.667,2,4,6,8,1,2,1,2,30,,0,Michael Jordan,Regular Season,1991-92
21991,893,0029100715,"Feb 21, 1992",CHI @ ATL,W,46,14,23,0.609,0,0,0.0,5,6,0.833,1,9,10,14,4,0,4,2,33,,0,Michael Jordan,Regular Season,1991-92
21991,893,0029100693,"Feb 19, 1992",CHI @ ORL,W,38,11,23,0.478,0,1,0.0,5,7,0.714,5,5,10,8,2,0,3,1,27,,0,Michael Jordan,Regular Season,1991-92
21991,893,0029100680,"Feb 17, 1992",CHI vs. CLE,L,43,21,32,0.656,0,1,0.0,4,5,0.8,1,3,4,6,0,0,3,1,46,,0,Michael Jordan,Regular Season,1991-92
21991,893,0029100669,"Feb 15, 1992",CHI vs. NYK,W,42,9,24,0.375,0,0,0.0,11,12,0.917,1,4,5,2,2,2,3,3,29,,0,Michael Jordan,Regular Season,1991-92
21991,893,0029100652,"Feb 13, 1992",CHI @ NYK,W,35,4,15,0.267,0,0,0.0,9,11,0.818,0,2,2,5,1,0,1,1,17,,0,Michael Jordan,Regular Season,1991-92
21991,893,0029100637,"Feb 11, 1992",CHI vs. NJN,W,34,13,23,0.565,0,0,0.0,8,9,0.889,1,5,6,7,4,2,3,2,34,,0,Michael Jordan,Regular Season,1991-92
21991,893,0029100608,"Feb 03, 1992",CHI @ UTH,L,56,13,34,0.382,1,1,1.0,7,9,0.778,2,11,13,8,2,1,2,5,34,,0,Michael Jordan,Regular Season,1991-92
21991,893,0029100597,"Feb 02, 1992",CHI @ LAL,W,44,13,27,0.481,1,1,1.0,6,8,0.75,0,8,8,11,2,0,5,4,33,,0,Michael Jordan,Regular Season,1991-92
21991,893,0029100587,"Jan 31, 1992",CHI @ DAL,W,37,10,17,0.588,0,1,0.0,5,6,0.833,2,8,10,9,1,0,1,3,25,,0,Michael Jordan,Regular Season,1991-92
21991,893,0029100579,"Jan 30, 1992",CHI @ HOU,L,43,9,26,0.346,0,1,0.0,4,4,1.0,2,3,5,5,3,0,1,3,22,,0,Michael Jordan,Regular Season,1991-92
21991,893,0029100560,"Jan 28, 1992",CHI @ SAN,L,44,15,31,0.484,0,1,0.0,9,11,0.818,0,9,9,7,4,0,3,3,39,,0,Michael Jordan,Regular Season,1991-92
21991,893,0029100549,"Jan 25, 1992",CHI vs. HOU,W,41,12,27,0.444,3,3,1.0,8,10,0.8,0,3,3,5,4,1,4,2,35,,0,Michael Jordan,Regular Season,1991-92
21991,893,0029100545,"Jan 24, 1992",CHI vs. DET,W,30,9,14,0.643,0,0,0.0,2,2,1.0,1,1,2,5,0,2,2,0,20,,0,Michael Jordan,Regular Season,1991-92
21991,893,0029100525,"Jan 22, 1992",CHI @ CHH,W,43,7,18,0.389,1,2,0.5,8,8,1.0,2,4,6,4,2,2,5,2,23,,0,Michael Jordan,Regular Season,1991-92
21991,893,0029100524,"Jan 21, 1992",CHI vs. PHX,W,41,13,23,0.565,0,0,0.0,4,5,0.8,2,3,5,7,5,1,4,3,30,,0,Michael Jordan,Regular Season,1991-92
21991,893,0029100511,"Jan 19, 1992",CHI @ DET,W,45,12,27,0.444,0,2,0.0,10,14,0.714,0,6,6,6,2,0,3,3,34,,0,Michael Jordan,Regular Season,1991-92
21991,893,0029100492,"Jan 17, 1992",CHI vs. SAN,W,38,10,23,0.435,1,1,1.0,10,10,1.0,0,4,4,8,1,0,1,3,31,,0,Michael Jordan,Regular Season,1991-92
21991,893,0029100488,"Jan 16, 1992",CHI @ CLE,W,39,15,26,0.577,0,2,0.0,5,6,0.833,0,4,4,8,2,1,2,4,35,,0,Michael Jordan,Regular Season,1991-92
21991,893,0029100469,"Jan 14, 1992",CHI vs. PHL,W,33,11,20,0.55,0,1,0.0,4,4,1.0,0,5,5,4,5,2,2,0,26,,0,Michael Jordan,Regular Season,1991-92
21991,893,0029100459,"Jan 11, 1992",CHI vs. MIA,W,39,10,19,0.526,0,0,0.0,10,10,1.0,0,6,6,7,1,1,1,4,30,,0,Michael Jordan,Regular Season,1991-92
21991,893,0029100447,"Jan 10, 1992",CHI vs. UTH,W,37,15,25,0.6,1,2,0.5,6,6,1.0,1,4,5,4,1,1,2,3,37,,0,Michael Jordan,Regular Season,1991-92
21991,893,0029100430,"Jan 08, 1992",CHI @ MIA,W,47,17,27,0.63,0,0,0.0,6,9,0.667,0,6,6,8,1,2,4,3,40,,0,Michael Jordan,Regular Season,1991-92
21991,893,0029100428,"Jan 07, 1992",CHI vs. WAS,W,37,7,15,0.467,1,1,1.0,6,6,1.0,0,5,5,9,4,1,3,3,21,,0,Michael Jordan,Regular Season,1991-92
21991,893,0029100409,"Jan 04, 1992",CHI vs. NJN,W,32,12,20,0.6,0,0,0.0,3,4,0.75,2,3,5,1,1,2,0,1,27,,0,Michael Jordan,Regular Season,1991-92
21991,893,0029100399,"Jan 03, 1992",CHI @ MIL,L,40,19,29,0.655,0,2,0.0,6,8,0.75,2,4,6,7,1,0,1,4,44,,0,Michael Jordan,Regular Season,1991-92
21991,893,0029100381,"Dec 30, 1991",CHI @ IND,W,44,10,19,0.526,0,1,0.0,9,11,0.818,2,4,6,7,3,2,4,4,29,,0,Michael Jordan,Regular Season,1991-92
21991,893,0029100377,"Dec 28, 1991",CHI vs. SAC,W,36,11,20,0.55,0,1,0.0,11,12,0.917,0,2,2,8,3,3,6,5,33,,0,Michael Jordan,Regular Season,1991-92
21991,893,0029100353,"Dec 26, 1991",CHI @ ATL,W,44,15,31,0.484,1,2,0.5,3,4,0.75,1,2,3,6,2,3,4,1,34,,0,Michael Jordan,Regular Season,1991-92
21991,893,0029100351,"Dec 25, 1991",CHI vs. BOS,W,35,6,14,0.429,0,1,0.0,2,2,1.0,1,7,8,5,2,3,2,2,14,,0,Michael Jordan,Regular Season,1991-92
21991,893,0029100335,"Dec 21, 1991",CHI vs. ATL,W,43,16,24,0.667,2,2,1.0,3,3,1.0,1,8,9,10,4,1,3,2,37,,0,Michael Jordan,Regular Season,1991-92
21991,893,0029100328,"Dec 20, 1991",CHI @ NJN,W,30,8,18,0.444,0,0,0.0,8,8,1.0,1,4,5,4,1,2,0,0,24,,0,Michael Jordan,Regular Season,1991-92
21991,893,0029100302,"Dec 17, 1991",CHI vs. LAL,L,38,6,20,0.3,0,3,0.0,9,10,0.9,0,4,4,7,3,3,0,3,21,,0,Michael Jordan,Regular Season,1991-92
21991,893,0029100287,"Dec 14, 1991",CHI @ WAS,W,33,12,19,0.632,0,1,0.0,5,8,0.625,3,6,9,1,2,3,1,3,29,,0,Michael Jordan,Regular Season,1991-92
21991,893,0029100277,"Dec 13, 1991",CHI vs. NYK,W,43,9,18,0.5,0,2,0.0,9,12,0.75,1,7,8,6,4,0,3,2,27,,0,Michael Jordan,Regular Season,1991-92
21991,893,0029100253,"Dec 10, 1991",CHI vs. SEA,W,39,7,20,0.35,0,1,0.0,5,8,0.625,3,8,11,1,0,1,1,3,19,,0,Michael Jordan,Regular Season,1991-92
21991,893,0029100246,"Dec 07, 1991",CHI @ PHL,L,41,12,25,0.48,0,1,0.0,8,10,0.8,3,11,14,9,3,1,4,2,32,,0,Michael Jordan,Regular Season,1991-92
21991,893,0029100236,"Dec 06, 1991",CHI vs. CHH,W,34,8,19,0.421,1,2,0.5,2,4,0.5,1,10,11,10,1,0,1,3,19,,0,Michael Jordan,Regular Season,1991-92
21991,893,0029100223,"Dec 04, 1991",CHI vs. CLE,W,41,7,20,0.35,0,1,0.0,2,2,1.0,1,8,9,9,3,0,7,4,16,,0,Michael Jordan,Regular Season,1991-92
21991,893,0029100200,"Nov 30, 1991",CHI @ SAC,W,39,13,21,0.619,0,2,0.0,4,9,0.444,0,6,6,8,0,1,2,4,30,,0,Michael Jordan,Regular Season,1991-92
21991,893,0029100185,"Nov 29, 1991",CHI @ POR,W,51,16,39,0.41,0,1,0.0,8,10,0.8,3,5,8,7,3,1,3,4,40,,0,Michael Jordan,Regular Season,1991-92
21991,893,0029100173,"Nov 26, 1991",CHI @ LAC,W,33,11,19,0.579,0,2,0.0,1,2,0.5,1,9,10,5,1,0,6,3,23,,0,Michael Jordan,Regular Season,1991-92
21991,893,0029100159,"Nov 23, 1991",CHI @ DEN,W,41,15,28,0.536,0,1,0.0,7,7,1.0,0,6,6,3,0,1,2,5,37,,0,Michael Jordan,Regular Season,1991-92
21991,893,0029100143,"Nov 22, 1991",CHI @ SEA,W,45,11,26,0.423,0,1,0.0,9,10,0.9,1,5,6,4,2,0,1,6,31,,0,Michael Jordan,Regular Season,1991-92
21991,893,0029100132,"Nov 20, 1991",CHI @ GOS,W,45,12,25,0.48,0,0,0.0,11,13,0.846,1,8,9,7,3,1,3,3,35,,0,Michael Jordan,Regular Season,1991-92
21991,893,0029100103,"Nov 15, 1991",CHI vs. MIL,W,37,5,10,0.5,0,0,0.0,7,8,0.875,2,5,7,11,1,0,3,2,17,,0,Michael Jordan,Regular Season,1991-92
21991,893,0029100089,"Nov 13, 1991",CHI @ CHH,W,33,11,19,0.579,1,3,0.333,12,12,1.0,1,5,6,5,3,3,2,1,35,,0,Michael Jordan,Regular Season,1991-92
21991,893,0029100082,"Nov 12, 1991",CHI vs. DET,W,29,8,14,0.571,0,1,0.0,4,5,0.8,0,3,3,4,3,0,0,4,20,,0,Michael Jordan,Regular Season,1991-92
21991,893,0029100068,"Nov 09, 1991",CHI vs. ORL,W,35,13,26,0.5,0,3,0.0,1,1,1.0,2,3,5,9,3,1,1,2,27,,0,Michael Jordan,Regular Season,1991-92
21991,893,0029100056,"Nov 08, 1991",CHI vs. DAL,W,36,10,15,0.667,0,0,0.0,6,8,0.75,1,6,7,5,4,0,0,1,26,,0,Michael Jordan,Regular Season,1991-92
21991,893,0029100044,"Nov 06, 1991",CHI @ BOS,W,38,16,26,0.615,3,4,0.75,9,9,1.0,0,3,3,6,1,1,2,2,44,,0,Michael Jordan,Regular Season,1991-92
21991,893,0029100027,"Nov 05, 1991",CHI vs. GOS,L,46,17,22,0.773,1,2,0.5,5,8,0.625,2,5,7,4,1,1,5,5,40,,0,Michael Jordan,Regular Season,1991-92
21991,893,0029100014,"Nov 02, 1991",CHI @ MIL,L,42,19,29,0.655,1,2,0.5,7,7,1.0,0,3,3,3,5,1,4,1,46,,0,Michael Jordan,Regular Season,1991-92
21991,893,0029100004,"Nov 01, 1991",CHI vs. PHL,W,30,11,18,0.611,0,3,0.0,4,6,0.667,1,4,5,4,3,1,2,2,26,,0,Michael Jordan,Regular Season,1991-92
41991,893,0049100073,"Jun 14, 1992",CHI vs. POR,W,43,13,24,0.542,2,3,0.667,5,5,1.0,1,3,4,4,4,1,4,3,33,,0,Michael Jordan,Playoffs,1991-92
41991,893,0049100072,"Jun 12, 1992",CHI @ POR,W,42,14,23,0.609,2,4,0.5,16,19,0.842,0,5,5,4,0,1,4,5,46,,0,Michael Jordan,Playoffs,1991-92
41991,893,0049100071,"Jun 10, 1992",CHI @ POR,L,44,11,26,0.423,2,6,0.333,8,8,1.0,0,5,5,6,0,0,5,4,32,,0,Michael Jordan,Playoffs,1991-92
41991,893,0049100070,"Jun 07, 1992",CHI @ POR,W,41,11,22,0.5,0,1,0.0,4,4,1.0,2,5,7,4,3,0,5,4,26,,0,Michael Jordan,Playoffs,1991-92
41991,893,0049100069,"Jun 05, 1992",CHI vs. POR,L,50,16,32,0.5,0,4,0.0,7,9,0.778,1,4,5,10,1,0,5,5,39,,0,Michael Jordan,Playoffs,1991-92
41991,893,0049103001,"Jun 03, 1992",CHI vs. POR,W,34,16,27,0.593,6,10,0.6,1,1,1.0,2,1,3,11,2,0,1,0,39,,0,Michael Jordan,Playoffs,1991-92
41991,893,0049100067,"May 29, 1992",CHI @ CLE,W,44,10,27,0.37,0,0,0.0,9,9,1.0,1,7,8,8,2,0,3,3,29,,0,Michael Jordan,Playoffs,1991-92
41991,893,0049100065,"May 27, 1992",CHI vs. CLE,W,39,13,28,0.464,0,0,0.0,11,12,0.917,0,3,3,5,4,0,0,4,37,,0,Michael Jordan,Playoffs,1991-92
41991,893,0049100063,"May 25, 1992",CHI @ CLE,L,44,15,33,0.455,1,3,0.333,4,5,0.8,2,3,5,6,3,0,5,3,35,,0,Michael Jordan,Playoffs,1991-92
41991,893,0049100061,"May 23, 1992",CHI @ CLE,W,43,13,27,0.481,1,1,1.0,9,10,0.9,3,3,6,9,1,0,5,3,36,,0,Michael Jordan,Playoffs,1991-92
41991,893,0049100059,"May 21, 1992",CHI vs. CLE,L,35,7,22,0.318,0,0,0.0,6,7,0.857,8,3,11,3,3,2,6,3,20,,0,Michael Jordan,Playoffs,1991-92
41991,893,0049100057,"May 19, 1992",CHI vs. CLE,W,40,15,29,0.517,1,2,0.5,2,2,1.0,1,5,6,7,2,1,1,0,33,,0,Michael Jordan,Playoffs,1991-92
41991,893,0049100056,"May 17, 1992",CHI vs. NYK,W,42,15,29,0.517,0,0,0.0,12,13,0.923,3,3,6,4,2,3,5,3,42,,0,Michael Jordan,Playoffs,1991-92
41991,893,0049100050,"May 14, 1992",CHI @ NYK,L,45,9,25,0.36,1,5,0.2,2,4,0.5,0,4,4,8,0,1,7,0,21,,0,Michael Jordan,Playoffs,1991-92
41991,893,0049100048,"May 12, 1992",CHI vs. NYK,W,40,11,23,0.478,0,0,0.0,15,17,0.882,2,3,5,3,1,0,4,3,37,,0,Michael Jordan,Playoffs,1991-92
41991,893,0049100045,"May 10, 1992",CHI @ NYK,L,44,12,26,0.462,0,2,0.0,5,6,0.833,2,2,4,4,0,0,0,1,29,,0,Michael Jordan,Playoffs,1991-92
41991,893,0049100042,"May 09, 1992",CHI @ NYK,W,44,12,24,0.5,1,3,0.333,7,10,0.7,1,8,9,3,3,1,6,2,32,,0,Michael Jordan,Playoffs,1991-92
41991,893,0049100037,"May 07, 1992",CHI vs. NYK,W,43,12,24,0.5,0,0,0.0,3,8,0.375,1,5,6,5,3,0,2,2,27,,0,Michael Jordan,Playoffs,1991-92
41991,893,0049100035,"May 05, 1992",CHI vs. NYK,L,44,12,23,0.522,0,0,0.0,7,8,0.875,1,5,6,3,1,3,2,4,31,,0,Michael Jordan,Playoffs,1991-92
41991,893,0049100022,"Apr 29, 1992",CHI @ MIA,W,43,20,30,0.667,0,0,0.0,16,18,0.889,1,4,5,5,4,2,2,3,56,,0,Michael Jordan,Playoffs,1991-92
41991,893,0049100016,"Apr 26, 1992",CHI vs. MIA,W,35,12,23,0.522,0,0,0.0,9,10,0.9,4,9,13,6,2,0,4,3,33,,0,Michael Jordan,Playoffs,1991-92
41991,893,0049100006,"Apr 24, 1992",CHI vs. MIA,W,41,21,34,0.618,0,0,0.0,4,4,1.0,1,10,11,9,3,1,5,4,46,,0,Michael Jordan,Playoffs,1991-92
21992,893,0029201105,"Apr 25, 1993",CHI @ NYK,L,37,10,28,0.357,0,2,0.0,1,3,0.333,5,1,6,7,1,1,4,1,21,,0,Michael Jordan,Regular Season,1992-93
21992,893,0029201091,"Apr 23, 1993",CHI @ CHH,L,38,15,27,0.556,1,2,0.5,7,8,0.875,1,3,4,3,0,0,2,3,38,,0,Michael Jordan,Regular Season,1992-93
21992,893,0029201080,"Apr 22, 1993",CHI vs. DET,W,46,15,27,0.556,0,1,0.0,6,11,0.545,1,6,7,4,4,0,2,4,36,,0,Michael Jordan,Regular Season,1992-93
21992,893,0029201063,"Apr 20, 1993",CHI vs. PHL,W,27,12,22,0.545,3,6,0.5,1,1,1.0,1,2,3,4,8,0,1,1,28,,0,Michael Jordan,Regular Season,1992-93
21992,893,0029201050,"Apr 18, 1993",CHI @ CLE,L,45,13,26,0.5,0,3,0.0,6,7,0.857,1,0,1,9,0,1,3,3,32,,0,Michael Jordan,Regular Season,1992-93
21992,893,0029201040,"Apr 16, 1993",CHI vs. MIL,W,35,15,25,0.6,0,3,0.0,17,21,0.81,1,6,7,5,5,0,1,1,47,,0,Michael Jordan,Regular Season,1992-93
21992,893,0029201021,"Apr 14, 1993",CHI vs. MIA,W,31,12,19,0.632,3,4,0.75,7,7,1.0,1,3,4,4,2,0,1,3,34,,0,Michael Jordan,Regular Season,1992-93
21992,893,0029201009,"Apr 12, 1993",CHI @ DET,W,41,9,21,0.429,0,4,0.0,5,5,1.0,0,6,6,4,2,0,3,3,23,,0,Michael Jordan,Regular Season,1992-93
21992,893,0029201000,"Apr 10, 1993",CHI @ IND,W,42,11,25,0.44,0,1,0.0,3,4,0.75,2,4,6,5,5,0,3,3,25,,0,Michael Jordan,Regular Season,1992-93
21992,893,0029200988,"Apr 09, 1993",CHI @ ATL,W,44,12,23,0.522,1,3,0.333,5,5,1.0,1,11,12,4,4,2,7,2,30,,0,Michael Jordan,Regular Season,1992-93
21992,893,0029200965,"Apr 06, 1993",CHI @ MIL,L,44,13,30,0.433,1,6,0.167,3,4,0.75,1,4,5,6,4,0,5,4,30,,0,Michael Jordan,Regular Season,1992-93
21992,893,0029200961,"Apr 04, 1993",CHI @ BOS,W,40,14,23,0.609,1,1,1.0,3,6,0.5,1,4,5,2,2,0,4,2,32,,0,Michael Jordan,Regular Season,1992-93
21992,893,0029200944,"Apr 02, 1993",CHI vs. NJN,W,38,16,24,0.667,0,0,0.0,8,9,0.889,1,6,7,7,9,1,5,3,40,,0,Michael Jordan,Regular Season,1992-93
21992,893,0029200921,"Mar 30, 1993",CHI vs. PHX,L,40,19,31,0.613,0,6,0.0,6,7,0.857,0,3,3,5,4,0,3,1,44,,0,Michael Jordan,Regular Season,1992-93
21992,893,0029200896,"Mar 26, 1993",CHI vs. ORL,W,33,5,14,0.357,0,0,0.0,8,8,1.0,0,7,7,6,2,0,1,1,18,,0,Michael Jordan,Regular Season,1992-93
21992,893,0029200879,"Mar 24, 1993",CHI @ PHL,W,39,20,29,0.69,2,4,0.5,1,2,0.5,0,2,2,4,3,0,5,2,43,,0,Michael Jordan,Regular Season,1992-93
21992,893,0029200876,"Mar 23, 1993",CHI vs. MIN,W,42,12,21,0.571,4,6,0.667,6,6,1.0,1,4,5,7,5,1,3,1,34,,0,Michael Jordan,Regular Season,1992-93
21992,893,0029200857,"Mar 20, 1993",CHI @ WAS,W,31,16,27,0.593,2,2,1.0,13,15,0.867,0,8,8,4,2,0,1,2,47,,0,Michael Jordan,Regular Season,1992-93
21992,893,0029200847,"Mar 19, 1993",CHI vs. WAS,W,39,9,27,0.333,0,0,0.0,7,7,1.0,1,2,3,5,2,1,0,4,25,,0,Michael Jordan,Regular Season,1992-93
21992,893,0029200820,"Mar 15, 1993",CHI vs. LAC,W,38,10,22,0.455,0,1,0.0,3,4,0.75,3,6,9,4,4,0,7,3,23,,0,Michael Jordan,Regular Season,1992-93
21992,893,0029200812,"Mar 14, 1993",CHI @ DET,L,43,11,25,0.44,1,3,0.333,5,6,0.833,0,5,5,6,1,0,0,1,28,,0,Michael Jordan,Regular Season,1992-93
21992,893,0029200802,"Mar 12, 1993",CHI vs. CHH,W,43,21,35,0.6,2,4,0.5,8,9,0.889,3,6,9,5,2,1,0,3,52,,0,Michael Jordan,Regular Season,1992-93
21992,893,0029200797,"Mar 11, 1993",CHI @ MIA,L,38,11,25,0.44,1,2,0.5,6,6,1.0,0,5,5,8,0,0,1,5,29,,0,Michael Jordan,Regular Season,1992-93
21992,893,0029200778,"Mar 09, 1993",CHI vs. SEA,W,41,15,28,0.536,0,3,0.0,8,9,0.889,2,2,4,9,6,1,2,3,38,,0,Michael Jordan,Regular Season,1992-93
21992,893,0029200732,"Mar 02, 1993",CHI @ NJN,W,40,8,17,0.471,1,3,0.333,7,9,0.778,3,6,9,8,1,0,6,4,24,,0,Michael Jordan,Regular Season,1992-93
21992,893,0029200712,"Feb 27, 1993",CHI vs. ATL,W,36,13,27,0.481,3,4,0.75,5,5,1.0,2,7,9,8,2,0,2,1,34,,0,Michael Jordan,Regular Season,1992-93
21992,893,0029200697,"Feb 25, 1993",CHI @ ORL,W,41,13,29,0.448,1,3,0.333,9,10,0.9,0,4,4,4,4,0,2,3,36,,0,Michael Jordan,Regular Season,1992-93
21992,893,0029200683,"Feb 23, 1993",CHI vs. MIL,W,41,15,26,0.577,0,1,0.0,4,6,0.667,1,2,3,4,3,1,2,3,34,,0,Michael Jordan,Regular Season,1992-93
21992,893,0029200662,"Feb 17, 1993",CHI vs. UTH,W,34,10,25,0.4,2,6,0.333,5,7,0.714,4,4,8,6,3,0,3,2,27,,0,Michael Jordan,Regular Season,1992-93
21992,893,0029200649,"Feb 15, 1993",CHI vs. SAC,W,37,12,21,0.571,0,2,0.0,8,10,0.8,3,5,8,6,3,1,3,3,32,,0,Michael Jordan,Regular Season,1992-93
21992,893,0029200638,"Feb 13, 1993",CHI vs. CLE,L,43,12,22,0.545,0,3,0.0,1,2,0.5,1,5,6,5,3,1,3,2,25,,0,Michael Jordan,Regular Season,1992-93
21992,893,0029200612,"Feb 10, 1993",CHI @ IND,W,42,16,27,0.593,1,3,0.333,7,9,0.778,1,8,9,8,6,0,3,2,40,,0,Michael Jordan,Regular Season,1992-93
21992,893,0029200599,"Feb 07, 1993",CHI @ POR,W,43,13,28,0.464,4,7,0.571,4,6,0.667,3,8,11,5,2,2,1,1,34,,0,Michael Jordan,Regular Season,1992-93
21992,893,0029200577,"Feb 04, 1993",CHI @ LAC,W,47,13,34,0.382,0,3,0.0,7,7,1.0,2,4,6,4,2,1,3,5,33,,0,Michael Jordan,Regular Season,1992-93
21992,893,0029200573,"Feb 03, 1993",CHI @ SAC,W,39,14,26,0.538,2,2,1.0,6,7,0.857,0,3,3,2,2,2,3,5,36,,0,Michael Jordan,Regular Season,1992-93
21992,893,0029200558,"Feb 01, 1993",CHI @ UTH,W,43,13,28,0.464,1,3,0.333,10,14,0.714,3,4,7,2,1,1,4,0,37,,0,Michael Jordan,Regular Season,1992-93
21992,893,0029200545,"Jan 30, 1993",CHI @ DEN,L,41,14,31,0.452,0,2,0.0,11,15,0.733,3,4,7,5,4,1,3,2,39,,0,Michael Jordan,Regular Season,1992-93
21992,893,0029200531,"Jan 28, 1993",CHI @ HOU,L,39,12,27,0.444,1,1,1.0,1,2,0.5,0,6,6,4,5,0,3,2,26,,0,Michael Jordan,Regular Season,1992-93
21992,893,0029200520,"Jan 26, 1993",CHI @ DAL,W,27,7,15,0.467,1,4,0.25,0,0,0.0,2,8,10,4,3,0,3,3,15,,0,Michael Jordan,Regular Season,1992-93
21992,893,0029200509,"Jan 24, 1993",CHI @ SAN,L,44,16,35,0.457,0,2,0.0,10,11,0.909,5,6,11,3,4,2,4,3,42,,0,Michael Jordan,Regular Season,1992-93
21992,893,0029200488,"Jan 22, 1993",CHI vs. CHH,L,43,10,26,0.385,0,2,0.0,8,11,0.727,2,4,6,2,3,1,1,4,28,,0,Michael Jordan,Regular Season,1992-93
21992,893,0029200485,"Jan 21, 1993",CHI @ NJN,W,39,12,24,0.5,2,4,0.5,4,4,1.0,1,2,3,4,4,0,3,2,30,,0,Michael Jordan,Regular Season,1992-93
21992,893,0029200467,"Jan 18, 1993",CHI vs. BOS,W,30,10,22,0.455,0,1,0.0,9,10,0.9,4,4,8,3,4,1,2,1,29,,0,Michael Jordan,Regular Season,1992-93
21992,893,0029200453,"Jan 16, 1993",CHI vs. ORL,L,47,27,49,0.551,1,5,0.2,9,11,0.818,4,2,6,1,5,0,2,5,64,,0,Michael Jordan,Regular Season,1992-93
21992,893,0029200446,"Jan 15, 1993",CHI vs. GOS,W,38,10,19,0.526,1,2,0.5,5,5,1.0,2,10,12,10,5,2,2,1,26,,0,Michael Jordan,Regular Season,1992-93
21992,893,0029200425,"Jan 12, 1993",CHI @ ORL,W,37,9,22,0.409,0,1,0.0,5,6,0.833,2,6,8,4,3,3,3,0,23,,0,Michael Jordan,Regular Season,1992-93
21992,893,0029200408,"Jan 09, 1993",CHI @ PHL,L,44,13,36,0.361,0,4,0.0,4,4,1.0,2,9,11,6,2,0,3,5,30,,0,Michael Jordan,Regular Season,1992-93
21992,893,0029200396,"Jan 08, 1993",CHI vs. MIL,W,35,15,26,0.577,2,5,0.4,3,3,1.0,3,5,8,7,4,0,2,2,35,,0,Michael Jordan,Regular Season,1992-93
21992,893,0029200389,"Jan 06, 1993",CHI @ CLE,L,34,10,22,0.455,0,1,0.0,3,5,0.6,2,6,8,3,1,0,2,1,23,,0,Michael Jordan,Regular Season,1992-93
21992,893,0029200381,"Jan 05, 1993",CHI vs. LAL,L,41,15,31,0.484,1,6,0.167,5,6,0.833,0,4,4,5,2,1,1,4,36,,0,Michael Jordan,Regular Season,1992-93
21992,893,0029200361,"Jan 02, 1993",CHI vs. IND,W,40,14,27,0.519,2,4,0.5,9,11,0.818,3,5,8,5,1,0,2,3,39,,0,Michael Jordan,Regular Season,1992-93
21992,893,0029200353,"Dec 30, 1992",CHI @ MIA,W,40,9,18,0.5,0,1,0.0,21,24,0.875,1,5,6,8,3,2,1,2,39,,0,Michael Jordan,Regular Season,1992-93
21992,893,0029200345,"Dec 29, 1992",CHI @ CHH,W,42,9,25,0.36,1,3,0.333,9,10,0.9,4,8,12,11,0,1,3,1,28,,0,Michael Jordan,Regular Season,1992-93
21992,893,0029200323,"Dec 26, 1992",CHI @ IND,W,40,8,22,0.364,1,3,0.333,0,0,0.0,3,6,9,8,1,0,2,5,17,,0,Michael Jordan,Regular Season,1992-93
21992,893,0029200318,"Dec 25, 1992",CHI vs. NYK,W,41,15,34,0.441,0,4,0.0,12,16,0.75,0,8,8,5,3,1,4,2,42,,0,Michael Jordan,Regular Season,1992-93
21992,893,0029200308,"Dec 23, 1992",CHI vs. WAS,W,42,22,37,0.595,6,8,0.75,7,8,0.875,0,2,2,10,3,1,1,3,57,,0,Michael Jordan,Regular Season,1992-93
21992,893,0029200297,"Dec 21, 1992",CHI vs. MIA,W,43,6,19,0.316,1,3,0.333,5,6,0.833,3,5,8,3,5,2,2,2,18,,0,Michael Jordan,Regular Season,1992-93
21992,893,0029200291,"Dec 19, 1992",CHI vs. PHL,L,42,11,26,0.423,1,4,0.25,0,0,0.0,4,6,10,10,4,1,1,4,23,,0,Michael Jordan,Regular Season,1992-93
21992,893,0029200270,"Dec 17, 1992",CHI @ WAS,W,40,12,29,0.414,0,1,0.0,4,4,1.0,1,6,7,8,4,2,1,3,28,,0,Michael Jordan,Regular Season,1992-93
21992,893,0029200260,"Dec 15, 1992",CHI vs. CHH,W,33,11,21,0.524,3,3,1.0,0,0,0.0,1,3,4,6,3,2,5,1,25,,0,Michael Jordan,Regular Season,1992-93
21992,893,0029200242,"Dec 12, 1992",CHI vs. NJN,W,41,13,26,0.5,3,6,0.5,9,12,0.75,0,6,6,3,1,1,2,2,38,,0,Michael Jordan,Regular Season,1992-93
21992,893,0029200237,"Dec 11, 1992",CHI vs. HOU,L,40,11,23,0.478,1,3,0.333,3,3,1.0,4,7,11,4,0,1,4,4,26,,0,Michael Jordan,Regular Season,1992-93
21992,893,0029200218,"Dec 09, 1992",CHI vs. CLE,W,35,10,22,0.455,1,3,0.333,7,7,1.0,2,9,11,10,4,2,3,2,28,,0,Michael Jordan,Regular Season,1992-93
21992,893,0029200210,"Dec 08, 1992",CHI @ ATL,L,46,14,28,0.5,2,4,0.5,2,2,1.0,3,9,12,8,1,0,2,5,32,,0,Michael Jordan,Regular Season,1992-93
21992,893,0029200199,"Dec 05, 1992",CHI vs. BOS,W,37,8,20,0.4,0,1,0.0,8,9,0.889,0,3,3,5,2,0,2,2,24,,0,Michael Jordan,Regular Season,1992-93
21992,893,0029200188,"Dec 04, 1992",CHI vs. POR,W,38,15,25,0.6,1,1,1.0,7,9,0.778,4,9,13,2,1,0,1,1,38,,0,Michael Jordan,Regular Season,1992-93
21992,893,0029200158,"Nov 28, 1992",CHI @ NYK,L,38,4,20,0.2,0,1,0.0,9,9,1.0,3,3,6,4,1,0,0,2,17,,0,Michael Jordan,Regular Season,1992-93
21992,893,0029200119,"Nov 24, 1992",CHI @ GOS,W,44,18,30,0.6,1,3,0.333,12,14,0.857,2,3,5,7,1,1,3,2,49,,0,Michael Jordan,Regular Season,1992-93
21992,893,0029200111,"Nov 22, 1992",CHI @ PHX,W,39,16,27,0.593,0,2,0.0,8,8,1.0,0,3,3,7,3,4,1,1,40,,0,Michael Jordan,Regular Season,1992-93
21992,893,0029200097,"Nov 20, 1992",CHI @ LAL,L,47,21,39,0.538,1,2,0.5,11,14,0.786,5,8,13,7,1,3,5,4,54,,0,Michael Jordan,Regular Season,1992-93
21992,893,0029200091,"Nov 19, 1992",CHI @ SEA,W,34,14,22,0.636,2,4,0.5,5,5,1.0,1,5,6,2,2,0,2,1,35,,0,Michael Jordan,Regular Season,1992-93
21992,893,0029200077,"Nov 17, 1992",CHI @ MIN,W,31,14,21,0.667,2,2,1.0,2,3,0.667,1,2,3,5,4,1,3,1,32,,0,Michael Jordan,Regular Season,1992-93
21992,893,0029200066,"Nov 14, 1992",CHI vs. DEN,W,22,7,13,0.538,2,5,0.4,2,2,1.0,0,4,4,7,3,1,2,1,18,,0,Michael Jordan,Regular Season,1992-93
21992,893,0029200054,"Nov 13, 1992",CHI @ MIL,W,42,14,31,0.452,0,2,0.0,6,8,0.75,3,3,6,4,3,2,5,2,34,,0,Michael Jordan,Regular Season,1992-93
21992,893,0029200040,"Nov 11, 1992",CHI vs. DET,W,52,13,24,0.542,3,3,1.0,8,10,0.8,2,8,10,4,0,1,5,1,37,,0,Michael Jordan,Regular Season,1992-93
21992,893,0029200026,"Nov 09, 1992",CHI vs. IND,W,42,10,20,0.5,0,1,0.0,4,5,0.8,0,2,2,12,2,0,4,1,24,,0,Michael Jordan,Regular Season,1992-93
21992,893,0029200013,"Nov 07, 1992",CHI vs. ATL,L,39,13,29,0.448,1,4,0.25,8,9,0.889,0,4,4,11,4,0,6,4,35,,0,Michael Jordan,Regular Season,1992-93
21992,893,0029200002,"Nov 06, 1992",CHI @ CLE,W,37,12,26,0.462,0,2,0.0,5,6,0.833,3,3,6,2,3,3,2,1,29,,0,Michael Jordan,Regular Season,1992-93
41992,893,0049200076,"Jun 20, 1993",CHI @ PHX,W,44,13,26,0.5,3,5,0.6,4,6,0.667,3,5,8,7,1,0,3,3,33,,0,Michael Jordan,Playoffs,1992-93
41992,893,0049200075,"Jun 18, 1993",CHI vs. PHX,L,44,16,29,0.552,2,7,0.286,7,10,0.7,1,6,7,7,0,2,2,5,41,,0,Michael Jordan,Playoffs,1992-93
41992,893,0049200074,"Jun 16, 1993",CHI vs. PHX,W,46,21,37,0.568,0,1,0.0,13,18,0.722,1,7,8,4,0,0,1,3,55,,0,Michael Jordan,Playoffs,1992-93
41992,893,0049200073,"Jun 13, 1993",CHI vs. PHX,L,57,19,43,0.442,3,9,0.333,3,6,0.5,3,6,9,6,2,1,3,5,44,,0,Michael Jordan,Playoffs,1992-93
41992,893,0049200072,"Jun 11, 1993",CHI @ PHX,W,40,18,36,0.5,2,2,1.0,4,5,0.8,5,7,12,9,2,0,5,2,42,,0,Michael Jordan,Playoffs,1992-93
41992,893,0049200071,"Jun 09, 1993",CHI @ PHX,W,43,14,28,0.5,0,1,0.0,3,4,0.75,2,5,7,5,5,1,2,2,31,,0,Michael Jordan,Playoffs,1992-93
41992,893,0049200069,"Jun 04, 1993",CHI vs. NYK,W,45,8,24,0.333,1,4,0.25,8,9,0.889,0,2,2,9,3,2,1,4,25,,0,Michael Jordan,Playoffs,1992-93
41992,893,0049200067,"Jun 02, 1993",CHI @ NYK,W,45,11,24,0.458,0,1,0.0,7,9,0.778,2,8,10,14,2,1,5,2,29,,0,Michael Jordan,Playoffs,1992-93
41992,893,0049200065,"May 31, 1993",CHI vs. NYK,W,39,18,30,0.6,6,9,0.667,12,14,0.857,0,6,6,2,2,1,2,5,54,,0,Michael Jordan,Playoffs,1992-93
41992,893,0049200063,"May 29, 1993",CHI vs. NYK,W,38,3,18,0.167,0,0,0.0,16,17,0.941,1,7,8,11,2,2,2,1,22,,0,Michael Jordan,Playoffs,1992-93
41992,893,0049200060,"May 25, 1993",CHI @ NYK,L,39,12,32,0.375,1,7,0.143,11,13,0.846,3,6,9,1,2,0,3,3,36,,0,Michael Jordan,Playoffs,1992-93
41992,893,0049200058,"May 23, 1993",CHI @ NYK,L,43,10,27,0.37,2,4,0.5,5,6,0.833,1,1,2,5,4,0,1,5,27,,0,Michael Jordan,Playoffs,1992-93
41992,893,0049200051,"May 17, 1993",CHI @ CLE,W,40,11,24,0.458,2,2,1.0,7,9,0.778,3,6,9,6,2,1,4,2,31,,0,Michael Jordan,Playoffs,1992-93
41992,893,0049200045,"May 15, 1993",CHI @ CLE,W,40,12,24,0.5,0,1,0.0,8,10,0.8,2,4,6,5,2,0,2,1,32,,0,Michael Jordan,Playoffs,1992-93
41992,893,0049200042,"May 13, 1993",CHI vs. CLE,W,31,8,18,0.444,0,2,0.0,2,5,0.4,2,3,5,6,2,0,2,0,18,,0,Michael Jordan,Playoffs,1992-93
41992,893,0049200038,"May 11, 1993",CHI vs. CLE,W,42,16,30,0.533,0,4,0.0,11,11,1.0,0,0,0,4,3,1,3,3,43,,0,Michael Jordan,Playoffs,1992-93
41992,893,0049200022,"May 04, 1993",CHI @ ATL,W,40,16,28,0.571,2,5,0.4,5,5,1.0,0,7,7,4,2,1,4,4,39,,0,Michael Jordan,Playoffs,1992-93
41992,893,0049200016,"May 02, 1993",CHI vs. ATL,W,38,10,24,0.417,2,4,0.5,7,8,0.875,0,6,6,4,3,4,0,5,29,,0,Michael Jordan,Playoffs,1992-93
41992,893,0049200005,"Apr 30, 1993",CHI vs. ATL,W,29,15,26,0.577,2,4,0.5,3,4,0.75,3,4,7,5,0,0,0,3,35,,0,Michael Jordan,Playoffs,1992-93
21994,893,0029401101,"Apr 23, 1995",CHI @ MIL,L,45,11,29,0.379,4,4,1.0,7,10,0.7,4,7,11,7,3,1,4,4,33,,0,Michael Jordan,Regular Season,1994-95
21994,893,0029401094,"Apr 22, 1995",CHI vs. CHH,W,33,8,16,0.5,0,2,0.0,3,4,0.75,0,2,2,4,0,0,1,1,19,,0,Michael Jordan,Regular Season,1994-95
21994,893,0029401081,"Apr 20, 1995",CHI vs. DET,W,27,8,18,0.444,0,0,0.0,1,1,1.0,4,4,8,7,1,2,0,2,17,,0,Michael Jordan,Regular Season,1994-95
21994,893,0029401056,"Apr 17, 1995",CHI @ MIA,W,40,9,21,0.429,0,0,0.0,13,16,0.813,0,5,5,4,3,0,1,2,31,,0,Michael Jordan,Regular Season,1994-95
21994,893,0029401053,"Apr 16, 1995",CHI vs. NYK,W,37,8,19,0.421,0,0,0.0,12,14,0.857,4,2,6,4,3,1,1,2,28,,0,Michael Jordan,Regular Season,1994-95
21994,893,0029401023,"Apr 12, 1995",CHI @ DET,W,44,12,23,0.522,1,2,0.5,4,4,1.0,1,8,9,9,0,0,4,4,29,,0,Michael Jordan,Regular Season,1994-95
21994,893,0029401017,"Apr 11, 1995",CHI vs. IND,W,42,8,27,0.296,1,1,1.0,8,10,0.8,2,9,11,6,1,2,1,4,25,,0,Michael Jordan,Regular Season,1994-95
21994,893,0029401006,"Apr 09, 1995",CHI @ CLE,L,46,9,26,0.346,2,3,0.667,1,2,0.5,4,5,9,5,1,1,3,2,21,,0,Michael Jordan,Regular Season,1994-95
21994,893,0029400988,"Apr 07, 1995",CHI vs. CLE,W,42,9,27,0.333,1,2,0.5,9,10,0.9,0,8,8,9,2,1,4,5,28,,0,Michael Jordan,Regular Season,1994-95
21994,893,0029400978,"Apr 05, 1995",CHI @ NJN,W,43,13,31,0.419,1,1,1.0,10,14,0.714,3,8,11,2,3,1,2,3,37,,0,Michael Jordan,Regular Season,1994-95
21994,893,0029400953,"Apr 01, 1995",CHI vs. PHL,W,35,5,19,0.263,0,1,0.0,2,4,0.5,1,4,5,6,1,1,3,2,12,,0,Michael Jordan,Regular Season,1994-95
21994,893,0029400940,"Mar 30, 1995",CHI vs. BOS,W,39,8,17,0.471,2,2,1.0,5,7,0.714,0,11,11,6,0,0,4,2,23,,0,Michael Jordan,Regular Season,1994-95
21994,893,0029400926,"Mar 28, 1995",CHI @ NYK,W,39,21,37,0.568,3,4,0.75,10,11,0.909,0,4,4,2,1,0,2,3,55,,0,Michael Jordan,Regular Season,1994-95
21994,893,0029400911,"Mar 25, 1995",CHI @ ATL,W,43,14,26,0.538,0,1,0.0,4,4,1.0,0,4,4,2,1,0,0,2,32,,0,Michael Jordan,Regular Season,1994-95
21994,893,0029400900,"Mar 24, 1995",CHI vs. ORL,L,44,7,23,0.304,0,2,0.0,7,11,0.636,0,4,4,8,5,2,2,2,21,,0,Michael Jordan,Regular Season,1994-95
21994,893,0029400886,"Mar 22, 1995",CHI @ BOS,W,26,9,17,0.529,1,3,0.333,8,8,1.0,0,3,3,3,2,1,0,4,27,,0,Michael Jordan,Regular Season,1994-95
21994,893,0029400869,"Mar 19, 1995",CHI @ IND,L,43,7,28,0.25,0,4,0.0,5,6,0.833,2,4,6,6,3,0,3,3,19,,0,Michael Jordan,Regular Season,1994-95
41994,893,0049400052,"May 18, 1995",CHI vs. ORL,L,39,8,19,0.421,1,2,0.5,7,10,0.7,2,7,9,7,4,4,6,5,24,,0,Michael Jordan,Playoffs,1994-95
41994,893,0049400048,"May 16, 1995",CHI @ ORL,L,45,15,28,0.536,1,4,0.25,8,8,1.0,0,4,4,2,2,2,0,1,39,,0,Michael Jordan,Playoffs,1994-95
41994,893,0049400044,"May 14, 1995",CHI vs. ORL,W,44,9,21,0.429,0,1,0.0,8,8,1.0,2,5,7,3,4,0,4,2,26,,0,Michael Jordan,Playoffs,1994-95
41994,893,0049400041,"May 12, 1995",CHI vs. ORL,L,43,15,31,0.484,0,3,0.0,10,10,1.0,4,3,7,4,0,1,4,3,40,,0,Michael Jordan,Playoffs,1994-95
41994,893,0049400037,"May 10, 1995",CHI @ ORL,W,43,17,30,0.567,1,1,1.0,3,8,0.375,3,4,7,3,4,4,2,4,38,,0,Michael Jordan,Playoffs,1994-95
41994,893,0049400033,"May 07, 1995",CHI @ ORL,L,40,8,22,0.364,0,2,0.0,3,5,0.6,2,3,5,3,1,0,8,2,19,,0,Michael Jordan,Playoffs,1994-95
41994,893,0049400027,"May 04, 1995",CHI vs. CHH,W,41,8,21,0.381,3,5,0.6,5,6,0.833,1,3,4,5,3,0,3,4,24,,0,Michael Jordan,Playoffs,1994-95
41994,893,0049400019,"May 02, 1995",CHI vs. CHH,W,38,9,19,0.474,1,2,0.5,6,7,0.857,2,4,6,3,4,2,6,3,25,,0,Michael Jordan,Playoffs,1994-95
41994,893,0049400015,"Apr 30, 1995",CHI @ CHH,L,40,13,25,0.52,3,6,0.5,3,6,0.5,3,4,7,7,0,0,5,5,32,,0,Michael Jordan,Playoffs,1994-95
41994,893,0049400005,"Apr 28, 1995",CHI @ CHH,W,47,18,32,0.563,1,4,0.25,11,11,1.0,1,8,9,8,1,1,3,1,48,,0,Michael Jordan,Playoffs,1994-95
21995,893,0029501188,"Apr 21, 1996",CHI @ WAS,W,24,11,22,0.5,1,3,0.333,3,3,1.0,1,3,4,4,4,0,1,0,26,,0,Michael Jordan,Regular Season,1995-96
21995,893,0029501175,"Apr 20, 1996",CHI vs. IND,L,31,9,23,0.391,2,5,0.4,4,5,0.8,0,2,2,6,1,1,3,4,24,,0,Michael Jordan,Regular Season,1995-96
21995,893,0029501158,"Apr 18, 1996",CHI vs. DET,W,24,11,18,0.611,4,5,0.8,4,4,1.0,1,4,5,1,1,0,2,1,30,,0,Michael Jordan,Regular Season,1995-96
21995,893,0029501144,"Apr 16, 1996",CHI @ MIL,W,42,9,27,0.333,1,4,0.25,3,4,0.75,1,8,9,4,2,1,4,1,22,,0,Michael Jordan,Regular Season,1995-96
21995,893,0029501134,"Apr 14, 1996",CHI @ CLE,W,35,11,18,0.611,4,7,0.571,6,6,1.0,3,9,12,3,1,0,3,0,32,,0,Michael Jordan,Regular Season,1995-96
21995,893,0029501115,"Apr 12, 1996",CHI vs. PHL,W,29,10,16,0.625,2,4,0.5,1,1,1.0,2,1,3,0,4,1,2,2,23,,0,Michael Jordan,Regular Season,1995-96
21995,893,0029501107,"Apr 11, 1996",CHI @ NJN,W,26,8,18,0.444,0,1,0.0,1,4,0.25,3,4,7,3,3,0,3,0,17,,0,Michael Jordan,Regular Season,1995-96
21995,893,0029501088,"Apr 08, 1996",CHI vs. CHH,L,42,13,27,0.481,1,3,0.333,13,19,0.684,4,7,11,5,1,0,1,2,40,,0,Michael Jordan,Regular Season,1995-96
21995,893,0029501076,"Apr 07, 1996",CHI @ ORL,W,44,10,30,0.333,2,4,0.5,5,5,1.0,1,2,3,1,2,0,1,2,27,,0,Michael Jordan,Regular Season,1995-96
21995,893,0029501061,"Apr 05, 1996",CHI @ CHH,W,28,10,16,0.625,2,2,1.0,2,3,0.667,0,5,5,4,3,0,3,0,24,,0,Michael Jordan,Regular Season,1995-96
21995,893,0029501054,"Apr 04, 1996",CHI vs. MIA,W,41,13,24,0.542,1,4,0.25,13,16,0.813,3,4,7,3,4,2,4,2,40,,0,Michael Jordan,Regular Season,1995-96
21995,893,0029501032,"Apr 02, 1996",CHI @ MIA,W,37,11,23,0.478,2,3,0.667,8,8,1.0,1,7,8,3,2,0,1,4,32,,0,Michael Jordan,Regular Season,1995-96
21995,893,0029501019,"Mar 30, 1996",CHI vs. LAC,W,34,6,15,0.4,0,1,0.0,9,10,0.9,4,5,9,6,2,0,1,1,21,,0,Michael Jordan,Regular Season,1995-96
21995,893,0029501003,"Mar 28, 1996",CHI vs. ATL,W,30,5,12,0.417,0,1,0.0,3,6,0.5,0,5,5,7,1,1,0,3,13,,0,Michael Jordan,Regular Season,1995-96
21995,893,0029500977,"Mar 24, 1996",CHI @ TOR,L,39,14,22,0.636,0,1,0.0,8,8,1.0,5,4,9,2,0,2,2,3,36,,0,Michael Jordan,Regular Season,1995-96
21995,893,0029500953,"Mar 21, 1996",CHI vs. NYK,W,37,14,24,0.583,1,4,0.25,7,7,1.0,0,11,11,5,1,0,1,3,36,,0,Michael Jordan,Regular Season,1995-96
21995,893,0029500938,"Mar 19, 1996",CHI vs. SAC,W,35,7,16,0.438,0,3,0.0,6,6,1.0,2,7,9,3,2,0,6,3,20,,0,Michael Jordan,Regular Season,1995-96
21995,893,0029500930,"Mar 18, 1996",CHI @ PHL,W,47,15,32,0.469,0,5,0.0,8,10,0.8,2,9,11,4,1,0,2,5,38,,0,Michael Jordan,Regular Season,1995-96
21995,893,0029500920,"Mar 16, 1996",CHI @ NJN,W,43,14,29,0.483,2,5,0.4,7,7,1.0,2,14,16,5,1,3,0,4,37,,0,Michael Jordan,Regular Season,1995-96
21995,893,0029500914,"Mar 15, 1996",CHI vs. DEN,W,36,14,22,0.636,3,5,0.6,2,3,0.667,0,6,6,3,3,2,3,2,33,,0,Michael Jordan,Regular Season,1995-96
21995,893,0029500895,"Mar 13, 1996",CHI vs. WAS,W,36,12,25,0.48,2,6,0.333,11,12,0.917,0,6,6,5,1,0,3,2,37,,0,Michael Jordan,Regular Season,1995-96
21995,893,0029500878,"Mar 10, 1996",CHI @ NYK,L,43,12,26,0.462,2,4,0.5,6,7,0.857,1,7,8,3,1,1,7,3,32,,0,Michael Jordan,Regular Season,1995-96
21995,893,0029500855,"Mar 07, 1996",CHI vs. DET,W,38,21,28,0.75,2,4,0.5,9,10,0.9,2,9,11,2,6,0,4,3,53,,0,Michael Jordan,Regular Season,1995-96
21995,893,0029500838,"Mar 05, 1996",CHI vs. MIL,W,32,12,20,0.6,4,5,0.8,5,6,0.833,4,4,8,4,2,0,3,0,33,,0,Michael Jordan,Regular Season,1995-96
21995,893,0029500820,"Mar 02, 1996",CHI vs. BOS,W,32,8,15,0.533,0,2,0.0,5,8,0.625,3,5,8,8,4,1,1,0,21,,0,Michael Jordan,Regular Season,1995-96
21995,893,0029500806,"Mar 01, 1996",CHI vs. GOS,W,35,7,17,0.412,1,3,0.333,2,3,0.667,0,3,3,6,6,0,3,1,17,,0,Michael Jordan,Regular Season,1995-96
21995,893,0029500789,"Feb 27, 1996",CHI vs. MIN,W,41,11,24,0.458,2,3,0.667,11,12,0.917,2,4,6,7,2,0,1,2,35,,0,Michael Jordan,Regular Season,1995-96
21995,893,0029500775,"Feb 25, 1996",CHI vs. ORL,W,40,8,19,0.421,1,1,1.0,6,8,0.75,2,3,5,7,2,0,1,2,23,,0,Michael Jordan,Regular Season,1995-96
21995,893,0029500753,"Feb 23, 1996",CHI @ MIA,L,40,9,21,0.429,1,4,0.25,12,13,0.923,3,6,9,5,4,0,3,4,31,,0,Michael Jordan,Regular Season,1995-96
21995,893,0029500749,"Feb 22, 1996",CHI @ ATL,W,43,15,26,0.577,2,2,1.0,2,2,1.0,1,2,3,3,0,1,2,0,34,,0,Michael Jordan,Regular Season,1995-96
21995,893,0029500734,"Feb 20, 1996",CHI vs. CLE,W,35,6,19,0.316,0,0,0.0,2,3,0.667,3,6,9,6,0,0,0,3,14,,0,Michael Jordan,Regular Season,1995-96
21995,893,0029500720,"Feb 18, 1996",CHI @ IND,W,42,16,29,0.552,3,4,0.75,9,10,0.9,4,1,5,7,3,2,3,2,44,,0,Michael Jordan,Regular Season,1995-96
21995,893,0029500707,"Feb 16, 1996",CHI @ MIN,W,38,13,23,0.565,4,4,1.0,5,5,1.0,1,6,7,4,0,1,2,1,35,,0,Michael Jordan,Regular Season,1995-96
21995,893,0029500699,"Feb 15, 1996",CHI @ DET,W,49,10,30,0.333,0,1,0.0,12,12,1.0,2,6,8,5,3,0,1,2,32,,0,Michael Jordan,Regular Season,1995-96
21995,893,0029500684,"Feb 13, 1996",CHI vs. WAS,W,36,11,23,0.478,2,3,0.667,8,10,0.8,2,7,9,3,0,0,4,2,32,,0,Michael Jordan,Regular Season,1995-96
21995,893,0029500668,"Feb 07, 1996",CHI @ GOS,W,46,15,31,0.484,0,0,0.0,10,13,0.769,6,5,11,6,3,2,2,3,40,,0,Michael Jordan,Regular Season,1995-96
21995,893,0029500658,"Feb 06, 1996",CHI @ PHX,L,40,9,22,0.409,0,2,0.0,10,17,0.588,2,0,2,6,3,0,3,5,28,,0,Michael Jordan,Regular Season,1995-96
21995,893,0029500640,"Feb 04, 1996",CHI @ DEN,L,42,13,29,0.448,4,7,0.571,9,11,0.818,0,3,3,4,3,1,4,1,39,,0,Michael Jordan,Regular Season,1995-96
21995,893,0029500631,"Feb 02, 1996",CHI @ LAL,W,39,8,17,0.471,0,0,0.0,1,1,1.0,3,4,7,7,1,0,3,2,17,,0,Michael Jordan,Regular Season,1995-96
21995,893,0029500622,"Feb 01, 1996",CHI @ SAC,W,38,7,16,0.438,0,1,0.0,13,14,0.929,0,2,2,1,2,1,4,4,27,,0,Michael Jordan,Regular Season,1995-96
21995,893,0029500610,"Jan 30, 1996",CHI @ HOU,W,43,7,26,0.269,1,6,0.167,7,8,0.875,3,5,8,1,4,0,2,3,22,,0,Michael Jordan,Regular Season,1995-96
21995,893,0029500597,"Jan 28, 1996",CHI vs. PHX,W,42,13,25,0.52,0,2,0.0,5,7,0.714,3,3,6,6,3,1,2,5,31,,0,Michael Jordan,Regular Season,1995-96
21995,893,0029500578,"Jan 26, 1996",CHI vs. MIA,W,35,10,21,0.476,1,3,0.333,4,5,0.8,4,5,9,4,3,2,8,4,25,,0,Michael Jordan,Regular Season,1995-96
21995,893,0029500566,"Jan 24, 1996",CHI vs. VAN,W,26,4,10,0.4,0,1,0.0,4,6,0.667,1,2,3,6,0,0,1,4,12,,0,Michael Jordan,Regular Season,1995-96
21995,893,0029500557,"Jan 23, 1996",CHI @ NYK,W,36,13,23,0.565,3,4,0.75,4,5,0.8,1,5,6,4,3,0,2,1,33,,0,Michael Jordan,Regular Season,1995-96
21995,893,0029500548,"Jan 21, 1996",CHI @ DET,W,43,12,23,0.522,3,5,0.6,9,11,0.818,3,5,8,4,2,1,3,1,36,,0,Michael Jordan,Regular Season,1995-96
21995,893,0029500523,"Jan 18, 1996",CHI @ TOR,W,43,14,28,0.5,4,8,0.5,6,8,0.75,4,5,9,2,1,0,1,0,38,,0,Michael Jordan,Regular Season,1995-96
21995,893,0029500509,"Jan 16, 1996",CHI vs. PHL,W,32,13,22,0.591,2,6,0.333,4,6,0.667,3,4,7,2,3,0,1,1,32,,0,Michael Jordan,Regular Season,1995-96
21995,893,0029500506,"Jan 15, 1996",CHI @ WAS,W,39,16,31,0.516,3,7,0.429,11,11,1.0,0,4,4,2,1,0,5,5,46,,0,Michael Jordan,Regular Season,1995-96
21995,893,0029500493,"Jan 13, 1996",CHI @ PHL,W,34,18,28,0.643,5,7,0.714,7,7,1.0,3,7,10,2,1,1,2,1,48,,0,Michael Jordan,Regular Season,1995-96
21995,893,0029500466,"Jan 10, 1996",CHI vs. SEA,W,36,14,25,0.56,1,2,0.5,6,7,0.857,1,13,14,5,0,1,4,2,35,,0,Michael Jordan,Regular Season,1995-96
21995,893,0029500443,"Jan 06, 1996",CHI vs. MIL,W,37,10,20,0.5,2,4,0.5,10,12,0.833,1,1,2,3,3,1,0,2,32,,0,Michael Jordan,Regular Season,1995-96
21995,893,0029500427,"Jan 04, 1996",CHI @ CHH,W,34,11,20,0.55,0,1,0.0,5,7,0.714,1,4,5,5,1,0,1,1,27,,0,Michael Jordan,Regular Season,1995-96
21995,893,0029500422,"Jan 03, 1996",CHI vs. HOU,W,40,17,29,0.586,1,1,1.0,3,4,0.75,3,5,8,5,3,0,1,3,38,,0,Michael Jordan,Regular Season,1995-96
21995,893,0029500409,"Dec 30, 1995",CHI vs. ATL,W,42,14,27,0.519,1,2,0.5,4,6,0.667,2,5,7,6,4,1,5,3,33,,0,Michael Jordan,Regular Season,1995-96
21995,893,0029500393,"Dec 29, 1995",CHI vs. IND,W,36,8,20,0.4,0,2,0.0,13,18,0.722,3,4,7,3,3,0,4,4,29,,0,Michael Jordan,Regular Season,1995-96
21995,893,0029500376,"Dec 26, 1995",CHI @ IND,L,43,11,28,0.393,1,2,0.5,7,9,0.778,2,8,10,4,1,2,2,3,30,,0,Michael Jordan,Regular Season,1995-96
21995,893,0029500362,"Dec 23, 1995",CHI vs. UTH,W,37,12,22,0.545,1,2,0.5,5,5,1.0,1,6,7,8,3,1,2,2,30,,0,Michael Jordan,Regular Season,1995-96
21995,893,0029500345,"Dec 22, 1995",CHI vs. TOR,W,40,9,19,0.474,2,3,0.667,7,7,1.0,3,7,10,5,3,0,2,1,27,,0,Michael Jordan,Regular Season,1995-96
21995,893,0029500324,"Dec 19, 1995",CHI vs. DAL,W,36,12,23,0.522,0,1,0.0,8,8,1.0,1,3,4,4,1,0,0,1,32,,0,Michael Jordan,Regular Season,1995-96
21995,893,0029500320,"Dec 18, 1995",CHI @ BOS,W,40,16,27,0.593,0,1,0.0,5,8,0.625,0,6,6,3,5,0,2,2,37,,0,Michael Jordan,Regular Season,1995-96
21995,893,0029500307,"Dec 16, 1995",CHI vs. LAL,W,38,5,20,0.25,0,1,0.0,10,10,1.0,2,5,7,6,5,1,3,2,20,,0,Michael Jordan,Regular Season,1995-96
21995,893,0029500291,"Dec 14, 1995",CHI @ ATL,W,31,8,16,0.5,1,4,0.25,5,5,1.0,1,2,3,1,0,0,3,3,22,,0,Michael Jordan,Regular Season,1995-96
21995,893,0029500289,"Dec 13, 1995",CHI vs. ORL,W,43,15,30,0.5,4,7,0.571,2,6,0.333,3,3,6,2,2,1,4,3,36,,0,Michael Jordan,Regular Season,1995-96
21995,893,0029500256,"Dec 09, 1995",CHI @ MIL,W,42,16,28,0.571,0,0,0.0,13,16,0.813,3,2,5,4,2,0,2,3,45,,0,Michael Jordan,Regular Season,1995-96
21995,893,0029500255,"Dec 08, 1995",CHI vs. SAN,W,36,11,23,0.478,0,1,0.0,6,6,1.0,1,4,5,6,3,1,1,4,28,,0,Michael Jordan,Regular Season,1995-96
21995,893,0029500236,"Dec 06, 1995",CHI vs. NYK,W,45,8,27,0.296,0,0,0.0,6,6,1.0,0,3,3,8,0,0,0,3,22,,0,Michael Jordan,Regular Season,1995-96
21995,893,0029500217,"Dec 02, 1995",CHI @ LAC,W,43,13,22,0.591,0,2,0.0,11,14,0.786,5,6,11,5,4,1,2,3,37,,0,Michael Jordan,Regular Season,1995-96
21995,893,0029500200,"Nov 30, 1995",CHI @ VAN,W,39,14,26,0.538,0,2,0.0,1,2,0.5,1,2,3,4,3,0,2,1,29,,0,Michael Jordan,Regular Season,1995-96
21995,893,0029500178,"Nov 27, 1995",CHI @ POR,W,41,13,22,0.591,0,3,0.0,7,8,0.875,1,2,3,8,4,0,4,3,33,,0,Michael Jordan,Regular Season,1995-96
21995,893,0029500172,"Nov 26, 1995",CHI @ SEA,L,40,6,19,0.316,0,4,0.0,10,11,0.909,2,3,5,4,2,0,4,1,22,,0,Michael Jordan,Regular Season,1995-96
21995,893,0029500156,"Nov 24, 1995",CHI @ UTH,W,40,9,21,0.429,2,5,0.4,14,17,0.824,0,8,8,6,1,0,4,3,34,,0,Michael Jordan,Regular Season,1995-96
21995,893,0029500137,"Nov 22, 1995",CHI @ SAN,W,43,15,27,0.556,1,1,1.0,7,8,0.875,2,7,9,2,4,0,5,5,38,,0,Michael Jordan,Regular Season,1995-96
21995,893,0029500136,"Nov 21, 1995",CHI @ DAL,W,45,12,25,0.48,0,2,0.0,12,13,0.923,0,8,8,5,2,2,0,3,36,,0,Michael Jordan,Regular Season,1995-96
21995,893,0029500106,"Nov 17, 1995",CHI vs. NJN,W,35,7,16,0.438,0,1,0.0,4,4,1.0,1,2,3,3,4,0,5,3,18,,0,Michael Jordan,Regular Season,1995-96
21995,893,0029500098,"Nov 15, 1995",CHI vs. CLE,W,29,7,10,0.7,1,2,0.5,5,7,0.714,1,6,7,2,1,0,1,2,20,,0,Michael Jordan,Regular Season,1995-96
21995,893,0029500088,"Nov 14, 1995",CHI @ ORL,L,40,8,20,0.4,3,7,0.429,4,5,0.8,2,5,7,6,2,0,2,4,23,,0,Michael Jordan,Regular Season,1995-96
21995,893,0029500074,"Nov 11, 1995",CHI vs. POR,W,40,11,23,0.478,0,2,0.0,14,15,0.933,2,1,3,7,1,1,3,3,36,,0,Michael Jordan,Regular Season,1995-96
21995,893,0029500053,"Nov 09, 1995",CHI @ CLE,W,37,12,24,0.5,4,8,0.5,1,2,0.5,0,5,5,3,0,0,3,3,29,,0,Michael Jordan,Regular Season,1995-96
21995,893,0029500035,"Nov 07, 1995",CHI vs. TOR,W,40,13,19,0.684,3,4,0.75,9,9,1.0,1,3,4,5,4,0,1,2,38,,0,Michael Jordan,Regular Season,1995-96
21995,893,0029500018,"Nov 04, 1995",CHI vs. BOS,W,21,5,12,0.417,0,1,0.0,5,7,0.714,0,0,0,3,3,1,0,4,15,,0,Michael Jordan,Regular Season,1995-96
21995,893,0029500001,"Nov 03, 1995",CHI vs. CHH,W,39,16,29,0.552,3,7,0.429,7,9,0.778,1,5,6,7,0,0,1,4,42,,0,Michael Jordan,Regular Season,1995-96
41995,893,0049500068,"Jun 16, 1996",CHI vs. SEA,W,43,5,19,0.263,1,3,0.333,11,12,0.917,3,6,9,7,2,0,5,3,22,,0,Michael Jordan,Playoffs,1995-96
41995,893,0049500067,"Jun 14, 1996",CHI @ SEA,L,43,11,22,0.5,0,4,0.0,4,5,0.8,2,2,4,1,1,0,2,3,26,,0,Michael Jordan,Playoffs,1995-96
41995,893,0049500066,"Jun 12, 1996",CHI @ SEA,L,41,6,19,0.316,0,2,0.0,11,13,0.846,1,2,3,2,1,0,4,3,23,,0,Michael Jordan,Playoffs,1995-96
41995,893,0049500065,"Jun 09, 1996",CHI @ SEA,W,41,11,23,0.478,3,4,0.75,11,11,1.0,2,1,3,5,2,0,3,1,36,,0,Michael Jordan,Playoffs,1995-96
41995,893,0049500064,"Jun 07, 1996",CHI vs. SEA,W,43,9,22,0.409,1,2,0.5,10,16,0.625,2,4,6,8,2,0,2,3,29,,0,Michael Jordan,Playoffs,1995-96
41995,893,0049500063,"Jun 05, 1996",CHI vs. SEA,W,41,9,18,0.5,1,4,0.25,9,10,0.9,0,7,7,2,2,1,2,4,28,,0,Michael Jordan,Playoffs,1995-96
41995,893,0049500059,"May 27, 1996",CHI @ ORL,W,44,16,23,0.696,3,4,0.75,10,14,0.714,2,1,3,5,1,1,4,5,45,,0,Michael Jordan,Playoffs,1995-96
41995,893,0049500057,"May 25, 1996",CHI @ ORL,W,39,5,14,0.357,1,1,1.0,6,11,0.545,3,4,7,4,2,1,2,1,17,,0,Michael Jordan,Playoffs,1995-96
41995,893,0049500055,"May 21, 1996",CHI vs. ORL,W,43,9,21,0.429,2,4,0.5,15,16,0.938,1,4,5,6,4,1,2,2,35,,0,Michael Jordan,Playoffs,1995-96
41995,893,0049500053,"May 19, 1996",CHI vs. ORL,W,37,9,17,0.529,1,2,0.5,2,3,0.667,2,5,7,4,2,0,3,3,21,,0,Michael Jordan,Playoffs,1995-96
41995,893,0049500048,"May 14, 1996",CHI vs. NYK,W,43,13,29,0.448,1,2,0.5,8,9,0.889,1,1,2,5,2,0,2,5,35,,0,Michael Jordan,Playoffs,1995-96
41995,893,0049500044,"May 12, 1996",CHI @ NYK,W,40,7,23,0.304,2,7,0.286,11,13,0.846,2,6,8,8,2,1,0,5,27,,0,Michael Jordan,Playoffs,1995-96
41995,893,0049500041,"May 11, 1996",CHI @ NYK,L,51,17,35,0.486,2,5,0.4,10,13,0.769,3,1,4,2,2,0,4,2,46,,0,Michael Jordan,Playoffs,1995-96
41995,893,0049500035,"May 07, 1996",CHI vs. NYK,W,40,11,25,0.44,1,3,0.333,5,5,1.0,3,2,5,5,3,0,2,0,28,,0,Michael Jordan,Playoffs,1995-96
41995,893,0049500031,"May 05, 1996",CHI vs. NYK,W,41,17,35,0.486,1,5,0.2,9,9,1.0,1,4,5,2,0,0,1,4,44,,0,Michael Jordan,Playoffs,1995-96
41995,893,0049500024,"May 01, 1996",CHI @ MIA,W,33,10,23,0.435,3,6,0.5,3,3,1.0,1,2,3,2,3,0,0,0,26,,0,Michael Jordan,Playoffs,1995-96
41995,893,0049500015,"Apr 28, 1996",CHI vs. MIA,W,32,9,17,0.529,2,3,0.667,9,12,0.75,0,4,4,4,1,0,0,0,29,,0,Michael Jordan,Playoffs,1995-96
41995,893,0049500008,"Apr 26, 1996",CHI vs. MIA,W,38,13,22,0.591,0,1,0.0,9,12,0.75,2,2,4,2,1,1,4,5,35,,0,Michael Jordan,Playoffs,1995-96
21996,893,0029601176,"Apr 19, 1997",CHI vs. NYK,L,39,14,22,0.636,1,1,1.0,4,8,0.5,0,3,3,3,2,0,4,4,33,-8,0,Michael Jordan,Regular Season,1996-97
21996,893,0029601155,"Apr 16, 1997",CHI @ MIA,L,39,11,27,0.407,2,5,0.4,2,4,0.5,1,7,8,3,0,1,3,5,26,-15,0,Michael Jordan,Regular Season,1996-97
21996,893,0029601142,"Apr 14, 1997",CHI vs. TOR,W,35,12,24,0.5,4,7,0.571,2,2,1.0,2,9,11,10,3,1,2,2,30,22,0,Michael Jordan,Regular Season,1996-97
21996,893,0029601132,"Apr 13, 1997",CHI @ DET,L,38,7,16,0.438,0,3,0.0,4,4,1.0,1,8,9,7,0,0,4,1,18,-18,0,Michael Jordan,Regular Season,1996-97
21996,893,0029601105,"Apr 10, 1997",CHI @ NYK,W,44,12,26,0.462,1,3,0.333,9,10,0.9,1,7,8,6,1,1,3,3,34,2,0,Michael Jordan,Regular Season,1996-97
21996,893,0029601103,"Apr 09, 1997",CHI @ IND,W,41,8,19,0.421,0,3,0.0,7,8,0.875,0,3,3,2,5,0,6,2,23,3,0,Michael Jordan,Regular Season,1996-97
21996,893,0029601089,"Apr 07, 1997",CHI vs. PHI,W,30,13,25,0.52,3,4,0.75,1,2,0.5,3,5,8,2,3,2,2,1,30,7,0,Michael Jordan,Regular Season,1996-97
21996,893,0029601081,"Apr 06, 1997",CHI @ ORL,W,40,13,22,0.591,3,6,0.5,8,9,0.889,2,6,8,5,3,1,4,3,37,30,0,Michael Jordan,Regular Season,1996-97
21996,893,0029601066,"Apr 04, 1997",CHI vs. CLE,W,38,9,16,0.563,0,1,0.0,4,5,0.8,1,4,5,3,1,2,0,2,22,18,0,Michael Jordan,Regular Season,1996-97
21996,893,0029601057,"Apr 03, 1997",CHI @ WAS,L,39,14,30,0.467,1,4,0.25,5,6,0.833,0,1,1,6,2,1,2,2,34,-3,0,Michael Jordan,Regular Season,1996-97
21996,893,0029601042,"Apr 01, 1997",CHI vs. BOS,W,27,8,11,0.727,0,0,0.0,5,9,0.556,0,8,8,2,2,0,2,1,21,20,0,Michael Jordan,Regular Season,1996-97
21996,893,0029601027,"Mar 29, 1997",CHI vs. NJN,W,39,9,21,0.429,1,2,0.5,2,3,0.667,2,4,6,10,0,2,0,3,21,9,0,Michael Jordan,Regular Season,1996-97
21996,893,0029601011,"Mar 27, 1997",CHI @ TOR,W,41,5,17,0.294,0,0,0.0,2,3,0.667,3,7,10,4,0,2,6,2,12,11,0,Michael Jordan,Regular Season,1996-97
21996,893,0029600995,"Mar 25, 1997",CHI vs. DAL,W,36,9,20,0.45,0,1,0.0,2,2,1.0,0,1,1,3,3,0,2,3,20,-12,0,Michael Jordan,Regular Season,1996-97
21996,893,0029600977,"Mar 22, 1997",CHI vs. DET,W,35,8,20,0.4,3,6,0.5,4,4,1.0,2,3,5,7,2,1,0,3,23,16,0,Michael Jordan,Regular Season,1996-97
21996,893,0029600972,"Mar 21, 1997",CHI @ IND,W,40,11,25,0.44,1,3,0.333,13,14,0.929,4,2,6,4,2,1,2,0,36,17,0,Michael Jordan,Regular Season,1996-97
21996,893,0029600948,"Mar 18, 1997",CHI vs. SEA,W,50,10,28,0.357,0,4,0.0,12,13,0.923,8,10,18,2,0,0,8,3,32,-2,0,Michael Jordan,Regular Season,1996-97
21996,893,0029600924,"Mar 15, 1997",CHI vs. ATL,W,29,5,11,0.455,0,1,0.0,0,0,0.0,1,3,4,3,1,2,3,1,10,13,0,Michael Jordan,Regular Season,1996-97
21996,893,0029600912,"Mar 14, 1997",CHI @ NJN,L,39,16,34,0.471,1,3,0.333,3,5,0.6,2,6,8,5,0,1,1,1,36,5,0,Michael Jordan,Regular Season,1996-97
21996,893,0029600901,"Mar 12, 1997",CHI @ PHI,W,37,9,24,0.375,1,4,0.25,4,5,0.8,0,5,5,3,2,1,4,2,23,13,0,Michael Jordan,Regular Season,1996-97
21996,893,0029600888,"Mar 11, 1997",CHI @ BOS,W,43,13,23,0.565,1,3,0.333,5,6,0.833,0,4,4,9,3,0,2,2,32,10,0,Michael Jordan,Regular Season,1996-97
21996,893,0029600877,"Mar 09, 1997",CHI @ NYK,L,46,14,31,0.452,0,3,0.0,8,9,0.889,2,4,6,4,1,0,1,2,36,0,0,Michael Jordan,Regular Season,1996-97
21996,893,0029600865,"Mar 07, 1997",CHI vs. IND,W,44,11,21,0.524,1,3,0.333,15,17,0.882,1,3,4,5,2,1,4,3,38,6,0,Michael Jordan,Regular Season,1996-97
21996,893,0029600850,"Mar 05, 1997",CHI vs. SAS,W,24,7,17,0.412,1,4,0.25,1,2,0.5,1,1,2,4,2,0,0,1,16,23,0,Michael Jordan,Regular Season,1996-97
21996,893,0029600835,"Mar 03, 1997",CHI vs. MIL,W,36,11,19,0.579,3,7,0.429,6,6,1.0,0,3,3,6,2,0,2,2,31,17,0,Michael Jordan,Regular Season,1996-97
21996,893,0029600815,"Feb 28, 1997",CHI vs. SAC,W,35,13,20,0.65,5,7,0.714,4,5,0.8,1,8,9,6,1,1,2,2,35,29,0,Michael Jordan,Regular Season,1996-97
21996,893,0029600805,"Feb 27, 1997",CHI @ CLE,L,43,7,25,0.28,0,3,0.0,9,9,1.0,1,7,8,4,0,0,2,2,23,-10,0,Michael Jordan,Regular Season,1996-97
21996,893,0029600785,"Feb 24, 1997",CHI vs. POR,W,30,13,27,0.481,3,7,0.429,8,9,0.889,1,3,4,3,0,0,1,1,37,23,0,Michael Jordan,Regular Season,1996-97
21996,893,0029600771,"Feb 22, 1997",CHI vs. GSW,W,31,13,19,0.684,5,8,0.625,3,4,0.75,1,4,5,1,3,0,2,1,34,22,0,Michael Jordan,Regular Season,1996-97
21996,893,0029600758,"Feb 21, 1997",CHI @ WAS,W,45,13,28,0.464,3,4,0.75,7,12,0.583,1,3,4,4,1,0,2,2,36,4,0,Michael Jordan,Regular Season,1996-97
21996,893,0029600739,"Feb 18, 1997",CHI vs. DEN,W,32,10,18,0.556,1,3,0.333,3,4,0.75,2,3,5,12,3,0,0,3,24,18,0,Michael Jordan,Regular Season,1996-97
21996,893,0029600725,"Feb 16, 1997",CHI vs. ORL,W,38,8,20,0.4,3,4,0.75,0,0,0.0,1,7,8,10,4,0,2,3,19,25,0,Michael Jordan,Regular Season,1996-97
21996,893,0029600709,"Feb 14, 1997",CHI @ ATL,W,45,13,28,0.464,1,2,0.5,3,5,0.6,3,5,8,4,2,0,4,0,30,3,0,Michael Jordan,Regular Season,1996-97
21996,893,0029600686,"Feb 11, 1997",CHI vs. CHH,W,42,16,24,0.667,1,2,0.5,10,14,0.714,0,5,5,4,3,0,5,2,43,4,0,Michael Jordan,Regular Season,1996-97
21996,893,0029600673,"Feb 05, 1997",CHI @ LAL,L,39,10,24,0.417,2,5,0.4,5,6,0.833,1,3,4,4,1,1,2,1,27,-7,0,Michael Jordan,Regular Season,1996-97
21996,893,0029600667,"Feb 04, 1997",CHI @ POR,W,41,15,30,0.5,1,4,0.25,5,5,1.0,1,4,5,2,1,2,0,3,36,-1,0,Michael Jordan,Regular Season,1996-97
21996,893,0029600655,"Feb 02, 1997",CHI @ SEA,W,45,19,28,0.679,2,3,0.667,5,6,0.833,3,4,7,3,1,0,1,2,45,4,0,Michael Jordan,Regular Season,1996-97
21996,893,0029600636,"Jan 31, 1997",CHI @ GSW,W,32,8,17,0.471,1,6,0.167,1,1,1.0,0,4,4,8,3,0,2,2,18,22,0,Michael Jordan,Regular Season,1996-97
21996,893,0029600630,"Jan 30, 1997",CHI @ SAC,W,40,11,19,0.579,1,5,0.2,9,10,0.9,0,6,6,2,3,0,2,3,32,13,0,Michael Jordan,Regular Season,1996-97
21996,893,0029600616,"Jan 28, 1997",CHI @ VAN,W,32,12,19,0.632,1,3,0.333,3,4,0.75,1,3,4,3,4,0,2,1,28,9,0,Michael Jordan,Regular Season,1996-97
21996,893,0029600596,"Jan 25, 1997",CHI vs. TOR,W,31,10,16,0.625,3,4,0.75,1,2,0.5,1,2,3,4,2,0,0,1,24,20,0,Michael Jordan,Regular Season,1996-97
21996,893,0029600577,"Jan 23, 1997",CHI @ CLE,W,39,10,24,0.417,1,5,0.2,11,12,0.917,1,8,9,0,1,0,4,2,32,16,0,Michael Jordan,Regular Season,1996-97
21996,893,0029600565,"Jan 21, 1997",CHI vs. NYK,W,43,18,30,0.6,5,8,0.625,10,11,0.909,1,3,4,4,2,0,2,1,51,7,0,Michael Jordan,Regular Season,1996-97
21996,893,0029600548,"Jan 19, 1997",CHI @ HOU,L,43,8,25,0.32,1,6,0.167,9,9,1.0,3,11,14,5,1,1,1,0,26,-17,0,Michael Jordan,Regular Season,1996-97
21996,893,0029600533,"Jan 17, 1997",CHI vs. MIL,W,36,10,15,0.667,1,2,0.5,3,4,0.75,1,6,7,11,2,0,1,2,24,22,0,Michael Jordan,Regular Season,1996-97
21996,893,0029600518,"Jan 15, 1997",CHI @ MIN,W,35,12,22,0.545,1,5,0.2,0,0,0.0,1,2,3,4,1,1,3,2,25,15,0,Michael Jordan,Regular Season,1996-97
21996,893,0029600510,"Jan 14, 1997",CHI vs. WAS,W,40,14,27,0.519,0,4,0.0,11,11,1.0,0,2,2,2,2,0,0,3,39,-9,0,Michael Jordan,Regular Season,1996-97
21996,893,0029600494,"Jan 11, 1997",CHI vs. HOU,W,39,12,25,0.48,4,6,0.667,4,4,1.0,0,6,6,7,2,0,3,1,32,17,0,Michael Jordan,Regular Season,1996-97
21996,893,0029600485,"Jan 10, 1997",CHI @ MIL,W,38,11,23,0.478,3,4,0.75,8,13,0.615,1,4,5,3,0,0,0,2,33,8,0,Michael Jordan,Regular Season,1996-97
21996,893,0029600455,"Jan 06, 1997",CHI vs. UTA,W,40,8,20,0.4,2,3,0.667,5,6,0.833,3,5,8,3,3,1,1,1,23,24,0,Michael Jordan,Regular Season,1996-97
21996,893,0029600437,"Jan 03, 1997",CHI vs. ORL,W,35,10,18,0.556,0,2,0.0,2,2,1.0,1,3,4,6,2,1,2,2,22,19,0,Michael Jordan,Regular Season,1996-97
21996,893,0029600418,"Dec 30, 1996",CHI vs. IND,W,40,12,29,0.414,1,5,0.2,3,4,0.75,3,4,7,4,1,0,3,1,28,1,0,Michael Jordan,Regular Season,1996-97
21996,893,0029600403,"Dec 28, 1996",CHI vs. CLE,W,42,13,25,0.52,0,1,0.0,19,20,0.95,2,5,7,5,3,0,4,4,45,17,0,Michael Jordan,Regular Season,1996-97
21996,893,0029600384,"Dec 26, 1996",CHI @ ATL,L,40,10,25,0.4,2,5,0.4,12,13,0.923,0,3,3,1,2,1,0,2,34,-14,0,Michael Jordan,Regular Season,1996-97
21996,893,0029600381,"Dec 25, 1996",CHI vs. DET,W,46,9,21,0.429,0,4,0.0,5,7,0.714,6,4,10,2,1,0,4,3,23,11,0,Michael Jordan,Regular Season,1996-97
21996,893,0029600374,"Dec 23, 1996",CHI vs. NJN,W,33,10,18,0.556,0,1,0.0,4,4,1.0,2,1,3,4,0,0,3,1,24,19,0,Michael Jordan,Regular Season,1996-97
21996,893,0029600359,"Dec 21, 1996",CHI @ PHI,W,44,12,29,0.414,1,3,0.333,6,8,0.75,0,1,1,3,1,1,1,4,31,5,0,Michael Jordan,Regular Season,1996-97
21996,893,0029600343,"Dec 19, 1996",CHI @ CHH,W,36,13,27,0.481,3,8,0.375,6,7,0.857,5,3,8,1,1,1,2,0,35,28,0,Michael Jordan,Regular Season,1996-97
21996,893,0029600330,"Dec 17, 1996",CHI vs. LAL,W,47,10,32,0.313,0,2,0.0,10,14,0.714,5,4,9,3,1,1,2,2,30,8,0,Michael Jordan,Regular Season,1996-97
21996,893,0029600311,"Dec 14, 1996",CHI vs. CHH,W,41,10,26,0.385,0,3,0.0,9,12,0.75,2,7,9,5,5,0,1,0,29,7,0,Michael Jordan,Regular Season,1996-97
21996,893,0029600300,"Dec 13, 1996",CHI @ NJN,W,34,9,19,0.474,3,5,0.6,11,12,0.917,0,6,6,6,4,0,1,2,32,27,0,Michael Jordan,Regular Season,1996-97
21996,893,0029600291,"Dec 11, 1996",CHI vs. MIN,W,36,10,16,0.625,1,1,1.0,6,6,1.0,0,7,7,3,3,0,1,0,27,21,0,Michael Jordan,Regular Season,1996-97
21996,893,0029600266,"Dec 08, 1996",CHI @ TOR,L,41,5,17,0.294,1,4,0.25,2,2,1.0,0,9,9,8,2,2,3,1,13,0,0,Michael Jordan,Regular Season,1996-97
21996,893,0029600261,"Dec 07, 1996",CHI vs. MIA,L,42,16,30,0.533,0,3,0.0,5,6,0.833,1,8,9,3,0,0,0,1,37,3,0,Michael Jordan,Regular Season,1996-97
21996,893,0029600244,"Dec 05, 1996",CHI vs. LAC,W,31,9,21,0.429,0,3,0.0,2,3,0.667,1,3,4,6,2,0,1,3,20,7,0,Michael Jordan,Regular Season,1996-97
21996,893,0029600228,"Dec 03, 1996",CHI @ MIL,W,41,13,27,0.481,0,0,0.0,14,17,0.824,2,4,6,6,0,0,3,1,40,-9,0,Michael Jordan,Regular Season,1996-97
21996,893,0029600216,"Nov 30, 1996",CHI @ SAS,W,39,14,35,0.4,2,5,0.4,5,5,1.0,0,9,9,3,0,0,1,0,35,9,0,Michael Jordan,Regular Season,1996-97
21996,893,0029600204,"Nov 29, 1996",CHI @ DAL,W,40,13,23,0.565,4,5,0.8,6,6,1.0,0,7,7,4,2,0,2,1,36,20,0,Michael Jordan,Regular Season,1996-97
21996,893,0029600178,"Nov 25, 1996",CHI @ LAC,W,43,14,26,0.538,1,3,0.333,11,12,0.917,1,6,7,2,2,4,2,3,40,8,0,Michael Jordan,Regular Season,1996-97
21996,893,0029600166,"Nov 23, 1996",CHI @ UTA,L,39,17,32,0.531,0,6,0.0,10,12,0.833,1,5,6,4,2,1,2,3,44,-7,0,Michael Jordan,Regular Season,1996-97
21996,893,0029600153,"Nov 21, 1996",CHI @ DEN,W,34,12,23,0.522,0,2,0.0,7,7,1.0,4,3,7,3,2,1,2,2,31,29,0,Michael Jordan,Regular Season,1996-97
21996,893,0029600143,"Nov 20, 1996",CHI @ PHX,W,35,16,29,0.552,0,0,0.0,5,6,0.833,1,3,4,4,1,1,2,3,37,12,0,Michael Jordan,Regular Season,1996-97
21996,893,0029600120,"Nov 16, 1996",CHI vs. ATL,W,35,11,23,0.478,0,1,0.0,3,4,0.75,0,5,5,3,1,0,2,2,25,15,0,Michael Jordan,Regular Season,1996-97
21996,893,0029600107,"Nov 15, 1996",CHI @ CHH,W,29,15,25,0.6,4,5,0.8,4,4,1.0,0,1,1,2,1,1,1,2,38,34,0,Michael Jordan,Regular Season,1996-97
21996,893,0029600094,"Nov 13, 1996",CHI vs. MIA,W,34,8,23,0.348,0,1,0.0,12,16,0.75,1,4,5,3,1,0,0,3,28,5,0,Michael Jordan,Regular Season,1996-97
21996,893,0029600076,"Nov 11, 1996",CHI vs. PHX,W,36,12,21,0.571,1,1,1.0,1,2,0.5,1,1,2,5,1,1,3,1,26,11,0,Michael Jordan,Regular Season,1996-97
21996,893,0029600066,"Nov 09, 1996",CHI vs. BOS,W,32,10,23,0.435,0,2,0.0,7,11,0.636,2,1,3,3,1,0,0,2,27,17,0,Michael Jordan,Regular Season,1996-97
21996,893,0029600059,"Nov 08, 1996",CHI @ DET,W,36,6,14,0.429,1,3,0.333,2,2,1.0,1,3,4,8,1,0,0,3,15,16,0,Michael Jordan,Regular Season,1996-97
21996,893,0029600043,"Nov 06, 1996",CHI @ MIA,W,40,18,33,0.545,1,2,0.5,13,14,0.929,1,5,6,0,1,1,0,1,50,9,0,Michael Jordan,Regular Season,1996-97
21996,893,0029600035,"Nov 05, 1996",CHI vs. VAN,W,31,9,18,0.5,3,5,0.6,1,1,1.0,2,5,7,3,4,0,4,2,22,24,0,Michael Jordan,Regular Season,1996-97
21996,893,0029600019,"Nov 02, 1996",CHI vs. PHI,W,30,11,20,0.55,3,7,0.429,2,2,1.0,1,1,2,5,4,0,2,2,27,15,0,Michael Jordan,Regular Season,1996-97
21996,893,0029600001,"Nov 01, 1996",CHI @ BOS,W,43,10,22,0.455,0,5,0.0,10,13,0.769,1,3,4,3,0,0,1,2,30,11,0,Michael Jordan,Regular Season,1996-97
41996,893,0049600088,"Jun 13, 1997",CHI vs. UTA,W,43,15,35,0.429,1,4,0.25,8,10,0.8,1,10,11,4,1,1,1,2,39,0,0,Michael Jordan,Playoffs,1996-97
41996,893,0049600087,"Jun 11, 1997",CHI @ UTA,W,44,13,27,0.481,2,5,0.4,10,12,0.833,2,5,7,5,3,1,3,3,38,4,0,Michael Jordan,Playoffs,1996-97
41996,893,0049600086,"Jun 08, 1997",CHI @ UTA,L,42,11,27,0.407,0,4,0.0,0,0,,1,3,4,4,0,0,3,3,22,-6,0,Michael Jordan,Playoffs,1996-97
41996,893,0049600085,"Jun 06, 1997",CHI @ UTA,L,40,9,22,0.409,4,10,0.4,4,5,0.8,0,3,3,6,1,2,1,1,26,-9,0,Michael Jordan,Playoffs,1996-97
41996,893,0049600084,"Jun 04, 1997",CHI vs. UTA,W,44,11,20,0.55,1,2,0.5,15,21,0.714,4,9,13,9,2,0,5,2,38,15,0,Michael Jordan,Playoffs,1996-97
41996,893,0049600083,"Jun 01, 1997",CHI vs. UTA,W,40,13,27,0.481,0,0,,5,7,0.714,1,3,4,8,0,1,0,3,31,3,0,Michael Jordan,Playoffs,1996-97
41996,893,0049600078,"May 28, 1997",CHI vs. MIA,W,42,11,31,0.355,1,4,0.25,5,6,0.833,1,5,6,5,2,2,4,4,28,15,0,Michael Jordan,Playoffs,1996-97
41996,893,0049600076,"May 26, 1997",CHI @ MIA,L,44,9,35,0.257,0,8,0.0,11,13,0.846,4,4,8,1,1,0,2,2,29,-1,0,Michael Jordan,Playoffs,1996-97
41996,893,0049600074,"May 24, 1997",CHI @ MIA,W,36,14,25,0.56,1,2,0.5,5,5,1.0,3,5,8,1,1,0,3,3,34,26,0,Michael Jordan,Playoffs,1996-97
41996,893,0049600072,"May 22, 1997",CHI vs. MIA,W,43,4,15,0.267,0,1,0.0,15,16,0.938,2,7,9,3,4,1,2,1,23,6,0,Michael Jordan,Playoffs,1996-97
41996,893,0049600070,"May 20, 1997",CHI vs. MIA,W,42,15,31,0.484,0,2,0.0,7,10,0.7,3,6,9,3,1,1,2,3,37,10,0,Michael Jordan,Playoffs,1996-97
41996,893,0049600058,"May 13, 1997",CHI vs. ATL,W,40,9,23,0.391,1,5,0.2,5,5,1.0,2,5,7,7,2,0,2,0,24,9,0,Michael Jordan,Playoffs,1996-97
41996,893,0049600053,"May 11, 1997",CHI @ ATL,W,42,12,22,0.545,0,2,0.0,3,5,0.6,2,6,8,4,2,1,5,1,27,2,0,Michael Jordan,Playoffs,1996-97
41996,893,0049600051,"May 10, 1997",CHI @ ATL,W,38,8,20,0.4,0,1,0.0,5,5,1.0,3,6,9,3,2,2,5,3,21,18,0,Michael Jordan,Playoffs,1996-97
41996,893,0049600047,"May 08, 1997",CHI vs. ATL,L,44,12,29,0.414,0,6,0.0,3,3,1.0,6,10,16,6,0,1,1,2,27,4,0,Michael Jordan,Playoffs,1996-97
41996,893,0049600043,"May 06, 1997",CHI vs. ATL,W,44,13,25,0.52,1,3,0.333,7,10,0.7,3,8,11,6,4,3,3,3,34,9,0,Michael Jordan,Playoffs,1996-97
41996,893,0049600023,"Apr 30, 1997",CHI @ WAS,W,42,14,24,0.583,0,5,0.0,0,0,0.0,1,1,2,6,0,1,2,2,28,9,0,Michael Jordan,Playoffs,1996-97
41996,893,0049600014,"Apr 27, 1997",CHI vs. WAS,W,44,22,35,0.629,1,2,0.5,10,10,1.0,3,4,7,2,2,0,2,3,55,10,0,Michael Jordan,Playoffs,1996-97
41996,893,0049600006,"Apr 25, 1997",CHI vs. WAS,W,41,12,25,0.48,0,1,0.0,5,5,1.0,0,8,8,8,2,0,3,5,29,16,0,Michael Jordan,Playoffs,1996-97
21997,893,0029701177,"Apr 18, 1998",CHI vs. NYK,W,40,11,24,0.458,0,0,0.0,22,24,0.917,0,3,3,3,1,0,1,1,44,-6,0,Michael Jordan,Regular Season,1997-98
21997,893,0029701164,"Apr 17, 1998",CHI @ PHI,W,39,9,19,0.474,0,2,0.0,6,8,0.75,1,5,6,2,5,0,4,5,24,10,0,Michael Jordan,Regular Season,1997-98
21997,893,0029701154,"Apr 15, 1998",CHI @ DET,L,43,7,25,0.28,0,3,0.0,5,10,0.5,4,2,6,4,1,0,2,4,19,-13,0,Michael Jordan,Regular Season,1997-98
21997,893,0029701136,"Apr 13, 1998",CHI vs. IND,L,41,7,19,0.368,1,1,1.0,12,14,0.857,0,4,4,3,3,0,4,0,27,3,0,Michael Jordan,Regular Season,1997-98
21997,893,0029701123,"Apr 11, 1998",CHI vs. ORL,W,35,15,25,0.6,3,5,0.6,4,10,0.4,1,3,4,2,4,0,0,2,37,22,0,Michael Jordan,Regular Season,1997-98
21997,893,0029701109,"Apr 09, 1998",CHI @ CLE,L,37,10,24,0.417,0,2,0.0,9,12,0.75,0,6,6,4,0,0,4,3,29,-3,0,Michael Jordan,Regular Season,1997-98
21997,893,0029701092,"Apr 07, 1998",CHI vs. WAS,W,33,11,21,0.524,1,2,0.5,7,8,0.875,1,3,4,3,1,1,2,0,30,32,0,Michael Jordan,Regular Season,1997-98
21997,893,0029701082,"Apr 05, 1998",CHI @ HOU,W,37,18,31,0.581,0,0,0.0,4,4,1.0,2,2,4,3,3,0,2,3,40,15,0,Michael Jordan,Regular Season,1997-98
21997,893,0029701066,"Apr 03, 1998",CHI vs. MIN,W,38,16,25,0.64,2,6,0.333,7,8,0.875,3,3,6,4,1,0,0,1,41,19,0,Michael Jordan,Regular Season,1997-98
21997,893,0029701043,"Mar 31, 1998",CHI vs. DET,W,47,11,26,0.423,0,2,0.0,4,4,1.0,1,2,3,8,4,2,4,5,26,4,0,Michael Jordan,Regular Season,1997-98
21997,893,0029701030,"Mar 29, 1998",CHI @ MIL,W,35,13,24,0.542,0,1,0.0,4,5,0.8,1,1,2,0,2,0,0,3,30,4,0,Michael Jordan,Regular Season,1997-98
21997,893,0029701013,"Mar 27, 1998",CHI @ ATL,W,43,13,26,0.5,0,0,0.0,8,12,0.667,1,4,5,4,0,1,2,3,34,18,0,Michael Jordan,Regular Season,1997-98
21997,893,0029700997,"Mar 25, 1998",CHI @ ORL,W,38,8,21,0.381,1,3,0.333,0,1,0.0,2,5,7,8,5,0,0,2,17,15,0,Michael Jordan,Regular Season,1997-98
21997,893,0029700983,"Mar 23, 1998",CHI vs. BOS,W,36,11,22,0.5,0,1,0.0,2,2,1.0,1,6,7,2,2,1,2,1,24,23,0,Michael Jordan,Regular Season,1997-98
21997,893,0029700977,"Mar 22, 1998",CHI @ TOR,W,41,13,28,0.464,0,2,0.0,7,7,1.0,0,4,4,3,5,3,2,3,33,-1,0,Michael Jordan,Regular Season,1997-98
21997,893,0029700964,"Mar 20, 1998",CHI vs. VAN,W,39,8,13,0.615,1,2,0.5,7,10,0.7,0,4,4,3,0,1,3,1,24,13,0,Michael Jordan,Regular Season,1997-98
21997,893,0029700938,"Mar 17, 1998",CHI @ IND,W,42,14,28,0.5,1,3,0.333,6,9,0.667,1,3,4,2,1,0,2,1,35,9,0,Michael Jordan,Regular Season,1997-98
21997,893,0029700930,"Mar 16, 1998",CHI vs. NJN,W,33,6,15,0.4,0,1,0.0,5,8,0.625,2,5,7,1,1,0,4,1,17,22,0,Michael Jordan,Regular Season,1997-98
21997,893,0029700917,"Mar 14, 1998",CHI @ SAS,W,42,12,22,0.545,0,0,0.0,6,7,0.857,2,3,5,3,2,1,3,2,30,15,0,Michael Jordan,Regular Season,1997-98
21997,893,0029700899,"Mar 12, 1998",CHI @ DAL,L,47,10,24,0.417,1,3,0.333,5,11,0.455,4,3,7,3,1,1,1,4,26,-11,0,Michael Jordan,Regular Season,1997-98
21997,893,0029700884,"Mar 10, 1998",CHI vs. MIA,W,39,17,30,0.567,1,2,0.5,2,2,1.0,0,4,4,4,1,1,1,2,37,6,0,Michael Jordan,Regular Season,1997-98
21997,893,0029700869,"Mar 08, 1998",CHI @ NYK,W,44,17,33,0.515,1,2,0.5,7,9,0.778,3,5,8,6,3,1,2,1,42,5,0,Michael Jordan,Regular Season,1997-98
21997,893,0029700838,"Mar 03, 1998",CHI vs. DEN,W,40,12,19,0.632,0,0,0.0,6,6,1.0,0,7,7,2,2,0,2,1,30,23,0,Michael Jordan,Regular Season,1997-98
21997,893,0029700820,"Feb 28, 1998",CHI vs. SAC,W,39,10,17,0.588,0,1,0.0,8,9,0.889,1,1,2,2,0,0,2,1,28,6,0,Michael Jordan,Regular Season,1997-98
21997,893,0029700799,"Feb 25, 1998",CHI vs. POR,L,43,9,26,0.346,0,2,0.0,15,17,0.882,1,3,4,3,4,1,3,2,33,0,0,Michael Jordan,Regular Season,1997-98
21997,893,0029700784,"Feb 23, 1998",CHI vs. CLE,W,29,7,14,0.5,0,1,0.0,3,4,0.75,2,5,7,6,0,1,2,3,17,20,0,Michael Jordan,Regular Season,1997-98
21997,893,0029700769,"Feb 21, 1998",CHI @ WAS,W,42,8,23,0.348,0,0,0.0,3,5,0.6,3,5,8,3,1,2,1,3,19,5,0,Michael Jordan,Regular Season,1997-98
21997,893,0029700752,"Feb 19, 1998",CHI @ TOR,W,28,5,9,0.556,1,2,0.5,5,6,0.833,0,4,4,5,0,0,1,2,16,32,0,Michael Jordan,Regular Season,1997-98
21997,893,0029700738,"Feb 17, 1998",CHI vs. IND,W,40,13,23,0.565,0,2,0.0,1,3,0.333,2,2,4,6,1,1,2,4,27,-1,0,Michael Jordan,Regular Season,1997-98
21997,893,0029700726,"Feb 15, 1998",CHI vs. DET,W,41,7,17,0.412,0,1,0.0,7,8,0.875,1,11,12,5,3,0,3,3,21,7,0,Michael Jordan,Regular Season,1997-98
21997,893,0029700712,"Feb 13, 1998",CHI vs. ATL,W,36,14,22,0.636,0,1,0.0,9,12,0.75,3,4,7,1,1,0,2,0,37,12,0,Michael Jordan,Regular Season,1997-98
21997,893,0029700696,"Feb 11, 1998",CHI @ CHH,W,41,11,22,0.5,0,0,0.0,7,9,0.778,1,3,4,6,0,0,1,2,29,-1,0,Michael Jordan,Regular Season,1997-98
21997,893,0029700686,"Feb 10, 1998",CHI vs. TOR,W,34,8,21,0.381,0,3,0.0,2,5,0.4,2,3,5,1,2,0,2,1,18,1,0,Michael Jordan,Regular Season,1997-98
21997,893,0029700672,"Feb 04, 1998",CHI @ UTA,L,43,17,37,0.459,1,5,0.2,5,6,0.833,2,5,7,3,2,1,1,2,40,-13,0,Michael Jordan,Regular Season,1997-98
21997,893,0029700657,"Feb 02, 1998",CHI @ DEN,W,33,6,12,0.5,0,0,0.0,3,4,0.75,1,5,6,3,1,0,0,1,15,23,0,Michael Jordan,Regular Season,1997-98
21997,893,0029700647,"Feb 01, 1998",CHI @ LAL,L,37,11,26,0.423,0,1,0.0,9,12,0.75,0,5,5,2,1,0,1,0,31,-25,0,Michael Jordan,Regular Season,1997-98
21997,893,0029700635,"Jan 30, 1998",CHI @ GSW,W,41,2,17,0.118,0,0,0.0,10,11,0.909,3,5,8,3,3,1,2,0,14,9,0,Michael Jordan,Regular Season,1997-98
21997,893,0029700625,"Jan 29, 1998",CHI @ POR,W,39,11,24,0.458,0,1,0.0,7,7,1.0,1,4,5,4,1,0,0,1,29,10,0,Michael Jordan,Regular Season,1997-98
21997,893,0029700613,"Jan 27, 1998",CHI @ VAN,W,33,7,15,0.467,0,0,0.0,6,6,1.0,0,0,0,3,1,1,1,0,20,24,0,Michael Jordan,Regular Season,1997-98
21997,893,0029700598,"Jan 25, 1998",CHI vs. UTA,L,44,13,26,0.5,0,4,0.0,6,7,0.857,3,2,5,7,2,0,3,4,32,-4,0,Michael Jordan,Regular Season,1997-98
21997,893,0029700578,"Jan 23, 1998",CHI @ NJN,W,44,10,23,0.435,0,1,0.0,12,13,0.923,0,5,5,1,1,1,4,2,32,7,0,Michael Jordan,Regular Season,1997-98
21997,893,0029700569,"Jan 21, 1998",CHI vs. CHH,W,31,14,23,0.609,1,3,0.333,4,4,1.0,1,4,5,6,3,1,1,2,33,18,0,Michael Jordan,Regular Season,1997-98
21997,893,0029700546,"Jan 18, 1998",CHI vs. HOU,W,41,16,29,0.552,2,2,1.0,11,12,0.917,0,3,3,3,3,1,4,2,45,9,0,Michael Jordan,Regular Season,1997-98
21997,893,0029700532,"Jan 16, 1998",CHI @ MIL,W,40,10,20,0.5,1,1,1.0,6,7,0.857,0,8,8,2,1,1,3,3,27,12,0,Michael Jordan,Regular Season,1997-98
21997,893,0029700525,"Jan 15, 1998",CHI @ PHI,L,38,9,23,0.391,0,1,0.0,2,4,0.5,2,7,9,4,2,0,4,1,20,-25,0,Michael Jordan,Regular Season,1997-98
21997,893,0029700511,"Jan 13, 1998",CHI vs. SEA,W,38,12,27,0.444,0,2,0.0,16,18,0.889,1,0,1,2,0,0,1,5,40,5,0,Michael Jordan,Regular Season,1997-98
21997,893,0029700492,"Jan 10, 1998",CHI vs. GSW,W,39,13,31,0.419,0,1,0.0,6,10,0.6,4,2,6,3,0,0,1,0,32,7,0,Michael Jordan,Regular Season,1997-98
21997,893,0029700481,"Jan 09, 1998",CHI @ NYK,W,42,17,33,0.515,1,4,0.25,9,10,0.9,1,3,4,2,3,1,1,3,44,7,0,Michael Jordan,Regular Season,1997-98
21997,893,0029700467,"Jan 07, 1998",CHI @ MIA,L,37,12,27,0.444,1,2,0.5,1,3,0.333,2,2,4,1,1,0,1,0,26,-23,0,Michael Jordan,Regular Season,1997-98
21997,893,0029700459,"Jan 06, 1998",CHI vs. BOS,W,41,5,13,0.385,0,1,0.0,9,12,0.75,1,2,3,4,3,0,3,0,19,19,0,Michael Jordan,Regular Season,1997-98
21997,893,0029700442,"Jan 03, 1998",CHI @ DET,W,47,12,25,0.48,0,1,0.0,10,11,0.909,0,9,9,9,1,2,4,2,34,9,0,Michael Jordan,Regular Season,1997-98
21997,893,0029700431,"Jan 02, 1998",CHI vs. MIL,W,43,15,22,0.682,1,1,1.0,13,15,0.867,1,4,5,1,2,0,0,1,44,15,0,Michael Jordan,Regular Season,1997-98
21997,893,0029700416,"Dec 30, 1997",CHI @ MIN,L,39,11,28,0.393,1,3,0.333,10,13,0.769,0,4,4,1,0,0,3,1,33,-12,0,Michael Jordan,Regular Season,1997-98
21997,893,0029700409,"Dec 29, 1997",CHI vs. DAL,W,42,16,29,0.552,0,1,0.0,9,11,0.818,1,6,7,0,0,2,2,1,41,14,0,Michael Jordan,Regular Season,1997-98
21997,893,0029700396,"Dec 27, 1997",CHI vs. ATL,W,36,18,26,0.692,0,0,0.0,11,13,0.846,2,2,4,2,3,1,4,2,47,11,0,Michael Jordan,Regular Season,1997-98
21997,893,0029700380,"Dec 25, 1997",CHI vs. MIA,W,38,8,20,0.4,0,1,0.0,8,12,0.667,4,7,11,4,2,0,3,0,24,17,0,Michael Jordan,Regular Season,1997-98
21997,893,0029700375,"Dec 23, 1997",CHI vs. LAC,W,40,9,24,0.375,0,1,0.0,9,12,0.75,7,5,12,4,0,1,2,0,27,5,0,Michael Jordan,Regular Season,1997-98
21997,893,0029700349,"Dec 20, 1997",CHI @ NJN,W,42,10,23,0.435,0,0,0.0,4,5,0.8,3,2,5,3,0,2,2,2,24,1,0,Michael Jordan,Regular Season,1997-98
21997,893,0029700335,"Dec 17, 1997",CHI vs. LAL,W,35,12,22,0.545,1,2,0.5,11,12,0.917,2,3,5,4,1,1,4,4,36,21,0,Michael Jordan,Regular Season,1997-98
21997,893,0029700317,"Dec 15, 1997",CHI vs. PHX,W,36,10,23,0.435,0,1,0.0,11,12,0.917,3,6,9,4,4,1,2,2,31,19,0,Michael Jordan,Regular Season,1997-98
21997,893,0029700305,"Dec 13, 1997",CHI vs. TOR,W,27,4,16,0.25,0,0,0.0,3,4,0.75,3,3,6,2,2,0,0,0,11,24,0,Michael Jordan,Regular Season,1997-98
21997,893,0029700293,"Dec 12, 1997",CHI @ CHH,L,41,12,24,0.5,0,0,0.0,4,6,0.667,3,6,9,5,0,0,4,2,28,3,0,Michael Jordan,Regular Season,1997-98
21997,893,0029700280,"Dec 10, 1997",CHI @ ORL,L,37,6,17,0.353,0,1,0.0,13,13,1.0,1,1,2,5,1,0,3,3,25,-10,0,Michael Jordan,Regular Season,1997-98
21997,893,0029700272,"Dec 09, 1997",CHI vs. NYK,W,37,10,23,0.435,0,0,0.0,9,9,1.0,1,3,4,4,1,0,4,4,29,17,0,Michael Jordan,Regular Season,1997-98
21997,893,0029700245,"Dec 05, 1997",CHI vs. MIL,W,35,4,16,0.25,0,3,0.0,5,6,0.833,3,6,9,2,1,0,1,3,13,15,0,Michael Jordan,Regular Season,1997-98
21997,893,0029700228,"Dec 03, 1997",CHI @ BOS,W,40,11,21,0.524,1,3,0.333,6,8,0.75,4,5,9,5,2,1,7,2,29,17,0,Michael Jordan,Regular Season,1997-98
21997,893,0029700206,"Nov 29, 1997",CHI @ WAS,W,37,10,21,0.476,1,1,1.0,8,12,0.667,0,4,4,3,2,0,2,3,29,2,0,Michael Jordan,Regular Season,1997-98
21997,893,0029700198,"Nov 28, 1997",CHI @ IND,L,42,11,26,0.423,0,2,0.0,4,8,0.5,1,6,7,2,2,0,1,3,26,1,0,Michael Jordan,Regular Season,1997-98
21997,893,0029700182,"Nov 25, 1997",CHI @ SEA,L,38,11,25,0.44,0,2,0.0,4,6,0.667,2,4,6,5,5,0,3,1,26,7,0,Michael Jordan,Regular Season,1997-98
21997,893,0029700173,"Nov 23, 1997",CHI @ SAC,W,41,11,19,0.579,0,0,0.0,11,12,0.917,1,2,3,5,2,1,2,1,33,10,0,Michael Jordan,Regular Season,1997-98
21997,893,0029700157,"Nov 21, 1997",CHI @ LAC,W,52,18,38,0.474,0,2,0.0,13,19,0.684,2,3,5,5,1,1,4,3,49,15,0,Michael Jordan,Regular Season,1997-98
21997,893,0029700151,"Nov 20, 1997",CHI @ PHX,L,41,13,27,0.481,0,1,0.0,4,6,0.667,1,5,6,3,1,0,3,0,30,4,0,Michael Jordan,Regular Season,1997-98
21997,893,0029700118,"Nov 15, 1997",CHI vs. CLE,W,39,11,26,0.423,1,1,1.0,4,7,0.571,0,2,2,4,2,0,5,2,27,12,0,Michael Jordan,Regular Season,1997-98
21997,893,0029700107,"Nov 14, 1997",CHI vs. CHH,W,38,12,24,0.5,2,2,1.0,2,2,1.0,1,3,4,7,1,1,2,0,28,17,0,Michael Jordan,Regular Season,1997-98
21997,893,0029700092,"Nov 12, 1997",CHI vs. WAS,L,40,10,28,0.357,0,2,0.0,8,12,0.667,2,5,7,3,4,2,5,1,28,-4,0,Michael Jordan,Regular Season,1997-98
21997,893,0029700084,"Nov 11, 1997",CHI @ CLE,L,34,7,17,0.412,0,1,0.0,5,7,0.714,2,4,6,1,1,0,3,1,19,-19,0,Michael Jordan,Regular Season,1997-98
21997,893,0029700069,"Nov 08, 1997",CHI vs. NJN,W,33,5,13,0.385,0,1,0.0,5,8,0.625,1,4,5,2,2,0,2,3,15,6,0,Michael Jordan,Regular Season,1997-98
21997,893,0029700057,"Nov 07, 1997",CHI @ ATL,L,40,11,25,0.44,0,1,0.0,5,7,0.714,1,8,9,6,1,0,2,1,27,-6,0,Michael Jordan,Regular Season,1997-98
21997,893,0029700048,"Nov 05, 1997",CHI vs. ORL,W,41,11,25,0.44,0,3,0.0,7,9,0.778,4,13,17,4,0,0,0,2,29,20,0,Michael Jordan,Regular Season,1997-98
21997,893,0029700030,"Nov 03, 1997",CHI vs. SAS,W,48,12,39,0.308,1,4,0.25,4,6,0.667,4,9,13,4,5,2,3,0,29,-6,0,Michael Jordan,Regular Season,1997-98
21997,893,0029700018,"Nov 01, 1997",CHI vs. PHI,W,24,7,14,0.5,0,0,0.0,2,2,1.0,1,6,7,2,2,0,3,3,16,17,0,Michael Jordan,Regular Season,1997-98
21997,893,0029700001,"Oct 31, 1997",CHI @ BOS,L,42,7,23,0.304,0,0,0.0,16,21,0.762,1,5,6,4,2,1,3,2,30,-8,0,Michael Jordan,Regular Season,1997-98
41997,893,0049700088,"Jun 14, 1998",CHI @ UTA,W,43,15,35,0.429,3,7,0.429,12,15,0.8,0,1,1,1,4,0,1,2,45,2,0,Michael Jordan,Playoffs,1997-98
41997,893,0049700087,"Jun 12, 1998",CHI vs. UTA,L,44,9,26,0.346,0,2,0.0,10,11,0.909,1,3,4,4,3,0,4,4,28,-4,0,Michael Jordan,Playoffs,1997-98
41997,893,0049700086,"Jun 10, 1998",CHI vs. UTA,W,43,12,27,0.444,0,0,,10,15,0.667,3,5,8,2,2,0,3,1,34,0,0,Michael Jordan,Playoffs,1997-98
41997,893,0049700085,"Jun 07, 1998",CHI vs. UTA,W,32,7,14,0.5,0,0,,10,11,0.909,1,2,3,2,1,1,2,1,24,24,0,Michael Jordan,Playoffs,1997-98
41997,893,0049700084,"Jun 05, 1998",CHI @ UTA,W,40,14,33,0.424,0,2,0.0,9,10,0.9,3,2,5,3,1,1,0,2,37,16,0,Michael Jordan,Playoffs,1997-98
41997,893,0049700083,"Jun 03, 1998",CHI @ UTA,L,45,13,29,0.448,1,2,0.5,6,8,0.75,1,2,3,2,0,2,0,3,33,1,0,Michael Jordan,Playoffs,1997-98
41997,893,0049700082,"May 31, 1998",CHI vs. IND,W,42,9,25,0.36,0,0,0.0,10,15,0.667,5,4,9,8,0,0,2,3,28,8,0,Michael Jordan,Playoffs,1997-98
41997,893,0049700080,"May 29, 1998",CHI @ IND,L,41,12,23,0.522,1,4,0.25,10,11,0.909,1,4,5,2,1,0,3,4,35,-2,0,Michael Jordan,Playoffs,1997-98
41997,893,0049700078,"May 27, 1998",CHI vs. IND,W,36,12,20,0.6,2,4,0.5,3,4,0.75,1,6,7,4,1,1,0,2,29,37,0,Michael Jordan,Playoffs,1997-98
41997,893,0049700076,"May 25, 1998",CHI @ IND,L,40,12,27,0.444,1,3,0.333,3,4,0.75,2,3,5,2,0,2,6,4,28,-5,0,Michael Jordan,Playoffs,1997-98
41997,893,0049700074,"May 23, 1998",CHI @ IND,L,43,9,22,0.409,2,3,0.667,10,12,0.833,1,3,4,7,1,0,5,3,30,4,0,Michael Jordan,Playoffs,1997-98
41997,893,0049700072,"May 19, 1998",CHI vs. IND,W,42,13,22,0.591,0,1,0.0,15,18,0.833,0,4,4,5,4,0,0,3,41,-1,0,Michael Jordan,Playoffs,1997-98
41997,893,0049700070,"May 17, 1998",CHI vs. IND,W,40,11,28,0.393,0,0,0.0,9,10,0.9,2,4,6,1,5,0,1,1,31,9,0,Michael Jordan,Playoffs,1997-98
41997,893,0049700057,"May 13, 1998",CHI vs. CHH,W,41,15,29,0.517,0,3,0.0,3,4,0.75,1,3,4,3,2,1,0,3,33,4,0,Michael Jordan,Playoffs,1997-98
41997,893,0049700055,"May 10, 1998",CHI @ CHH,W,39,14,31,0.452,0,1,0.0,3,3,1.0,0,3,3,4,1,0,2,1,31,22,0,Michael Jordan,Playoffs,1997-98
41997,893,0049700049,"May 08, 1998",CHI @ CHH,W,38,9,20,0.45,0,1,0.0,9,10,0.9,3,2,5,6,1,0,3,3,27,12,0,Michael Jordan,Playoffs,1997-98
41997,893,0049700045,"May 06, 1998",CHI vs. CHH,L,39,10,21,0.476,0,3,0.0,2,3,0.667,1,4,5,6,0,0,0,2,22,-1,0,Michael Jordan,Playoffs,1997-98
41997,893,0049700041,"May 03, 1998",CHI vs. CHH,W,44,11,26,0.423,1,3,0.333,12,14,0.857,4,7,11,4,1,1,3,0,35,11,0,Michael Jordan,Playoffs,1997-98
41997,893,0049700023,"Apr 29, 1998",CHI @ NJN,W,43,16,22,0.727,2,2,1.0,4,5,0.8,2,2,4,3,2,1,2,2,38,11,0,Michael Jordan,Playoffs,1997-98
41997,893,0049700015,"Apr 26, 1998",CHI vs. NJN,W,38,9,19,0.474,0,0,0.0,14,17,0.824,1,3,4,2,1,1,5,2,32,1,0,Michael Jordan,Playoffs,1997-98
41997,893,0049700006,"Apr 24, 1998",CHI vs. NJN,W,47,11,27,0.407,0,2,0.0,17,23,0.739,0,7,7,3,1,1,3,1,39,9,0,Michael Jordan,Playoffs,1997-98
22001,893,0020101057,"Apr 02, 2002",WAS vs. LAL,L,12,1,5,0.2,0,0,0.0,0,0,0.0,0,3,3,3,0,0,0,1,2,-7,0,Michael Jordan,Regular Season,2001-02
22001,893,0020101051,"Mar 31, 2002",WAS vs. DAL,L,28,4,14,0.286,0,0,0.0,2,2,1.0,1,2,3,5,1,1,2,1,10,-8,0,Michael Jordan,Regular Season,2001-02
22001,893,0020101031,"Mar 29, 2002",WAS vs. MIL,W,26,12,22,0.545,0,0,0.0,10,12,0.833,0,3,3,1,0,0,0,1,34,-7,0,Michael Jordan,Regular Season,2001-02
22001,893,0020101008,"Mar 26, 2002",WAS vs. DEN,W,20,4,9,0.444,0,1,0.0,1,3,0.333,1,2,3,6,0,0,1,2,9,15,0,Michael Jordan,Regular Season,2001-02
22001,893,0020100998,"Mar 24, 2002",WAS @ TOR,L,23,6,17,0.353,0,0,0.0,2,2,1.0,0,3,3,2,2,0,3,4,14,1,0,Michael Jordan,Regular Season,2001-02
22001,893,0020100975,"Mar 21, 2002",WAS @ UTA,L,22,4,12,0.333,0,0,0.0,3,4,0.75,0,4,4,4,1,0,1,0,11,-9,0,Michael Jordan,Regular Season,2001-02
22001,893,0020100971,"Mar 20, 2002",WAS @ DEN,W,16,2,9,0.222,0,0,0.0,3,3,1.0,0,1,1,2,2,0,2,0,7,7,0,Michael Jordan,Regular Season,2001-02
22001,893,0020100795,"Feb 24, 2002",WAS @ MIA,L,30,4,13,0.308,1,2,0.5,0,1,0.0,0,5,5,6,3,0,6,2,9,-1,0,Michael Jordan,Regular Season,2001-02
22001,893,0020100784,"Feb 23, 2002",WAS vs. MIA,L,38,13,25,0.52,1,1,1.0,10,12,0.833,1,4,5,7,0,0,4,3,37,-2,0,Michael Jordan,Regular Season,2001-02
22001,893,0020100767,"Feb 21, 2002",WAS vs. NJN,L,37,7,17,0.412,0,1,0.0,2,2,1.0,0,5,5,6,3,0,4,2,16,-9,0,Michael Jordan,Regular Season,2001-02
22001,893,0020100746,"Feb 18, 2002",WAS vs. HOU,L,36,5,12,0.417,0,1,0.0,1,2,0.5,1,5,6,11,0,0,2,2,11,-9,0,Michael Jordan,Regular Season,2001-02
22001,893,0020100728,"Feb 15, 2002",WAS @ PHX,W,37,7,19,0.368,0,0,0.0,8,9,0.889,0,6,6,4,2,2,5,2,22,4,0,Michael Jordan,Regular Season,2001-02
22001,893,0020100719,"Feb 14, 2002",WAS @ SAC,L,32,6,18,0.333,0,0,0.0,4,6,0.667,0,1,1,4,1,0,3,0,16,-21,0,Michael Jordan,Regular Season,2001-02
22001,893,0020100707,"Feb 12, 2002",WAS @ LAL,L,41,8,20,0.4,0,0,0.0,6,8,0.75,0,5,5,6,2,1,4,1,22,-2,0,Michael Jordan,Regular Season,2001-02
22001,893,0020100692,"Feb 07, 2002",WAS vs. SAC,W,41,12,30,0.4,0,1,0.0,1,1,1.0,2,4,6,9,1,0,1,2,25,1,0,Michael Jordan,Regular Season,2001-02
22001,893,0020100676,"Feb 05, 2002",WAS vs. TOR,W,39,10,21,0.476,0,1,0.0,3,4,0.75,1,6,7,5,0,0,2,3,23,6,0,Michael Jordan,Regular Season,2001-02
22001,893,0020100664,"Feb 03, 2002",WAS vs. IND,W,41,11,19,0.579,1,1,1.0,0,0,0.0,1,4,5,6,0,0,0,2,23,17,0,Michael Jordan,Regular Season,2001-02
22001,893,0020100648,"Feb 01, 2002",WAS vs. ATL,W,38,10,24,0.417,0,1,0.0,8,10,0.8,0,4,4,8,2,2,1,2,28,5,0,Michael Jordan,Regular Season,2001-02
22001,893,0020100642,"Jan 31, 2002",WAS @ CLE,W,40,11,27,0.407,0,1,0.0,4,4,1.0,1,4,5,8,1,0,4,0,26,9,0,Michael Jordan,Regular Season,2001-02
22001,893,0020100625,"Jan 29, 2002",WAS vs. DET,L,41,13,30,0.433,0,0,0.0,6,8,0.75,0,5,5,7,2,0,3,0,32,-1,0,Michael Jordan,Regular Season,2001-02
22001,893,0020100614,"Jan 26, 2002",WAS vs. PHX,W,40,17,30,0.567,0,0,0.0,7,9,0.778,2,2,4,7,2,0,2,2,41,18,0,Michael Jordan,Regular Season,2001-02
22001,893,0020100597,"Jan 24, 2002",WAS vs. CLE,W,40,18,29,0.621,0,0,0.0,4,7,0.571,1,7,8,2,2,0,0,2,40,9,0,Michael Jordan,Regular Season,2001-02
22001,893,0020100582,"Jan 22, 2002",WAS vs. PHI,L,42,14,27,0.519,1,2,0.5,1,1,1.0,2,6,8,6,2,1,5,4,30,-8,0,Michael Jordan,Regular Season,2001-02
22001,893,0020100577,"Jan 21, 2002",WAS @ MIN,L,40,12,34,0.353,1,4,0.25,4,5,0.8,4,10,14,3,0,0,1,1,29,2,0,Michael Jordan,Regular Season,2001-02
22001,893,0020100564,"Jan 19, 2002",WAS @ CHI,W,41,7,21,0.333,0,2,0.0,2,6,0.333,0,12,12,4,2,2,9,4,16,17,0,Michael Jordan,Regular Season,2001-02
22001,893,0020100537,"Jan 16, 2002",WAS @ NJN,L,18,4,14,0.286,0,0,0.0,2,2,1.0,0,2,2,1,1,1,1,1,10,-28,0,Michael Jordan,Regular Season,2001-02
22001,893,0020100527,"Jan 15, 2002",WAS vs. SAS,L,40,5,21,0.238,0,0,0.0,10,16,0.625,0,1,1,4,0,1,4,0,20,-6,0,Michael Jordan,Regular Season,2001-02
22001,893,0020100509,"Jan 12, 2002",WAS vs. MIN,L,40,14,30,0.467,0,0,0.0,7,7,1.0,0,6,6,4,1,1,5,2,35,-7,0,Michael Jordan,Regular Season,2001-02
22001,893,0020100507,"Jan 11, 2002",WAS @ MIL,L,33,10,24,0.417,0,0,0.0,2,4,0.5,0,3,3,3,1,0,6,2,22,-16,0,Michael Jordan,Regular Season,2001-02
22001,893,0020100479,"Jan 08, 2002",WAS vs. LAC,W,42,9,24,0.375,0,0,0.0,0,1,0.0,2,8,10,8,1,0,4,1,18,2,0,Michael Jordan,Regular Season,2001-02
22001,893,0020100447,"Jan 04, 2002",WAS vs. CHI,W,38,9,24,0.375,0,2,0.0,11,13,0.846,0,7,7,3,2,2,5,4,29,17,0,Michael Jordan,Regular Season,2001-02
22001,893,0020100432,"Dec 31, 2001",WAS vs. NJN,W,38,16,32,0.5,1,3,0.333,12,13,0.923,0,10,10,7,3,0,3,2,45,26,0,Michael Jordan,Regular Season,2001-02
22001,893,0020100416,"Dec 29, 2001",WAS vs. CHH,W,38,21,38,0.553,0,2,0.0,9,10,0.9,2,5,7,4,3,0,4,3,51,24,0,Michael Jordan,Regular Season,2001-02
22001,893,0020100400,"Dec 27, 2001",WAS @ IND,L,25,2,10,0.2,1,2,0.5,1,2,0.5,2,2,4,4,0,0,4,1,6,-30,0,Michael Jordan,Regular Season,2001-02
22001,893,0020100388,"Dec 26, 2001",WAS @ CHH,L,35,11,28,0.393,1,2,0.5,5,6,0.833,1,3,4,7,1,0,3,4,28,4,0,Michael Jordan,Regular Season,2001-02
22001,893,0020100372,"Dec 22, 2001",WAS @ NYK,W,36,11,22,0.5,0,0,0.0,4,7,0.571,0,1,1,3,1,0,4,2,26,6,0,Michael Jordan,Regular Season,2001-02
22001,893,0020100364,"Dec 21, 2001",WAS @ ORL,W,34,3,16,0.188,0,0,0.0,6,6,1.0,3,3,6,8,1,0,3,1,12,20,0,Michael Jordan,Regular Season,2001-02
22001,893,0020100350,"Dec 19, 2001",WAS vs. ATL,W,27,11,19,0.579,0,1,0.0,1,1,1.0,1,3,4,6,1,1,2,2,23,10,0,Michael Jordan,Regular Season,2001-02
22001,893,0020100331,"Dec 16, 2001",WAS @ TOR,W,36,8,21,0.381,0,0,0.0,5,6,0.833,2,2,4,3,3,0,4,3,21,-1,0,Michael Jordan,Regular Season,2001-02
22001,893,0020100314,"Dec 14, 2001",WAS vs. NYK,W,34,8,19,0.421,0,1,0.0,3,3,1.0,0,6,6,6,1,2,5,4,19,15,0,Michael Jordan,Regular Season,2001-02
22001,893,0020100302,"Dec 12, 2001",WAS vs. MIA,W,34,9,23,0.391,0,1,0.0,7,11,0.636,0,6,6,7,1,1,1,0,25,14,0,Michael Jordan,Regular Season,2001-02
22001,893,0020100295,"Dec 11, 2001",WAS @ MEM,W,31,8,19,0.421,0,1,0.0,0,0,0.0,0,6,6,9,0,0,0,2,16,7,0,Michael Jordan,Regular Season,2001-02
22001,893,0020100282,"Dec 08, 2001",WAS @ DAL,W,35,7,21,0.333,0,1,0.0,7,9,0.778,2,10,12,4,4,0,1,3,21,12,0,Michael Jordan,Regular Season,2001-02
22001,893,0020100262,"Dec 06, 2001",WAS @ HOU,W,33,9,23,0.391,0,0,0.0,0,0,0.0,0,6,6,7,0,0,4,2,18,4,0,Michael Jordan,Regular Season,2001-02
22001,893,0020100228,"Dec 01, 2001",WAS vs. ORL,L,33,6,19,0.316,0,0,0.0,3,3,1.0,0,7,7,7,0,2,2,4,15,-5,0,Michael Jordan,Regular Season,2001-02
22001,893,0020100218,"Nov 30, 2001",WAS @ MIA,W,38,10,20,0.5,0,1,0.0,2,3,0.667,1,6,7,5,0,0,2,2,22,15,0,Michael Jordan,Regular Season,2001-02
22001,893,0020100207,"Nov 28, 2001",WAS @ PHI,W,38,11,27,0.407,0,1,0.0,8,10,0.8,0,6,6,7,5,1,1,2,30,0,0,Michael Jordan,Regular Season,2001-02
22001,893,0020100197,"Nov 27, 2001",WAS @ CLE,L,31,9,24,0.375,0,0,0.0,0,0,0.0,1,3,4,5,1,0,0,2,18,-6,0,Michael Jordan,Regular Season,2001-02
22001,893,0020100180,"Nov 24, 2001",WAS vs. BOS,W,45,7,24,0.292,0,1,0.0,3,3,1.0,1,10,11,6,1,0,2,3,17,2,0,Michael Jordan,Regular Season,2001-02
22001,893,0020100165,"Nov 22, 2001",WAS @ IND,L,40,8,26,0.308,0,1,0.0,5,5,1.0,0,5,5,6,2,1,3,1,21,-12,0,Michael Jordan,Regular Season,2001-02
22001,893,0020100146,"Nov 20, 2001",WAS vs. CHH,L,41,13,23,0.565,1,2,0.5,3,4,0.75,0,4,4,6,2,0,5,4,30,-7,0,Michael Jordan,Regular Season,2001-02
22001,893,0020100122,"Nov 16, 2001",WAS vs. UTA,L,41,17,33,0.515,1,2,0.5,9,11,0.818,3,4,7,3,1,0,0,0,44,-11,0,Michael Jordan,Regular Season,2001-02
22001,893,0020100110,"Nov 14, 2001",WAS vs. MIL,L,41,12,24,0.5,0,1,0.0,7,8,0.875,1,3,4,3,2,1,3,3,31,-12,0,Michael Jordan,Regular Season,2001-02
22001,893,0020100094,"Nov 11, 2001",WAS vs. SEA,L,39,5,26,0.192,0,1,0.0,6,6,1.0,3,9,12,4,1,2,1,4,16,-9,0,Michael Jordan,Regular Season,2001-02
22001,893,0020100078,"Nov 09, 2001",WAS vs. GSW,L,38,13,30,0.433,0,1,0.0,6,8,0.75,0,3,3,3,3,0,3,3,32,-18,0,Michael Jordan,Regular Season,2001-02
22001,893,0020100063,"Nov 07, 2001",WAS @ BOS,L,41,12,26,0.462,0,1,0.0,8,10,0.8,2,6,8,2,2,0,5,2,32,-8,0,Michael Jordan,Regular Season,2001-02
22001,893,0020100047,"Nov 04, 2001",WAS @ DET,L,22,8,18,0.444,0,0,0.0,3,3,1.0,0,8,8,2,1,0,1,1,19,-24,0,Michael Jordan,Regular Season,2001-02
22001,893,0020100034,"Nov 03, 2001",WAS vs. PHI,W,38,7,21,0.333,0,0,0.0,6,9,0.667,2,4,6,9,2,1,2,1,20,14,0,Michael Jordan,Regular Season,2001-02
22001,893,0020100018,"Nov 01, 2001",WAS @ ATL,W,40,13,30,0.433,0,3,0.0,5,6,0.833,0,6,6,6,2,0,1,2,31,6,0,Michael Jordan,Regular Season,2001-02
22001,893,0020100002,"Oct 30, 2001",WAS @ NYK,L,37,7,21,0.333,0,3,0.0,5,6,0.833,3,2,5,6,4,0,3,3,19,-9,0,Michael Jordan,Regular Season,2001-02
22002,893,0020201178,"Apr 16, 2003",WAS @ PHI,L,28,6,15,0.4,0,0,0.0,3,4,0.75,0,4,4,4,0,0,2,0,15,-12,0,Michael Jordan,Regular Season,2002-03
22002,893,0020201164,"Apr 14, 2003",WAS vs. NYK,L,38,9,22,0.409,0,3,0.0,3,3,1.0,1,7,8,1,1,0,2,1,21,-11,0,Michael Jordan,Regular Season,2002-03
22002,893,0020201150,"Apr 12, 2003",WAS vs. ATL,L,30,8,16,0.5,0,0,0.0,1,2,0.5,2,6,8,6,1,1,2,3,17,12,0,Michael Jordan,Regular Season,2002-03
22002,893,0020201140,"Apr 11, 2003",WAS @ MIA,W,40,11,26,0.423,0,1,0.0,3,3,1.0,1,1,2,4,2,0,1,2,25,2,0,Michael Jordan,Regular Season,2002-03
22002,893,0020201125,"Apr 09, 2003",WAS vs. BOS,L,43,8,17,0.471,1,2,0.5,4,4,1.0,0,10,10,1,2,0,1,2,21,0,0,Michael Jordan,Regular Season,2002-03
22002,893,0020201115,"Apr 08, 2003",WAS @ CLE,W,46,10,19,0.526,1,1,1.0,5,5,1.0,3,7,10,3,3,1,1,0,26,11,0,Michael Jordan,Regular Season,2002-03
22002,893,0020201104,"Apr 06, 2003",WAS @ BOS,W,47,10,22,0.455,1,1,1.0,4,4,1.0,2,11,13,7,2,0,2,3,25,-9,0,Michael Jordan,Regular Season,2002-03
22002,893,0020201085,"Apr 03, 2003",WAS @ ATL,L,43,10,23,0.435,0,1,0.0,2,2,1.0,1,13,14,7,2,0,0,2,22,-5,0,Michael Jordan,Regular Season,2002-03
22002,893,0020201079,"Apr 02, 2003",WAS vs. SAC,L,42,8,17,0.471,0,0,0.0,1,2,0.5,0,1,1,4,0,0,1,2,17,-2,0,Michael Jordan,Regular Season,2002-03
22002,893,0020201060,"Mar 30, 2003",WAS @ DEN,L,38,9,23,0.391,0,1,0.0,1,2,0.5,1,4,5,2,1,0,5,1,19,-20,0,Michael Jordan,Regular Season,2002-03
22002,893,0020201046,"Mar 28, 2003",WAS @ LAL,L,41,10,20,0.5,0,0,0.0,3,4,0.75,0,0,0,4,1,0,1,1,23,-10,0,Michael Jordan,Regular Season,2002-03
22002,893,0020201032,"Mar 26, 2003",WAS @ SEA,W,44,12,22,0.545,0,0,0.0,2,3,0.667,1,9,10,4,2,1,4,3,26,5,0,Michael Jordan,Regular Season,2002-03
22002,893,0020201020,"Mar 25, 2003",WAS @ POR,W,41,11,19,0.579,0,0,0.0,3,4,0.75,0,5,5,7,2,0,1,4,25,6,0,Michael Jordan,Regular Season,2002-03
22002,893,0020201008,"Mar 23, 2003",WAS @ GSW,L,42,11,23,0.478,1,1,1.0,1,1,1.0,0,5,5,4,2,0,3,2,24,-5,0,Michael Jordan,Regular Season,2002-03
22002,893,0020200991,"Mar 21, 2003",WAS @ PHX,L,36,4,12,0.333,0,1,0.0,6,6,1.0,2,3,5,2,1,1,2,0,14,-29,0,Michael Jordan,Regular Season,2002-03
22002,893,0020200962,"Mar 18, 2003",WAS vs. DET,L,50,10,25,0.4,0,1,0.0,3,4,0.75,1,10,11,3,0,0,2,2,23,-2,0,Michael Jordan,Regular Season,2002-03
22002,893,0020200943,"Mar 15, 2003",WAS vs. MIA,W,39,9,18,0.5,0,1,0.0,1,1,1.0,2,6,8,1,2,2,3,3,19,4,0,Michael Jordan,Regular Season,2002-03
22002,893,0020200937,"Mar 14, 2003",WAS @ DET,L,40,6,18,0.333,0,0,0.0,3,4,0.75,1,4,5,4,2,1,0,2,15,-17,0,Michael Jordan,Regular Season,2002-03
22002,893,0020200912,"Mar 11, 2003",WAS vs. ORL,W,40,10,18,0.556,0,0,0.0,3,3,1.0,0,4,4,2,2,0,9,4,23,-5,0,Michael Jordan,Regular Season,2002-03
22002,893,0020200900,"Mar 09, 2003",WAS @ NYK,L,43,13,22,0.591,0,0,0.0,13,15,0.867,1,7,8,1,1,0,3,3,39,7,0,Michael Jordan,Regular Season,2002-03
22002,893,0020200884,"Mar 07, 2003",WAS vs. MIL,L,43,11,24,0.458,0,1,0.0,5,6,0.833,0,9,9,3,2,0,1,2,27,7,0,Michael Jordan,Regular Season,2002-03
22002,893,0020200872,"Mar 05, 2003",WAS vs. LAC,W,24,4,14,0.286,0,0,0.0,2,2,1.0,3,6,9,0,0,0,1,2,10,11,0,Michael Jordan,Regular Season,2002-03
22002,893,0020200758,"Mar 04, 2003",WAS vs. TOR,L,15,2,5,0.4,0,0,0.0,0,0,0.0,1,2,3,2,0,0,3,1,4,-2,0,Michael Jordan,Regular Season,2002-03
22002,893,0020200856,"Mar 02, 2003",WAS @ MIA,L,39,9,27,0.333,0,1,0.0,3,3,1.0,1,7,8,2,1,3,0,2,21,1,0,Michael Jordan,Regular Season,2002-03
22002,893,0020200845,"Mar 01, 2003",WAS vs. CHI,W,43,7,18,0.389,0,2,0.0,3,4,0.75,0,8,8,8,0,0,2,2,17,21,0,Michael Jordan,Regular Season,2002-03
22002,893,0020200831,"Feb 27, 2003",WAS vs. HOU,W,50,15,26,0.577,0,0,0.0,5,7,0.714,0,11,11,6,0,0,3,3,35,0,0,Michael Jordan,Regular Season,2002-03
22002,893,0020200815,"Feb 25, 2003",WAS @ IND,W,41,11,25,0.44,0,0,0.0,3,4,0.75,0,6,6,3,1,0,1,2,25,13,0,Michael Jordan,Regular Season,2002-03
22002,893,0020200800,"Feb 23, 2003",WAS vs. DAL,L,52,14,26,0.538,0,0,0.0,2,2,1.0,2,7,9,3,2,1,6,3,30,-1,0,Michael Jordan,Regular Season,2002-03
22002,893,0020200783,"Feb 21, 2003",WAS vs. NJN,W,43,18,30,0.6,0,0,0.0,7,8,0.875,0,10,10,3,4,1,1,2,43,9,0,Michael Jordan,Regular Season,2002-03
22002,893,0020200772,"Feb 19, 2003",WAS @ NOH,L,39,8,23,0.348,0,0,0.0,4,6,0.667,3,3,6,2,0,2,3,0,20,-21,0,Michael Jordan,Regular Season,2002-03
22002,893,0020200740,"Feb 14, 2003",WAS @ UTA,L,29,3,12,0.25,0,0,0.0,5,5,1.0,1,1,2,3,0,0,2,0,11,-35,0,Michael Jordan,Regular Season,2002-03
22002,893,0020200729,"Feb 12, 2003",WAS @ LAC,W,39,8,24,0.333,0,0,0.0,7,9,0.778,2,4,6,12,2,1,2,6,23,10,0,Michael Jordan,Regular Season,2002-03
22002,893,0020200716,"Feb 11, 2003",WAS @ SAC,L,31,5,19,0.263,0,0,0.0,2,2,1.0,2,5,7,2,0,0,1,0,12,-25,0,Michael Jordan,Regular Season,2002-03
22002,893,0020200689,"Feb 04, 2003",WAS vs. CLE,W,43,13,26,0.5,0,0,0.0,1,1,1.0,0,4,4,8,4,1,2,3,27,8,0,Michael Jordan,Regular Season,2002-03
22002,893,0020200668,"Feb 01, 2003",WAS vs. NOH,W,44,18,33,0.545,0,0,0.0,9,10,0.9,1,2,3,6,1,1,2,5,45,14,0,Michael Jordan,Regular Season,2002-03
22002,893,0020200654,"Jan 30, 2003",WAS @ MIL,L,39,11,24,0.458,0,1,0.0,2,3,0.667,2,2,4,4,1,0,2,1,24,-16,0,Michael Jordan,Regular Season,2002-03
22002,893,0020200646,"Jan 29, 2003",WAS @ NJN,L,37,4,16,0.25,0,0,0.0,0,0,0.0,0,5,5,5,0,0,3,2,8,-8,0,Michael Jordan,Regular Season,2002-03
22002,893,0020200630,"Jan 27, 2003",WAS vs. PHX,W,38,9,14,0.643,0,0,0.0,1,2,0.5,0,7,7,1,2,0,5,1,19,9,0,Michael Jordan,Regular Season,2002-03
22002,893,0020200618,"Jan 25, 2003",WAS vs. MIN,L,41,8,18,0.444,0,1,0.0,1,2,0.5,0,8,8,5,2,1,4,0,17,-8,0,Michael Jordan,Regular Season,2002-03
22002,893,0020200613,"Jan 24, 2003",WAS @ CHI,L,40,4,14,0.286,0,0,0.0,3,4,0.75,2,3,5,3,1,1,1,2,11,4,0,Michael Jordan,Regular Season,2002-03
22002,893,0020200600,"Jan 22, 2003",WAS @ NOH,L,38,9,21,0.429,0,0,0.0,0,0,0.0,0,4,4,3,3,0,2,1,18,-10,0,Michael Jordan,Regular Season,2002-03
22002,893,0020200577,"Jan 20, 2003",WAS vs. DEN,W,42,11,22,0.5,0,2,0.0,3,4,0.75,1,4,5,6,1,1,3,3,25,15,0,Michael Jordan,Regular Season,2002-03
22002,893,0020200566,"Jan 18, 2003",WAS vs. PHI,L,42,10,25,0.4,0,3,0.0,5,6,0.833,2,6,8,7,5,1,2,4,25,-14,0,Michael Jordan,Regular Season,2002-03
22002,893,0020200553,"Jan 16, 2003",WAS vs. ORL,W,39,12,25,0.48,0,1,0.0,8,10,0.8,1,5,6,8,2,0,1,3,32,11,0,Michael Jordan,Regular Season,2002-03
22002,893,0020200537,"Jan 14, 2003",WAS vs. TOR,L,41,8,23,0.348,0,0,0.0,6,6,1.0,2,3,5,4,3,2,2,1,22,-3,0,Michael Jordan,Regular Season,2002-03
22002,893,0020200520,"Jan 11, 2003",WAS @ NYK,W,41,8,25,0.32,0,0,0.0,7,9,0.778,5,5,10,3,1,0,2,2,23,9,0,Michael Jordan,Regular Season,2002-03
22002,893,0020200505,"Jan 10, 2003",WAS vs. GSW,L,41,7,17,0.412,0,0,0.0,0,0,0.0,0,2,2,5,0,1,0,1,14,-8,0,Michael Jordan,Regular Season,2002-03
22002,893,0020200492,"Jan 08, 2003",WAS vs. CHI,W,33,5,13,0.385,0,0,0.0,4,5,0.8,0,10,10,7,1,0,2,4,14,7,0,Michael Jordan,Regular Season,2002-03
22002,893,0020200477,"Jan 06, 2003",WAS @ BOS,W,40,7,18,0.389,0,2,0.0,5,5,1.0,0,11,11,7,4,0,4,2,19,6,0,Michael Jordan,Regular Season,2002-03
22002,893,0020200464,"Jan 04, 2003",WAS vs. IND,W,53,14,26,0.538,3,4,0.75,10,12,0.833,3,9,12,4,3,0,2,2,41,15,0,Michael Jordan,Regular Season,2002-03
22002,893,0020200450,"Jan 02, 2003",WAS @ CHI,W,30,4,11,0.364,0,2,0.0,2,2,1.0,1,4,5,5,2,0,3,1,10,32,0,Michael Jordan,Regular Season,2002-03
22002,893,0020200444,"Dec 31, 2002",WAS vs. SAS,W,35,7,15,0.467,1,1,1.0,2,2,1.0,1,6,7,3,1,0,2,1,17,4,0,Michael Jordan,Regular Season,2002-03
22002,893,0020200432,"Dec 30, 2002",WAS @ ORL,L,39,8,17,0.471,0,0,0.0,5,5,1.0,0,8,8,9,3,0,4,4,21,-9,0,Michael Jordan,Regular Season,2002-03
22002,893,0020200418,"Dec 28, 2002",WAS vs. ATL,W,35,4,10,0.4,0,1,0.0,2,2,1.0,1,3,4,5,1,1,0,2,10,4,0,Michael Jordan,Regular Season,2002-03
22002,893,0020200405,"Dec 26, 2002",WAS vs. DET,L,41,7,17,0.412,0,1,0.0,3,4,0.75,1,3,4,1,0,2,4,4,17,-8,0,Michael Jordan,Regular Season,2002-03
22002,893,0020200398,"Dec 23, 2002",WAS @ DAL,L,36,5,15,0.333,1,1,1.0,2,2,1.0,0,7,7,8,0,2,3,3,13,-2,0,Michael Jordan,Regular Season,2002-03
22002,893,0020200387,"Dec 21, 2002",WAS @ SAS,L,41,8,20,0.4,0,0,0.0,0,0,0.0,0,5,5,3,0,1,2,1,16,-15,0,Michael Jordan,Regular Season,2002-03
22002,893,0020200358,"Dec 18, 2002",WAS vs. MEM,W,35,14,23,0.609,2,3,0.667,3,3,1.0,0,5,5,2,3,0,3,0,33,4,0,Michael Jordan,Regular Season,2002-03
22002,893,0020200350,"Dec 17, 2002",WAS @ ATL,W,38,12,18,0.667,0,0,0.0,6,6,1.0,0,3,3,2,0,0,1,3,30,3,0,Michael Jordan,Regular Season,2002-03
22002,893,0020200337,"Dec 15, 2002",WAS @ TOR,W,40,1,9,0.111,0,0,0.0,0,0,0.0,2,6,8,9,2,1,0,2,2,11,0,Michael Jordan,Regular Season,2002-03
22002,893,0020200321,"Dec 13, 2002",WAS @ NJN,L,40,5,20,0.25,0,0,0.0,2,2,1.0,0,5,5,4,2,0,4,2,12,-14,0,Michael Jordan,Regular Season,2002-03
22002,893,0020200298,"Dec 10, 2002",WAS vs. POR,L,29,6,10,0.6,0,0,0.0,2,2,1.0,2,3,5,1,1,1,1,0,14,-15,0,Michael Jordan,Regular Season,2002-03
22002,893,0020200281,"Dec 07, 2002",WAS vs. NYK,W,37,9,18,0.5,0,1,0.0,2,4,0.5,0,9,9,2,3,0,2,3,20,7,0,Michael Jordan,Regular Season,2002-03
22002,893,0020200269,"Dec 06, 2002",WAS @ ORL,L,39,7,21,0.333,0,0,0.0,2,2,1.0,1,5,6,0,0,0,3,3,16,-12,0,Michael Jordan,Regular Season,2002-03
22002,893,0020200259,"Dec 04, 2002",WAS @ DET,W,39,5,14,0.357,0,0,0.0,11,16,0.688,2,7,9,4,6,2,3,2,21,16,0,Michael Jordan,Regular Season,2002-03
22002,893,0020200249,"Dec 03, 2002",WAS vs. MIL,W,30,9,20,0.45,0,0,0.0,7,8,0.875,0,7,7,4,0,0,1,1,25,21,0,Michael Jordan,Regular Season,2002-03
22002,893,0020200230,"Nov 30, 2002",WAS vs. PHI,L,37,8,20,0.4,0,2,0.0,0,0,0.0,1,3,4,2,0,1,2,3,16,-1,0,Michael Jordan,Regular Season,2002-03
22002,893,0020200222,"Nov 29, 2002",WAS @ IND,L,30,6,15,0.4,0,1,0.0,2,2,1.0,0,4,4,1,1,0,1,2,14,-15,0,Michael Jordan,Regular Season,2002-03
22002,893,0020200197,"Nov 26, 2002",WAS vs. IND,L,34,10,21,0.476,3,3,1.0,5,8,0.625,0,1,1,2,3,0,1,2,28,2,0,Michael Jordan,Regular Season,2002-03
22002,893,0020200184,"Nov 23, 2002",WAS @ MEM,L,32,9,18,0.5,0,0,0.0,2,2,1.0,2,4,6,5,2,0,3,1,20,-6,0,Michael Jordan,Regular Season,2002-03
22002,893,0020200174,"Nov 22, 2002",WAS @ HOU,L,29,4,15,0.267,0,0,0.0,0,0,0.0,0,2,2,1,0,0,1,2,8,-6,0,Michael Jordan,Regular Season,2002-03
22002,893,0020200140,"Nov 17, 2002",WAS @ PHI,L,28,9,16,0.563,1,2,0.5,0,0,0.0,0,2,2,3,1,0,5,1,19,-13,0,Michael Jordan,Regular Season,2002-03
22002,893,0020200129,"Nov 16, 2002",WAS vs. MIA,W,19,4,5,0.8,0,0,0.0,0,0,0.0,0,5,5,2,2,0,1,3,8,16,0,Michael Jordan,Regular Season,2002-03
22002,893,0020200114,"Nov 14, 2002",WAS vs. UTA,W,34,7,17,0.412,0,1,0.0,5,5,1.0,0,6,6,1,1,0,3,4,19,11,0,Michael Jordan,Regular Season,2002-03
22002,893,0020200099,"Nov 12, 2002",WAS vs. SEA,L,31,13,22,0.591,0,0,0.0,1,2,0.5,1,5,6,4,1,1,4,1,27,8,0,Michael Jordan,Regular Season,2002-03
22002,893,0020200083,"Nov 09, 2002",WAS @ CLE,W,32,5,11,0.455,0,1,0.0,2,2,1.0,2,6,8,6,0,2,0,3,12,10,0,Michael Jordan,Regular Season,2002-03
22002,893,0020200076,"Nov 08, 2002",WAS vs. LAL,W,30,9,14,0.643,0,0,0.0,7,12,0.583,0,3,3,3,2,0,2,4,25,-7,0,Michael Jordan,Regular Season,2002-03
22002,893,0020200061,"Nov 06, 2002",WAS vs. CLE,W,24,2,6,0.333,0,1,0.0,2,3,0.667,1,2,3,4,3,0,1,3,6,3,0,Michael Jordan,Regular Season,2002-03
22002,893,0020200055,"Nov 05, 2002",WAS @ MIN,L,29,5,14,0.357,0,0,0.0,0,0,0.0,0,2,2,1,1,0,1,2,10,2,0,Michael Jordan,Regular Season,2002-03
22002,893,0020200031,"Nov 02, 2002",WAS vs. NJN,L,27,7,16,0.438,1,2,0.5,6,8,0.75,0,2,2,2,2,0,0,2,21,1,0,Michael Jordan,Regular Season,2002-03
22002,893,0020200018,"Oct 31, 2002",WAS vs. BOS,W,21,8,15,0.533,0,0,0.0,5,5,1.0,0,4,4,5,2,1,0,1,21,29,0,Michael Jordan,Regular Season,2002-03
22002,893,0020200006,"Oct 30, 2002",WAS @ TOR,L,24,4,14,0.286,0,0,0.0,0,2,0.0,0,3,3,1,3,0,2,3,8,4,0,Michael Jordan,Regular Season,2002-03
21996,977,0029601189,"Apr 20, 1997",LAL @ POR,L,4,0,0,0.0,0,0,0.0,2,2,1.0,0,1,1,1,0,1,2,0,2,1,0,Kobe Bryant,Regular Season,1996-97
21996,977,0029601173,"Apr 18, 1997",LAL @ LAC,W,15,0,0,0.0,0,0,0.0,5,8,0.625,0,1,1,2,0,0,2,1,5,-4,0,Kobe Bryant,Regular Season,1996-97
21996,977,0029601162,"Apr 17, 1997",LAL vs. SAC,W,16,1,4,0.25,0,1,0.0,1,2,0.5,0,2,2,1,1,0,3,2,3,-6,0,Kobe Bryant,Regular Season,1996-97
21996,977,0029601135,"Apr 13, 1997",LAL vs. UTA,W,16,3,5,0.6,0,1,0.0,6,6,1.0,1,0,1,4,0,1,1,0,12,-1,0,Kobe Bryant,Regular Season,1996-97
21996,977,0029601121,"Apr 11, 1997",LAL vs. PHX,W,28,3,7,0.429,1,2,0.5,0,0,0.0,1,0,1,1,1,0,1,2,7,16,0,Kobe Bryant,Regular Season,1996-97
21996,977,0029601104,"Apr 09, 1997",LAL @ UTA,L,33,3,12,0.25,1,2,0.5,4,6,0.667,1,1,2,3,1,0,2,2,11,-5,0,Kobe Bryant,Regular Season,1996-97
21996,977,0029601099,"Apr 08, 1997",LAL @ GSW,W,25,9,11,0.818,2,3,0.667,4,7,0.571,1,1,2,3,1,0,5,3,24,23,0,Kobe Bryant,Regular Season,1996-97
21996,977,0029601083,"Apr 06, 1997",LAL vs. DAL,W,22,3,9,0.333,2,4,0.5,5,5,1.0,1,1,2,3,3,0,1,3,13,-4,0,Kobe Bryant,Regular Season,1996-97
21996,977,0029601070,"Apr 04, 1997",LAL vs. SAS,L,17,4,6,0.667,0,1,0.0,7,7,1.0,0,0,0,3,0,0,3,2,15,-11,0,Kobe Bryant,Regular Season,1996-97
21996,977,0029601055,"Apr 02, 1997",LAL vs. DEN,W,16,2,6,0.333,0,0,0.0,2,2,1.0,1,2,3,3,1,0,1,1,6,10,0,Kobe Bryant,Regular Season,1996-97
21996,977,0029601046,"Apr 01, 1997",LAL @ SEA,W,12,4,5,0.8,1,1,1.0,0,0,0.0,0,1,1,1,0,0,2,5,9,-3,0,Kobe Bryant,Regular Season,1996-97
21996,977,0029601014,"Mar 27, 1997",LAL @ VAN,W,43,6,16,0.375,1,5,0.2,7,7,1.0,4,4,8,4,3,0,3,3,20,14,0,Kobe Bryant,Regular Season,1996-97
21996,977,0029601008,"Mar 26, 1997",LAL vs. MIL,W,32,7,14,0.5,2,4,0.5,3,4,0.75,0,1,1,4,2,0,1,1,19,15,0,Kobe Bryant,Regular Season,1996-97
21996,977,0029600991,"Mar 24, 1997",LAL @ NJN,W,9,2,3,0.667,0,0,0.0,2,3,0.667,1,0,1,0,0,0,1,0,6,11,0,Kobe Bryant,Regular Season,1996-97
21996,977,0029600985,"Mar 23, 1997",LAL @ ORL,L,19,3,6,0.5,0,1,0.0,2,2,1.0,1,1,2,4,0,0,4,1,8,-11,0,Kobe Bryant,Regular Season,1996-97
21996,977,0029600968,"Mar 21, 1997",LAL @ MIA,L,3,0,0,0.0,0,0,0.0,0,0,0.0,0,0,0,0,0,0,0,0,0,6,0,Kobe Bryant,Regular Season,1996-97
21996,977,0029600961,"Mar 20, 1997",LAL @ CLE,W,3,0,1,0.0,0,0,0.0,0,0,0.0,0,1,1,1,0,0,2,1,0,-5,0,Kobe Bryant,Regular Season,1996-97
21996,977,0029600942,"Mar 17, 1997",LAL @ DEN,W,10,3,7,0.429,2,4,0.5,0,0,0.0,0,0,0,1,2,0,1,0,8,6,0,Kobe Bryant,Regular Season,1996-97
21996,977,0029600935,"Mar 16, 1997",LAL vs. TOR,W,23,2,9,0.222,2,7,0.286,4,4,1.0,1,4,5,1,0,0,1,2,10,-4,0,Kobe Bryant,Regular Season,1996-97
21996,977,0029600920,"Mar 14, 1997",LAL vs. LAC,L,26,6,13,0.462,3,4,0.75,1,2,0.5,2,2,4,1,3,0,1,2,16,10,0,Kobe Bryant,Regular Season,1996-97
21996,977,0029600905,"Mar 12, 1997",LAL vs. GSW,W,18,6,10,0.6,4,6,0.667,2,3,0.667,1,0,1,0,3,0,3,4,18,1,0,Kobe Bryant,Regular Season,1996-97
21996,977,0029600884,"Mar 09, 1997",LAL vs. NJN,W,26,3,6,0.5,1,3,0.333,5,5,1.0,1,1,2,2,2,1,0,3,12,18,0,Kobe Bryant,Regular Season,1996-97
21996,977,0029600869,"Mar 07, 1997",LAL vs. HOU,L,17,3,10,0.3,0,4,0.0,2,2,1.0,0,1,1,1,1,0,1,1,8,-16,0,Kobe Bryant,Regular Season,1996-97
21996,977,0029600844,"Mar 04, 1997",LAL @ DAL,W,6,0,2,0.0,0,1,0.0,0,0,0.0,1,1,2,0,0,0,0,0,0,0,0,Kobe Bryant,Regular Season,1996-97
21996,977,0029600828,"Mar 02, 1997",LAL @ IND,L,21,4,9,0.444,0,1,0.0,2,2,1.0,1,0,1,1,0,0,1,1,10,-3,0,Kobe Bryant,Regular Season,1996-97
21996,977,0029600813,"Feb 28, 1997",LAL @ ATL,L,1,0,1,0.0,0,0,0.0,0,0,0.0,0,0,0,0,0,0,0,0,0,0,0,Kobe Bryant,Regular Season,1996-97
21996,977,0029600781,"Feb 23, 1997",LAL vs. NYK,L,4,0,2,0.0,0,1,0.0,0,0,0.0,0,1,1,0,0,0,0,1,0,4,0,Kobe Bryant,Regular Season,1996-97
21996,977,0029600767,"Feb 21, 1997",LAL vs. VAN,W,5,1,1,1.0,0,0,0.0,0,0,0.0,0,1,1,0,0,0,2,0,2,-1,0,Kobe Bryant,Regular Season,1996-97
21996,977,0029600748,"Feb 19, 1997",LAL vs. CLE,L,23,3,7,0.429,2,4,0.5,2,2,1.0,0,2,2,0,0,2,1,3,10,4,0,Kobe Bryant,Regular Season,1996-97
21996,977,0029600727,"Feb 16, 1997",LAL vs. SEA,L,13,0,3,0.0,0,1,0.0,0,0,0.0,0,1,1,0,0,0,2,2,0,-18,0,Kobe Bryant,Regular Season,1996-97
21996,977,0029600704,"Feb 13, 1997",LAL @ DEN,W,20,4,10,0.4,1,2,0.5,0,0,0.0,1,1,2,3,1,0,1,2,9,14,0,Kobe Bryant,Regular Season,1996-97
21996,977,0029600698,"Feb 12, 1997",LAL @ MIN,W,11,0,4,0.0,0,0,0.0,2,3,0.667,1,1,2,3,0,1,1,1,2,2,0,Kobe Bryant,Regular Season,1996-97
21996,977,0029600673,"Feb 05, 1997",LAL vs. CHI,W,13,2,7,0.286,1,2,0.5,0,0,0.0,1,2,3,0,0,1,0,0,5,10,0,Kobe Bryant,Regular Season,1996-97
21996,977,0029600665,"Feb 04, 1997",LAL @ LAC,L,23,2,10,0.2,0,2,0.0,2,2,1.0,1,2,3,0,2,0,2,2,6,-18,0,Kobe Bryant,Regular Season,1996-97
21996,977,0029600654,"Feb 02, 1997",LAL vs. WAS,W,24,2,9,0.222,0,1,0.0,9,9,1.0,0,3,3,3,0,0,1,0,13,2,0,Kobe Bryant,Regular Season,1996-97
21996,977,0029600623,"Jan 29, 1997",LAL @ SAS,W,30,6,12,0.5,3,7,0.429,4,4,1.0,1,3,4,0,2,2,3,2,19,13,0,Kobe Bryant,Regular Season,1996-97
21996,977,0029600613,"Jan 28, 1997",LAL @ DAL,W,32,5,11,0.455,0,3,0.0,2,3,0.667,1,2,3,2,2,1,3,1,12,10,0,Kobe Bryant,Regular Season,1996-97
21996,977,0029600603,"Jan 26, 1997",LAL @ SEA,W,17,3,6,0.5,1,1,1.0,0,0,0.0,1,0,1,1,1,0,3,0,7,-3,0,Kobe Bryant,Regular Season,1996-97
21996,977,0029600590,"Jan 24, 1997",LAL vs. GSW,W,25,4,8,0.5,1,4,0.25,8,8,1.0,3,3,6,4,1,0,3,2,17,13,0,Kobe Bryant,Regular Season,1996-97
21996,977,0029600559,"Jan 20, 1997",LAL vs. DAL,W,13,3,7,0.429,0,0,0.0,0,0,0.0,1,1,2,1,1,0,5,2,6,-5,0,Kobe Bryant,Regular Season,1996-97
21996,977,0029600545,"Jan 18, 1997",LAL vs. DET,L,32,8,13,0.615,3,5,0.6,2,2,1.0,0,2,2,5,1,0,4,1,21,-1,0,Kobe Bryant,Regular Season,1996-97
21996,977,0029600513,"Jan 14, 1997",LAL vs. VAN,W,6,1,6,0.167,0,2,0.0,0,0,0.0,0,0,0,0,1,0,0,1,2,-5,0,Kobe Bryant,Regular Season,1996-97
21996,977,0029600488,"Jan 10, 1997",LAL vs. MIA,W,8,1,3,0.333,0,1,0.0,0,0,0.0,1,2,3,0,0,0,2,0,2,-2,0,Kobe Bryant,Regular Season,1996-97
21996,977,0029600474,"Jan 08, 1997",LAL vs. CHH,W,22,4,13,0.308,0,2,0.0,1,2,0.5,1,0,1,2,2,1,2,2,9,-2,0,Kobe Bryant,Regular Season,1996-97
21996,977,0029600457,"Jan 06, 1997",LAL @ POR,L,23,3,9,0.333,1,3,0.333,1,2,0.5,0,2,2,2,2,0,2,3,8,7,0,Kobe Bryant,Regular Season,1996-97
21996,977,0029600454,"Jan 05, 1997",LAL @ VAN,W,29,6,9,0.667,1,1,1.0,3,4,0.75,3,2,5,3,1,0,2,3,16,12,0,Kobe Bryant,Regular Season,1996-97
21996,977,0029600439,"Jan 03, 1997",LAL vs. SAC,W,22,6,10,0.6,0,2,0.0,9,10,0.9,2,3,5,1,2,2,0,1,21,10,0,Kobe Bryant,Regular Season,1996-97
21996,977,0029600432,"Jan 02, 1997",LAL @ SAC,W,10,2,3,0.667,0,1,0.0,0,0,0.0,0,1,1,2,1,0,0,3,4,6,0,Kobe Bryant,Regular Season,1996-97
21996,977,0029600412,"Dec 29, 1996",LAL vs. PHI,W,7,0,1,0.0,0,0,0.0,0,0,0.0,0,1,1,0,1,0,1,3,0,2,0,Kobe Bryant,Regular Season,1996-97
21996,977,0029600382,"Dec 25, 1996",LAL @ PHX,W,5,0,2,0.0,0,1,0.0,0,0,0.0,0,1,1,0,0,0,0,1,0,3,0,Kobe Bryant,Regular Season,1996-97
21996,977,0029600362,"Dec 21, 1996",LAL @ MIN,L,12,2,3,0.667,1,2,0.5,0,0,0.0,0,1,1,0,0,1,3,2,5,-4,0,Kobe Bryant,Regular Season,1996-97
21996,977,0029600337,"Dec 18, 1996",LAL @ MIL,W,8,0,0,0.0,0,0,0.0,0,0,0.0,2,1,3,1,0,1,1,0,0,-4,0,Kobe Bryant,Regular Season,1996-97
21996,977,0029600330,"Dec 17, 1996",LAL @ CHI,L,10,2,5,0.4,1,2,0.5,0,2,0.0,0,1,1,0,0,1,0,1,5,-5,0,Kobe Bryant,Regular Season,1996-97
21996,977,0029600284,"Dec 10, 1996",LAL @ SAC,W,6,0,1,0.0,0,1,0.0,0,0,0.0,0,1,1,1,1,0,1,0,0,-8,0,Kobe Bryant,Regular Season,1996-97
21996,977,0029600270,"Dec 08, 1996",LAL vs. MIN,W,22,3,10,0.3,0,3,0.0,5,6,0.833,2,1,3,3,2,2,3,2,11,-1,0,Kobe Bryant,Regular Season,1996-97
21996,977,0029600240,"Dec 04, 1996",LAL @ UTA,L,13,2,6,0.333,0,0,0.0,4,6,0.667,1,2,3,2,0,0,1,1,8,0,0,Kobe Bryant,Regular Season,1996-97
21996,977,0029600219,"Dec 01, 1996",LAL vs. DEN,W,3,1,2,0.5,0,0,0.0,0,0,0.0,0,1,1,0,0,0,1,0,2,-4,0,Kobe Bryant,Regular Season,1996-97
21996,977,0029600202,"Nov 29, 1996",LAL @ DET,W,7,0,1,0.0,0,0,0.0,1,2,0.5,1,0,1,0,0,1,0,1,1,2,0,Kobe Bryant,Regular Season,1996-97
21996,977,0029600187,"Nov 27, 1996",LAL @ BOS,L,20,1,7,0.143,0,3,0.0,0,0,0.0,1,3,4,1,0,1,2,3,2,-8,0,Kobe Bryant,Regular Season,1996-97
21996,977,0029600179,"Nov 26, 1996",LAL @ PHI,W,21,4,10,0.4,2,5,0.4,2,2,1.0,0,1,1,1,0,0,3,1,12,12,0,Kobe Bryant,Regular Season,1996-97
21996,977,0029600144,"Nov 20, 1996",LAL vs. UTA,L,21,4,5,0.8,3,3,1.0,0,0,0.0,0,1,1,1,0,1,2,1,11,-5,0,Kobe Bryant,Regular Season,1996-97
21996,977,0029600136,"Nov 19, 1996",LAL @ GSW,W,8,0,2,0.0,0,1,0.0,3,4,0.75,0,2,2,1,0,0,1,2,3,-2,0,Kobe Bryant,Regular Season,1996-97
21996,977,0029600126,"Nov 17, 1996",LAL @ PHX,W,14,5,8,0.625,4,6,0.667,2,2,1.0,2,0,2,2,0,0,4,2,16,-3,0,Kobe Bryant,Regular Season,1996-97
21996,977,0029600112,"Nov 15, 1996",LAL vs. LAC,W,7,1,4,0.25,0,2,0.0,2,3,0.667,0,0,0,0,0,0,1,4,4,1,0,Kobe Bryant,Regular Season,1996-97
21996,977,0029600095,"Nov 13, 1996",LAL @ SAS,L,6,2,2,1.0,1,1,1.0,1,1,1.0,0,0,0,0,1,0,0,2,6,-4,0,Kobe Bryant,Regular Season,1996-97
21996,977,0029600086,"Nov 12, 1996",LAL @ HOU,W,5,1,2,0.5,0,1,0.0,0,0,0.0,0,1,1,0,0,0,2,0,2,-4,0,Kobe Bryant,Regular Season,1996-97
21996,977,0029600072,"Nov 10, 1996",LAL vs. ATL,W,8,0,3,0.0,0,0,0.0,2,2,1.0,1,2,3,1,0,0,0,0,2,-4,0,Kobe Bryant,Regular Season,1996-97
21996,977,0029600057,"Nov 08, 1996",LAL @ TOR,L,17,3,8,0.375,2,3,0.667,2,4,0.5,0,3,3,0,0,1,0,3,10,2,0,Kobe Bryant,Regular Season,1996-97
21996,977,0029600044,"Nov 06, 1996",LAL @ CHH,L,7,2,3,0.667,1,2,0.5,0,0,0.0,0,0,0,0,0,0,3,0,5,0,0,Kobe Bryant,Regular Season,1996-97
21996,977,0029600031,"Nov 05, 1996",LAL @ NYK,W,3,0,1,0.0,0,0,0.0,1,2,0.5,0,0,0,0,0,0,1,0,1,-8,0,Kobe Bryant,Regular Season,1996-97
21996,977,0029600027,"Nov 03, 1996",LAL vs. MIN,W,6,0,1,0.0,0,0,0.0,0,0,0.0,0,1,1,0,0,1,1,1,0,-8,0,Kobe Bryant,Regular Season,1996-97
41996,977,0049600057,"May 12, 1997",LAL @ UTA,L,28,4,14,0.286,0,6,0.0,3,3,1.0,0,2,2,2,1,0,1,3,11,-1,0,Kobe Bryant,Playoffs,1996-97
41996,977,0049600052,"May 10, 1997",LAL vs. UTA,L,28,3,9,0.333,3,6,0.5,0,0,0.0,0,2,2,0,0,0,5,4,9,-12,0,Kobe Bryant,Playoffs,1996-97
41996,977,0049600048,"May 08, 1997",LAL vs. UTA,W,19,3,7,0.429,0,2,0.0,13,14,0.929,0,1,1,3,1,1,3,3,19,10,0,Kobe Bryant,Playoffs,1996-97
41996,977,0049600044,"May 06, 1997",LAL @ UTA,L,4,1,1,1.0,0,0,0.0,0,0,0.0,0,0,0,1,0,0,1,2,2,3,0,Kobe Bryant,Playoffs,1996-97
41996,977,0049600041,"May 04, 1997",LAL @ UTA,L,14,1,7,0.143,1,5,0.2,0,1,0.0,1,1,2,3,0,1,0,5,3,-10,0,Kobe Bryant,Playoffs,1996-97
41996,977,0049600032,"May 02, 1997",LAL @ POR,W,5,0,0,0.0,0,0,0.0,0,0,0.0,0,0,0,0,0,0,0,0,0,-2,0,Kobe Bryant,Playoffs,1996-97
41996,977,0049600024,"Apr 30, 1997",LAL @ POR,L,26,7,13,0.538,2,3,0.667,6,8,0.75,0,4,4,2,1,0,4,5,22,15,0,Kobe Bryant,Playoffs,1996-97
41996,977,0049600013,"Apr 27, 1997",LAL vs. POR,W,4,1,3,0.333,0,1,0.0,4,4,1.0,0,0,0,0,0,0,0,1,6,-4,0,Kobe Bryant,Playoffs,1996-97
41996,977,0049600008,"Apr 25, 1997",LAL vs. POR,W,0,1,1,1.0,0,0,0.0,0,0,0.0,0,0,0,0,0,0,0,0,2,2,0,Kobe Bryant,Playoffs,1996-97
21997,977,0029701187,"Apr 19, 1998",LAL vs. UTA,W,37,10,19,0.526,1,5,0.2,4,6,0.667,1,1,2,3,2,2,2,1,25,10,0,Kobe Bryant,Regular Season,1997-98
21997,977,0029701173,"Apr 17, 1998",LAL vs. DAL,W,27,5,8,0.625,1,3,0.333,6,7,0.857,1,6,7,4,0,0,3,3,17,-6,0,Kobe Bryant,Regular Season,1997-98
21997,977,0029701145,"Apr 14, 1998",LAL @ DAL,W,28,6,11,0.545,1,1,1.0,6,7,0.857,1,3,4,1,0,0,2,6,19,-7,0,Kobe Bryant,Regular Season,1997-98
21997,977,0029701137,"Apr 13, 1998",LAL @ SAS,W,26,5,10,0.5,0,2,0.0,5,6,0.833,0,1,1,3,0,2,3,2,15,14,0,Kobe Bryant,Regular Season,1997-98
21997,977,0029701127,"Apr 11, 1998",LAL @ GSW,W,24,4,9,0.444,2,3,0.667,0,0,0.0,0,1,1,1,0,1,2,1,10,4,0,Kobe Bryant,Regular Season,1997-98
21997,977,0029701120,"Apr 10, 1998",LAL vs. PHX,L,29,2,11,0.182,2,6,0.333,6,8,0.75,1,1,2,3,1,1,1,1,12,-13,0,Kobe Bryant,Regular Season,1997-98
21997,977,0029701106,"Apr 08, 1998",LAL vs. VAN,W,26,4,10,0.4,1,5,0.2,5,6,0.833,0,1,1,4,0,2,5,3,14,7,0,Kobe Bryant,Regular Season,1997-98
21997,977,0029701080,"Apr 05, 1998",LAL @ DET,W,27,2,11,0.182,0,4,0.0,2,2,1.0,2,1,3,1,2,2,1,4,6,3,0,Kobe Bryant,Regular Season,1997-98
21997,977,0029701064,"Apr 03, 1998",LAL @ CLE,W,23,3,8,0.375,1,2,0.5,0,0,0.0,0,1,1,5,1,0,3,4,7,1,0,Kobe Bryant,Regular Season,1997-98
21997,977,0029701055,"Apr 02, 1998",LAL @ NJN,W,25,7,11,0.636,1,2,0.5,5,9,0.556,1,3,4,2,1,0,2,4,20,1,0,Kobe Bryant,Regular Season,1997-98
21997,977,0029701040,"Mar 31, 1998",LAL @ TOR,W,25,7,13,0.538,2,4,0.5,1,1,1.0,1,1,2,5,1,1,3,2,17,7,0,Kobe Bryant,Regular Season,1997-98
21997,977,0029701033,"Mar 29, 1998",LAL vs. WAS,W,23,5,12,0.417,0,1,0.0,5,5,1.0,1,4,5,2,0,1,1,1,15,5,0,Kobe Bryant,Regular Season,1997-98
21997,977,0029701022,"Mar 28, 1998",LAL @ UTA,L,27,0,4,0.0,0,2,0.0,2,2,1.0,0,0,0,3,4,1,2,1,2,-16,0,Kobe Bryant,Regular Season,1997-98
21997,977,0029701003,"Mar 25, 1998",LAL vs. SAC,W,21,3,7,0.429,1,3,0.333,4,5,0.8,1,0,1,3,0,0,5,2,11,1,0,Kobe Bryant,Regular Season,1997-98
21997,977,0029700985,"Mar 23, 1998",LAL @ DEN,W,32,8,12,0.667,2,4,0.5,5,5,1.0,0,3,3,3,2,0,2,1,23,15,0,Kobe Bryant,Regular Season,1997-98
21997,977,0029700981,"Mar 22, 1998",LAL @ SAC,W,25,2,9,0.222,0,2,0.0,8,12,0.667,3,3,6,3,0,0,2,5,12,5,0,Kobe Bryant,Regular Season,1997-98
21997,977,0029700967,"Mar 20, 1998",LAL vs. SEA,W,18,3,7,0.429,2,3,0.667,8,8,1.0,1,0,1,2,2,0,2,1,16,8,0,Kobe Bryant,Regular Season,1997-98
21997,977,0029700948,"Mar 18, 1998",LAL vs. PHX,W,28,1,10,0.1,0,3,0.0,8,9,0.889,1,2,3,6,0,3,1,1,10,7,0,Kobe Bryant,Regular Season,1997-98
21997,977,0029700933,"Mar 16, 1998",LAL @ SEA,L,14,0,1,0.0,0,1,0.0,0,0,0.0,0,0,0,2,0,0,1,2,0,2,0,Kobe Bryant,Regular Season,1997-98
21997,977,0029700927,"Mar 15, 1998",LAL @ VAN,W,25,4,7,0.571,1,1,1.0,4,7,0.571,1,2,3,5,0,2,1,0,13,11,0,Kobe Bryant,Regular Season,1997-98
21997,977,0029700903,"Mar 12, 1998",LAL @ LAC,W,12,2,9,0.222,1,2,0.5,1,2,0.5,0,3,3,1,0,0,4,1,6,-2,0,Kobe Bryant,Regular Season,1997-98
21997,977,0029700896,"Mar 11, 1998",LAL vs. POR,W,20,4,10,0.4,1,2,0.5,4,5,0.8,1,1,2,2,0,0,1,2,13,11,0,Kobe Bryant,Regular Season,1997-98
21997,977,0029700876,"Mar 08, 1998",LAL vs. DET,W,19,2,7,0.286,0,2,0.0,0,0,0.0,1,2,3,0,1,0,1,0,4,-8,0,Kobe Bryant,Regular Season,1997-98
21997,977,0029700863,"Mar 06, 1998",LAL vs. SAS,W,21,1,6,0.167,0,2,0.0,5,6,0.833,0,1,1,2,1,2,1,0,7,-4,0,Kobe Bryant,Regular Season,1997-98
21997,977,0029700848,"Mar 04, 1998",LAL vs. IND,W,21,3,8,0.375,0,0,0.0,9,14,0.643,1,2,3,1,0,0,4,3,15,2,0,Kobe Bryant,Regular Season,1997-98
21997,977,0029700831,"Mar 02, 1998",LAL @ WAS,L,12,2,7,0.286,0,1,0.0,0,0,0.0,0,1,1,1,0,0,1,0,4,-16,0,Kobe Bryant,Regular Season,1997-98
21997,977,0029700823,"Mar 01, 1998",LAL @ NYK,L,27,4,15,0.267,1,5,0.2,5,5,1.0,1,4,5,0,0,0,1,5,14,-11,0,Kobe Bryant,Regular Season,1997-98
21997,977,0029700813,"Feb 27, 1998",LAL @ MIN,W,26,4,12,0.333,1,4,0.25,5,6,0.833,0,3,3,4,1,1,2,2,14,10,0,Kobe Bryant,Regular Season,1997-98
21997,977,0029700798,"Feb 25, 1998",LAL @ IND,W,23,1,8,0.125,0,0,0.0,6,6,1.0,2,1,3,2,1,0,6,3,8,-1,0,Kobe Bryant,Regular Season,1997-98
21997,977,0029700790,"Feb 24, 1998",LAL @ MIL,W,25,3,12,0.25,1,1,1.0,5,5,1.0,1,4,5,2,0,0,1,2,12,-1,0,Kobe Bryant,Regular Season,1997-98
21997,977,0029700775,"Feb 22, 1998",LAL @ ORL,L,37,6,15,0.4,2,3,0.667,4,5,0.8,0,3,3,4,2,0,2,1,18,3,0,Kobe Bryant,Regular Season,1997-98
21997,977,0029700757,"Feb 19, 1998",LAL vs. DEN,W,35,7,10,0.7,0,0,0.0,7,8,0.875,1,3,4,7,0,0,0,1,21,43,0,Kobe Bryant,Regular Season,1997-98
21997,977,0029700748,"Feb 18, 1998",LAL @ PHX,L,24,3,8,0.375,0,1,0.0,2,2,1.0,1,3,4,4,2,0,4,3,8,1,0,Kobe Bryant,Regular Season,1997-98
21997,977,0029700728,"Feb 15, 1998",LAL vs. HOU,L,33,8,15,0.533,2,5,0.4,0,0,0.0,2,0,2,0,1,0,2,2,18,2,0,Kobe Bryant,Regular Season,1997-98
21997,977,0029700715,"Feb 13, 1998",LAL vs. SEA,L,41,4,13,0.308,0,4,0.0,7,7,1.0,1,2,3,6,0,1,1,1,15,0,0,Kobe Bryant,Regular Season,1997-98
21997,977,0029700701,"Feb 11, 1998",LAL vs. GSW,W,22,5,11,0.455,0,0,0.0,1,2,0.5,2,3,5,0,0,0,4,1,11,-11,0,Kobe Bryant,Regular Season,1997-98
21997,977,0029700693,"Feb 10, 1998",LAL @ POR,L,30,6,13,0.462,2,3,0.667,3,5,0.6,2,2,4,2,1,1,1,4,17,-3,0,Kobe Bryant,Regular Season,1997-98
21997,977,0029700673,"Feb 04, 1998",LAL vs. POR,W,29,6,10,0.6,1,2,0.5,13,13,1.0,1,3,4,4,3,1,1,4,26,-2,0,Kobe Bryant,Regular Season,1997-98
21997,977,0029700647,"Feb 01, 1998",LAL vs. CHI,W,26,7,16,0.438,2,6,0.333,4,7,0.571,0,4,4,1,2,0,1,4,20,13,0,Kobe Bryant,Regular Season,1997-98
21997,977,0029700634,"Jan 30, 1998",LAL vs. MIN,W,30,7,16,0.438,2,3,0.667,6,9,0.667,2,1,3,7,0,0,4,4,22,24,0,Kobe Bryant,Regular Season,1997-98
21997,977,0029700620,"Jan 28, 1998",LAL vs. NJN,L,35,10,19,0.526,0,3,0.0,6,8,0.75,3,2,5,0,0,0,2,3,26,-1,0,Kobe Bryant,Regular Season,1997-98
21997,977,0029700596,"Jan 24, 1998",LAL @ SEA,L,33,6,14,0.429,1,4,0.25,5,8,0.625,1,3,4,0,0,1,3,5,18,-4,0,Kobe Bryant,Regular Season,1997-98
21997,977,0029700574,"Jan 21, 1998",LAL @ PHX,W,34,7,12,0.583,3,4,0.75,8,10,0.8,1,4,5,3,0,1,2,3,25,22,0,Kobe Bryant,Regular Season,1997-98
21997,977,0029700557,"Jan 19, 1998",LAL vs. ORL,W,31,4,7,0.571,1,2,0.5,7,7,1.0,1,1,2,1,1,1,1,0,16,-3,0,Kobe Bryant,Regular Season,1997-98
21997,977,0029700543,"Jan 17, 1998",LAL vs. MIA,W,27,6,9,0.667,1,2,0.5,8,9,0.889,3,2,5,2,0,0,4,4,21,-8,0,Kobe Bryant,Regular Season,1997-98
21997,977,0029700521,"Jan 14, 1998",LAL vs. DEN,W,23,3,8,0.375,1,3,0.333,7,8,0.875,1,2,3,5,0,0,2,1,14,7,0,Kobe Bryant,Regular Season,1997-98
21997,977,0029700500,"Jan 11, 1998",LAL vs. CHH,L,14,3,9,0.333,0,2,0.0,0,0,0.0,0,2,2,1,0,0,1,1,6,-15,0,Kobe Bryant,Regular Season,1997-98
21997,977,0029700487,"Jan 09, 1998",LAL @ LAC,W,27,4,11,0.364,0,2,0.0,7,7,1.0,0,0,0,2,2,1,1,3,15,7,0,Kobe Bryant,Regular Season,1997-98
21997,977,0029700472,"Jan 07, 1998",LAL vs. MIL,W,20,4,7,0.571,0,1,0.0,9,10,0.9,1,1,2,2,2,1,3,2,17,12,0,Kobe Bryant,Regular Season,1997-98
21997,977,0029700464,"Jan 06, 1998",LAL @ VAN,W,25,6,10,0.6,1,1,1.0,3,3,1.0,1,1,2,2,2,0,1,1,16,5,0,Kobe Bryant,Regular Season,1997-98
21997,977,0029700450,"Jan 04, 1998",LAL vs. PHI,L,31,6,18,0.333,1,3,0.333,7,11,0.636,2,4,6,4,2,0,0,5,20,1,0,Kobe Bryant,Regular Season,1997-98
21997,977,0029700435,"Jan 02, 1998",LAL vs. ATL,W,24,5,8,0.625,2,3,0.667,0,0,0.0,1,2,3,4,2,0,3,1,12,9,0,Kobe Bryant,Regular Season,1997-98
21997,977,0029700419,"Dec 30, 1997",LAL vs. SAC,W,28,4,10,0.4,0,1,0.0,4,6,0.667,0,4,4,1,0,1,2,2,12,4,0,Kobe Bryant,Regular Season,1997-98
21997,977,0029700404,"Dec 28, 1997",LAL vs. BOS,L,26,5,11,0.455,0,2,0.0,7,10,0.7,0,0,0,1,2,1,2,4,17,-9,0,Kobe Bryant,Regular Season,1997-98
21997,977,0029700390,"Dec 26, 1997",LAL vs. LAC,W,27,7,15,0.467,2,5,0.4,0,1,0.0,0,1,1,2,0,1,1,4,16,1,0,Kobe Bryant,Regular Season,1997-98
21997,977,0029700370,"Dec 22, 1997",LAL @ HOU,W,26,6,13,0.462,2,4,0.5,5,6,0.833,2,3,5,0,2,1,2,3,19,8,0,Kobe Bryant,Regular Season,1997-98
21997,977,0029700352,"Dec 20, 1997",LAL @ CHH,W,26,5,14,0.357,1,3,0.333,2,2,1.0,1,0,1,1,0,0,1,3,13,12,0,Kobe Bryant,Regular Season,1997-98
21997,977,0029700343,"Dec 19, 1997",LAL @ ATL,W,31,7,16,0.438,1,4,0.25,4,6,0.667,1,1,2,1,3,0,2,2,19,1,0,Kobe Bryant,Regular Season,1997-98
21997,977,0029700335,"Dec 17, 1997",LAL @ CHI,L,29,12,20,0.6,3,5,0.6,6,9,0.667,2,1,3,2,0,0,0,4,33,0,0,Kobe Bryant,Regular Season,1997-98
21997,977,0029700322,"Dec 16, 1997",LAL @ MIN,W,23,7,15,0.467,0,2,0.0,5,5,1.0,2,4,6,0,0,0,1,3,19,-2,0,Kobe Bryant,Regular Season,1997-98
21997,977,0029700310,"Dec 14, 1997",LAL vs. DAL,W,32,12,21,0.571,3,7,0.429,3,4,0.75,1,2,3,3,0,0,2,3,30,13,0,Kobe Bryant,Regular Season,1997-98
21997,977,0029700297,"Dec 12, 1997",LAL vs. HOU,W,26,8,15,0.533,2,4,0.5,9,10,0.9,1,4,5,1,2,0,1,1,27,13,0,Kobe Bryant,Regular Season,1997-98
21997,977,0029700284,"Dec 10, 1997",LAL @ GSW,L,30,7,15,0.467,2,3,0.667,4,8,0.5,3,3,6,4,1,0,2,0,20,-4,0,Kobe Bryant,Regular Season,1997-98
21997,977,0029700267,"Dec 08, 1997",LAL @ POR,L,25,6,14,0.429,1,3,0.333,6,8,0.75,0,2,2,1,1,0,3,3,19,-13,0,Kobe Bryant,Regular Season,1997-98
21997,977,0029700262,"Dec 07, 1997",LAL vs. CLE,L,29,5,15,0.333,2,4,0.5,9,10,0.9,1,3,4,2,0,0,1,5,21,3,0,Kobe Bryant,Regular Season,1997-98
21997,977,0029700249,"Dec 05, 1997",LAL vs. SAS,W,27,4,10,0.4,1,3,0.333,8,8,1.0,1,3,4,5,3,0,0,1,17,20,0,Kobe Bryant,Regular Season,1997-98
21997,977,0029700233,"Dec 03, 1997",LAL @ DEN,W,24,3,10,0.3,1,3,0.333,3,4,0.75,1,3,4,5,0,2,2,1,10,6,0,Kobe Bryant,Regular Season,1997-98
21997,977,0029700217,"Nov 30, 1997",LAL vs. TOR,W,19,2,8,0.25,0,1,0.0,2,2,1.0,0,5,5,3,1,0,2,3,6,4,0,Kobe Bryant,Regular Season,1997-98
21997,977,0029700194,"Nov 28, 1997",LAL @ PHI,L,23,7,11,0.636,3,5,0.6,2,5,0.4,1,1,2,1,0,1,4,4,19,-4,0,Kobe Bryant,Regular Season,1997-98
21997,977,0029700183,"Nov 26, 1997",LAL @ BOS,W,28,5,11,0.455,1,1,1.0,3,8,0.375,2,3,5,2,1,0,7,1,14,5,0,Kobe Bryant,Regular Season,1997-98
21997,977,0029700177,"Nov 25, 1997",LAL @ MIA,L,27,7,21,0.333,1,5,0.2,1,5,0.2,2,0,2,3,3,0,2,2,16,-15,0,Kobe Bryant,Regular Season,1997-98
21997,977,0029700172,"Nov 23, 1997",LAL vs. LAC,W,29,8,21,0.381,0,2,0.0,8,9,0.889,3,2,5,4,4,0,1,3,24,18,0,Kobe Bryant,Regular Season,1997-98
21997,977,0029700144,"Nov 19, 1997",LAL vs. MIN,W,34,9,18,0.5,1,5,0.2,1,1,1.0,0,3,3,3,2,0,2,2,20,33,0,Kobe Bryant,Regular Season,1997-98
21997,977,0029700135,"Nov 18, 1997",LAL @ UTA,W,29,4,10,0.4,0,2,0.0,11,12,0.917,1,4,5,2,0,2,2,2,19,9,0,Kobe Bryant,Regular Season,1997-98
21997,977,0029700126,"Nov 16, 1997",LAL vs. VAN,W,16,2,6,0.333,1,4,0.25,6,6,1.0,0,1,1,1,0,0,2,2,11,1,0,Kobe Bryant,Regular Season,1997-98
21997,977,0029700076,"Nov 09, 1997",LAL vs. GSW,W,24,11,18,0.611,2,3,0.667,1,2,0.5,2,1,3,5,3,1,0,1,25,16,0,Kobe Bryant,Regular Season,1997-98
21997,977,0029700062,"Nov 07, 1997",LAL vs. NYK,W,20,1,9,0.111,0,2,0.0,2,3,0.667,0,1,1,1,1,0,0,2,4,-6,0,Kobe Bryant,Regular Season,1997-98
21997,977,0029700040,"Nov 04, 1997",LAL @ SAC,W,21,2,10,0.2,0,2,0.0,0,0,0.0,2,1,3,3,2,1,3,1,4,-7,0,Kobe Bryant,Regular Season,1997-98
21997,977,0029700012,"Oct 31, 1997",LAL vs. UTA,W,33,5,13,0.385,0,2,0.0,13,14,0.929,0,3,3,5,1,0,1,1,23,18,0,Kobe Bryant,Regular Season,1997-98
41997,977,0049700075,"May 24, 1998",LAL vs. UTA,L,18,2,2,1.0,0,0,0.0,2,3,0.667,0,1,1,0,1,1,3,3,6,0,0,Kobe Bryant,Playoffs,1997-98
41997,977,0049700073,"May 22, 1998",LAL vs. UTA,L,15,2,4,0.5,0,1,0.0,5,7,0.714,0,0,0,1,0,0,2,4,9,-2,0,Kobe Bryant,Playoffs,1997-98
41997,977,0049700071,"May 18, 1998",LAL @ UTA,L,21,3,10,0.3,0,1,0.0,3,4,0.75,1,1,2,1,0,0,2,3,9,-6,0,Kobe Bryant,Playoffs,1997-98
41997,977,0049700069,"May 16, 1998",LAL @ UTA,L,31,4,14,0.286,0,5,0.0,8,12,0.667,2,2,4,2,0,1,0,0,16,-20,0,Kobe Bryant,Playoffs,1997-98
41997,977,0049700059,"May 12, 1998",LAL @ SEA,W,11,3,3,1.0,1,1,1.0,0,0,0.0,0,1,1,0,0,1,1,2,7,-6,0,Kobe Bryant,Playoffs,1997-98
41997,977,0049700054,"May 10, 1998",LAL vs. SEA,W,3,0,0,0.0,0,0,0.0,0,0,0.0,0,0,0,0,0,0,0,0,0,1,0,Kobe Bryant,Playoffs,1997-98
41997,977,0049700042,"May 04, 1998",LAL @ SEA,L,16,1,5,0.2,0,2,0.0,2,4,0.5,1,0,1,0,1,1,0,2,4,-16,0,Kobe Bryant,Playoffs,1997-98
41997,977,0049700029,"Apr 30, 1998",LAL @ POR,W,36,9,16,0.563,1,1,1.0,3,4,0.75,0,3,3,4,0,1,1,4,22,21,0,Kobe Bryant,Playoffs,1997-98
41997,977,0049700022,"Apr 28, 1998",LAL @ POR,L,15,1,6,0.167,0,2,0.0,2,2,1.0,3,2,5,0,0,0,1,3,4,-11,0,Kobe Bryant,Playoffs,1997-98
41997,977,0049700014,"Apr 26, 1998",LAL vs. POR,W,24,2,7,0.286,0,0,0.0,0,0,0.0,0,3,3,4,0,1,1,2,4,-3,0,Kobe Bryant,Playoffs,1997-98
41997,977,0049700008,"Apr 24, 1998",LAL vs. POR,W,27,4,9,0.444,1,1,1.0,6,9,0.667,0,1,1,4,1,2,0,5,15,2,0,Kobe Bryant,Playoffs,1997-98
21998,977,0029800723,"May 05, 1999",LAL vs. POR,W,22,4,5,0.8,0,0,0.0,3,5,0.6,1,4,5,1,0,0,1,2,11,17,0,Kobe Bryant,Regular Season,1998-99
21998,977,0029800703,"May 03, 1999",LAL vs. DAL,W,40,6,12,0.5,0,0,0.0,5,5,1.0,0,4,4,10,3,1,5,4,17,16,0,Kobe Bryant,Regular Season,1998-99
21998,977,0029800698,"May 02, 1999",LAL @ SEA,W,44,12,20,0.6,1,2,0.5,3,4,0.75,2,4,6,4,2,3,3,5,28,9,0,Kobe Bryant,Regular Season,1998-99
21998,977,0029800672,"Apr 29, 1999",LAL vs. POR,W,38,5,11,0.455,0,2,0.0,5,6,0.833,0,6,6,7,2,2,6,2,15,26,0,Kobe Bryant,Regular Season,1998-99
21998,977,0029800646,"Apr 26, 1999",LAL @ HOU,L,35,3,14,0.214,1,3,0.333,2,2,1.0,1,4,5,2,1,0,1,2,9,-18,0,Kobe Bryant,Regular Season,1998-99
21998,977,0029800629,"Apr 24, 1999",LAL @ SAS,L,38,5,14,0.357,0,2,0.0,1,2,0.5,0,4,4,4,2,1,2,3,11,-24,0,Kobe Bryant,Regular Season,1998-99
21998,977,0029800610,"Apr 21, 1999",LAL @ POR,L,45,7,15,0.467,2,5,0.4,6,7,0.857,2,4,6,4,2,1,6,4,22,-4,0,Kobe Bryant,Regular Season,1998-99
21998,977,0029800600,"Apr 20, 1999",LAL @ GSW,W,40,10,17,0.588,3,4,0.75,4,5,0.8,3,2,5,5,1,3,5,3,27,7,0,Kobe Bryant,Regular Season,1998-99
21998,977,0029800593,"Apr 19, 1999",LAL vs. VAN,W,36,6,11,0.545,0,3,0.0,5,6,0.833,0,4,4,8,1,0,1,4,17,3,0,Kobe Bryant,Regular Season,1998-99
21998,977,0029800574,"Apr 17, 1999",LAL @ UTA,L,42,6,16,0.375,2,4,0.5,3,5,0.6,0,5,5,5,0,0,4,2,17,-13,0,Kobe Bryant,Regular Season,1998-99
21998,977,0029800542,"Apr 13, 1999",LAL @ POR,L,39,7,19,0.368,0,2,0.0,6,7,0.857,0,0,0,2,0,0,2,1,20,-18,0,Kobe Bryant,Regular Season,1998-99
21998,977,0029800525,"Apr 11, 1999",LAL vs. SEA,L,44,8,21,0.381,0,4,0.0,9,10,0.9,2,3,5,9,1,0,0,6,25,-8,0,Kobe Bryant,Regular Season,1998-99
21998,977,0029800510,"Apr 09, 1999",LAL vs. MIN,W,37,7,14,0.5,1,3,0.333,3,4,0.75,2,1,3,7,1,0,1,2,18,11,0,Kobe Bryant,Regular Season,1998-99
21998,977,0029800495,"Apr 07, 1999",LAL @ SAC,W,42,7,18,0.389,0,1,0.0,4,4,1.0,0,2,2,7,6,0,8,4,18,11,0,Kobe Bryant,Regular Season,1998-99
21998,977,0029800484,"Apr 06, 1999",LAL vs. UTA,L,36,6,14,0.429,0,2,0.0,3,4,0.75,2,0,2,3,0,1,1,3,15,-14,0,Kobe Bryant,Regular Season,1998-99
21998,977,0029800476,"Apr 05, 1999",LAL vs. DEN,W,37,8,12,0.667,4,4,1.0,6,7,0.857,1,1,2,3,0,0,0,1,26,10,0,Kobe Bryant,Regular Season,1998-99
21998,977,0029800460,"Apr 03, 1999",LAL vs. GSW,L,39,5,15,0.333,0,1,0.0,7,9,0.778,1,1,2,2,1,0,2,2,17,0,0,Kobe Bryant,Regular Season,1998-99
21998,977,0029800452,"Apr 02, 1999",LAL @ PHX,W,41,7,20,0.35,0,0,0.0,4,4,1.0,0,3,3,4,2,2,4,3,18,-10,0,Kobe Bryant,Regular Season,1998-99
21998,977,0029800418,"Mar 29, 1999",LAL vs. VAN,W,34,7,17,0.412,0,1,0.0,6,6,1.0,3,0,3,3,3,3,2,2,20,6,0,Kobe Bryant,Regular Season,1998-99
21998,977,0029800413,"Mar 28, 1999",LAL vs. NYK,W,39,11,20,0.55,0,0,0.0,7,8,0.875,0,5,5,3,5,1,2,3,29,6,0,Kobe Bryant,Regular Season,1998-99
21998,977,0029800396,"Mar 26, 1999",LAL vs. SAC,L,40,10,17,0.588,1,1,1.0,5,6,0.833,0,0,0,6,2,3,2,0,26,-6,0,Kobe Bryant,Regular Season,1998-99
21998,977,0029800379,"Mar 24, 1999",LAL vs. PHX,L,39,10,22,0.455,0,3,0.0,5,7,0.714,1,2,3,2,1,2,5,3,25,-14,0,Kobe Bryant,Regular Season,1998-99
21998,977,0029800362,"Mar 22, 1999",LAL @ DAL,W,37,8,17,0.471,0,0,0.0,5,5,1.0,0,2,2,2,2,1,1,0,21,-1,0,Kobe Bryant,Regular Season,1998-99
21998,977,0029800350,"Mar 21, 1999",LAL @ ORL,W,45,15,24,0.625,2,2,1.0,6,7,0.857,0,3,3,4,2,1,4,3,38,15,0,Kobe Bryant,Regular Season,1998-99
21998,977,0029800333,"Mar 19, 1999",LAL @ PHI,L,40,9,16,0.563,1,4,0.25,4,4,1.0,0,2,2,2,1,1,5,1,23,-21,0,Kobe Bryant,Regular Season,1998-99
21998,977,0029800328,"Mar 18, 1999",LAL @ CLE,L,37,4,12,0.333,0,1,0.0,6,6,1.0,1,3,4,5,0,0,2,5,14,-6,0,Kobe Bryant,Regular Season,1998-99
21998,977,0029800313,"Mar 16, 1999",LAL @ MIN,W,39,6,12,0.5,1,2,0.5,8,10,0.8,2,7,9,3,0,0,0,3,21,16,0,Kobe Bryant,Regular Season,1998-99
21998,977,0029800297,"Mar 14, 1999",LAL @ SAC,L,43,11,19,0.579,1,6,0.167,6,6,1.0,2,8,10,4,2,0,6,1,29,9,0,Kobe Bryant,Regular Season,1998-99
21998,977,0029800281,"Mar 12, 1999",LAL vs. GSW,W,42,7,13,0.538,0,0,0.0,4,4,1.0,0,4,4,3,5,1,2,3,18,9,0,Kobe Bryant,Regular Season,1998-99
21998,977,0029800265,"Mar 10, 1999",LAL vs. LAC,W,28,4,14,0.286,0,0,0.0,1,2,0.5,2,2,4,4,0,0,3,3,9,7,0,Kobe Bryant,Regular Season,1998-99
21998,977,0029800255,"Mar 09, 1999",LAL @ LAC,W,28,4,7,0.571,0,0,0.0,8,10,0.8,1,1,2,5,2,0,4,4,16,-12,0,Kobe Bryant,Regular Season,1998-99
21998,977,0029800239,"Mar 07, 1999",LAL @ UTA,W,38,7,16,0.438,0,2,0.0,10,13,0.769,2,2,4,1,0,1,5,5,24,5,0,Kobe Bryant,Regular Season,1998-99
21998,977,0029800227,"Mar 05, 1999",LAL vs. SEA,W,43,8,15,0.533,0,0,0.0,4,4,1.0,2,3,5,2,1,1,2,2,20,-1,0,Kobe Bryant,Regular Season,1998-99
21998,977,0029800210,"Mar 03, 1999",LAL vs. PHX,W,42,11,19,0.579,0,0,0.0,10,12,0.833,0,5,5,5,2,4,4,0,32,4,0,Kobe Bryant,Regular Season,1998-99
21998,977,0029800192,"Mar 01, 1999",LAL @ PHX,W,27,3,11,0.273,0,1,0.0,4,5,0.8,1,3,4,2,1,1,3,5,10,2,0,Kobe Bryant,Regular Season,1998-99
21998,977,0029800186,"Feb 28, 1999",LAL vs. HOU,W,40,8,20,0.4,0,2,0.0,2,2,1.0,0,5,5,3,1,1,4,2,18,6,0,Kobe Bryant,Regular Season,1998-99
21998,977,0029800169,"Feb 26, 1999",LAL vs. LAC,W,34,7,10,0.7,0,0,0.0,8,10,0.8,0,4,4,0,1,2,6,6,22,7,0,Kobe Bryant,Regular Season,1998-99
21998,977,0029800160,"Feb 25, 1999",LAL @ LAC,W,25,2,6,0.333,0,1,0.0,3,4,0.75,1,5,6,2,1,0,2,1,7,6,0,Kobe Bryant,Regular Season,1998-99
21998,977,0029800145,"Feb 23, 1999",LAL @ VAN,L,35,5,21,0.238,0,6,0.0,1,3,0.333,2,3,5,2,0,0,5,5,11,-7,0,Kobe Bryant,Regular Season,1998-99
21998,977,0029800135,"Feb 22, 1999",LAL @ DEN,L,46,8,15,0.533,1,3,0.333,9,11,0.818,1,12,13,9,1,0,4,4,26,-1,0,Kobe Bryant,Regular Season,1998-99
21998,977,0029800130,"Feb 21, 1999",LAL @ SEA,L,40,8,20,0.4,1,6,0.167,6,6,1.0,4,9,13,2,1,0,4,5,23,-9,0,Kobe Bryant,Regular Season,1998-99
21998,977,0029800112,"Feb 19, 1999",LAL vs. SAS,W,42,9,19,0.474,0,0,0.0,3,4,0.75,1,7,8,6,1,1,3,5,21,12,0,Kobe Bryant,Regular Season,1998-99
21998,977,0029800096,"Feb 17, 1999",LAL vs. DAL,W,31,8,15,0.533,0,0,0.0,7,8,0.875,1,8,9,4,1,0,3,2,23,26,0,Kobe Bryant,Regular Season,1998-99
21998,977,0029800088,"Feb 16, 1999",LAL vs. CHH,W,31,8,14,0.571,0,1,0.0,0,0,0.0,0,9,9,5,2,2,4,1,16,27,0,Kobe Bryant,Regular Season,1998-99
21998,977,0029800071,"Feb 14, 1999",LAL vs. IND,L,35,6,12,0.5,1,4,0.25,5,6,0.833,0,2,2,0,2,2,3,5,18,-6,0,Kobe Bryant,Regular Season,1998-99
21998,977,0029800058,"Feb 11, 1999",LAL @ MIN,L,38,8,21,0.381,0,3,0.0,8,9,0.889,2,8,10,2,2,1,1,1,24,-10,0,Kobe Bryant,Regular Season,1998-99
21998,977,0029800048,"Feb 10, 1999",LAL @ DEN,W,38,8,15,0.533,1,2,0.5,4,5,0.8,1,9,10,5,1,0,3,5,21,3,0,Kobe Bryant,Regular Season,1998-99
21998,977,0029800034,"Feb 08, 1999",LAL @ SAS,W,42,8,19,0.421,1,4,0.25,2,2,1.0,2,8,10,2,2,2,4,5,19,9,0,Kobe Bryant,Regular Season,1998-99
21998,977,0029800025,"Feb 07, 1999",LAL vs. UTA,L,41,7,12,0.583,0,1,0.0,2,2,1.0,2,10,12,3,0,2,5,6,16,-5,0,Kobe Bryant,Regular Season,1998-99
21998,977,0029800011,"Feb 05, 1999",LAL vs. HOU,W,44,8,21,0.381,2,3,0.667,7,9,0.778,2,8,10,2,2,3,2,4,25,14,0,Kobe Bryant,Regular Season,1998-99
41998,977,0049800054,"May 23, 1999",LAL vs. SAS,L,40,7,16,0.438,1,3,0.333,1,2,0.5,3,5,8,3,0,0,3,6,16,-16,0,Kobe Bryant,Playoffs,1998-99
41998,977,0049800051,"May 22, 1999",LAL vs. SAS,L,44,7,18,0.389,2,5,0.4,4,6,0.667,0,4,4,1,4,1,4,4,20,-6,0,Kobe Bryant,Playoffs,1998-99
41998,977,0049800046,"May 19, 1999",LAL @ SAS,L,47,12,25,0.48,1,3,0.333,3,5,0.6,1,7,8,4,0,0,5,3,28,-3,0,Kobe Bryant,Playoffs,1998-99
41998,977,0049800042,"May 17, 1999",LAL @ SAS,L,35,8,17,0.471,0,1,0.0,5,6,0.833,2,4,6,6,3,1,7,2,21,-5,0,Kobe Bryant,Playoffs,1998-99
41998,977,0049800032,"May 15, 1999",LAL @ HOU,W,47,9,25,0.36,1,3,0.333,5,6,0.833,1,5,6,8,3,2,3,1,24,11,0,Kobe Bryant,Playoffs,1998-99
41998,977,0049800024,"May 13, 1999",LAL @ HOU,L,34,5,17,0.294,1,4,0.25,2,2,1.0,4,5,9,5,2,4,3,3,13,0,0,Kobe Bryant,Playoffs,1998-99
41998,977,0049800016,"May 11, 1999",LAL vs. HOU,W,37,8,15,0.533,1,3,0.333,2,2,1.0,2,7,9,5,3,1,4,1,19,26,0,Kobe Bryant,Playoffs,1998-99
41998,977,0049800007,"May 09, 1999",LAL vs. HOU,W,28,5,9,0.556,1,1,1.0,6,6,1.0,0,5,5,5,0,1,2,4,17,0,0,Kobe Bryant,Playoffs,1998-99
21999,977,0029901185,"Apr 19, 2000",LAL @ SAS,L,43,9,21,0.429,2,5,0.4,3,4,0.75,6,1,7,1,1,0,1,5,23,-9,0,Kobe Bryant,Regular Season,1999-00
21999,977,0029901171,"Apr 18, 2000",LAL @ DAL,L,43,7,20,0.35,1,5,0.2,1,1,1.0,8,6,14,6,2,1,6,3,16,-10,0,Kobe Bryant,Regular Season,1999-00
21999,977,0029901159,"Apr 16, 2000",LAL vs. MIN,W,41,7,18,0.389,0,4,0.0,11,11,1.0,1,2,3,10,2,1,6,1,25,7,0,Kobe Bryant,Regular Season,1999-00
21999,977,0029901144,"Apr 14, 2000",LAL vs. SAC,W,40,13,21,0.619,1,2,0.5,4,6,0.667,1,4,5,5,3,3,1,1,31,10,0,Kobe Bryant,Regular Season,1999-00
21999,977,0029901114,"Apr 10, 2000",LAL vs. SEA,W,45,13,28,0.464,0,3,0.0,7,9,0.778,3,7,10,6,2,0,1,5,33,16,0,Kobe Bryant,Regular Season,1999-00
21999,977,0029901097,"Apr 08, 2000",LAL vs. SAS,L,39,12,30,0.4,0,3,0.0,2,4,0.5,3,5,8,5,1,0,0,1,26,-11,0,Kobe Bryant,Regular Season,1999-00
21999,977,0029901073,"Apr 05, 2000",LAL @ GSW,W,42,5,14,0.357,1,1,1.0,5,6,0.833,2,3,5,11,1,0,4,4,16,10,0,Kobe Bryant,Regular Season,1999-00
21999,977,0029901052,"Apr 02, 2000",LAL vs. NYK,W,29,5,11,0.455,0,0,0.0,7,7,1.0,0,6,6,8,0,1,2,1,17,9,0,Kobe Bryant,Regular Season,1999-00
21999,977,0029901039,"Mar 31, 2000",LAL vs. PHI,W,37,4,12,0.333,0,2,0.0,2,2,1.0,1,8,9,5,0,1,4,2,10,7,0,Kobe Bryant,Regular Season,1999-00
21999,977,0029901025,"Mar 29, 2000",LAL @ VAN,W,43,13,20,0.65,0,0,0.0,2,2,1.0,3,3,6,3,4,0,1,5,28,5,0,Kobe Bryant,Regular Season,1999-00
21999,977,0029901006,"Mar 26, 2000",LAL @ SAC,W,44,8,19,0.421,0,1,0.0,8,11,0.727,5,9,14,4,2,1,3,1,24,2,0,Kobe Bryant,Regular Season,1999-00
21999,977,0029900990,"Mar 24, 2000",LAL vs. PHX,W,33,9,15,0.6,1,2,0.5,9,11,0.818,2,4,6,7,2,0,1,5,28,6,0,Kobe Bryant,Regular Season,1999-00
21999,977,0029900977,"Mar 22, 2000",LAL vs. GSW,W,28,7,16,0.438,2,4,0.5,2,2,1.0,1,5,6,4,2,2,3,2,18,19,0,Kobe Bryant,Regular Season,1999-00
21999,977,0029900955,"Mar 20, 2000",LAL @ MIA,W,43,11,25,0.44,0,0,0.0,1,1,1.0,0,5,5,4,1,0,2,2,23,13,0,Kobe Bryant,Regular Season,1999-00
21999,977,0029900947,"Mar 19, 2000",LAL @ NYK,W,44,8,23,0.348,1,4,0.25,7,10,0.7,2,7,9,7,3,1,2,2,24,12,0,Kobe Bryant,Regular Season,1999-00
21999,977,0029900934,"Mar 17, 2000",LAL @ DET,W,33,12,21,0.571,0,1,0.0,1,5,0.2,2,6,8,6,2,2,4,3,25,27,0,Kobe Bryant,Regular Season,1999-00
21999,977,0029900923,"Mar 16, 2000",LAL @ WAS,L,33,2,10,0.2,0,0,0.0,3,4,0.75,1,2,3,7,1,0,6,6,7,-7,0,Kobe Bryant,Regular Season,1999-00
21999,977,0029900906,"Mar 13, 2000",LAL @ DEN,W,43,8,20,0.4,0,3,0.0,6,8,0.75,2,7,9,5,1,0,1,4,22,7,0,Kobe Bryant,Regular Season,1999-00
21999,977,0029900901,"Mar 12, 2000",LAL vs. SAC,W,43,15,24,0.625,2,4,0.5,8,9,0.889,3,7,10,8,0,1,4,3,40,-5,0,Kobe Bryant,Regular Season,1999-00
21999,977,0029900878,"Mar 09, 2000",LAL @ GSW,W,39,9,19,0.474,1,4,0.25,11,13,0.846,3,1,4,4,2,1,2,2,30,30,0,Kobe Bryant,Regular Season,1999-00
21999,977,0029900856,"Mar 06, 2000",LAL @ LAC,W,29,9,12,0.75,1,2,0.5,3,4,0.75,0,1,1,5,0,0,0,5,22,6,0,Kobe Bryant,Regular Season,1999-00
21999,977,0029900849,"Mar 05, 2000",LAL vs. MIA,W,39,5,12,0.417,1,3,0.333,4,6,0.667,1,6,7,3,3,1,2,4,15,9,0,Kobe Bryant,Regular Season,1999-00
21999,977,0029900835,"Mar 03, 2000",LAL vs. IND,W,41,9,17,0.529,1,2,0.5,3,4,0.75,1,4,5,7,1,1,3,3,22,10,0,Kobe Bryant,Regular Season,1999-00
21999,977,0029900821,"Mar 01, 2000",LAL vs. VAN,W,42,9,22,0.409,1,4,0.25,8,10,0.8,3,3,6,3,2,0,1,2,27,10,0,Kobe Bryant,Regular Season,1999-00
21999,977,0029900816,"Feb 29, 2000",LAL @ POR,W,36,6,11,0.545,0,1,0.0,10,10,1.0,1,6,7,3,1,1,5,4,22,2,0,Kobe Bryant,Regular Season,1999-00
21999,977,0029900800,"Feb 27, 2000",LAL vs. HOU,W,36,13,18,0.722,2,4,0.5,3,7,0.429,1,3,4,6,1,1,4,5,31,22,0,Kobe Bryant,Regular Season,1999-00
21999,977,0029900787,"Feb 25, 2000",LAL vs. BOS,W,31,6,12,0.5,0,0,0.0,5,6,0.833,1,5,6,5,3,2,2,5,17,8,0,Kobe Bryant,Regular Season,1999-00
21999,977,0029900768,"Feb 23, 2000",LAL @ CLE,W,39,9,22,0.409,1,3,0.333,2,3,0.667,0,7,7,6,2,1,0,2,21,6,0,Kobe Bryant,Regular Season,1999-00
21999,977,0029900758,"Feb 22, 2000",LAL @ NJN,W,39,9,20,0.45,0,1,0.0,3,4,0.75,3,1,4,4,0,1,1,3,21,5,0,Kobe Bryant,Regular Season,1999-00
21999,977,0029900743,"Feb 20, 2000",LAL @ PHI,W,39,7,15,0.467,0,1,0.0,4,5,0.8,1,2,3,7,0,5,3,3,18,10,0,Kobe Bryant,Regular Season,1999-00
21999,977,0029900729,"Feb 18, 2000",LAL @ ORL,W,44,4,10,0.4,1,2,0.5,2,2,1.0,0,3,3,5,4,0,4,2,11,8,0,Kobe Bryant,Regular Season,1999-00
21999,977,0029900718,"Feb 16, 2000",LAL @ CHH,W,34,9,18,0.5,0,1,0.0,8,8,1.0,3,4,7,6,0,0,3,3,26,9,0,Kobe Bryant,Regular Season,1999-00
21999,977,0029900708,"Feb 15, 2000",LAL @ CHI,W,42,8,14,0.571,1,3,0.333,4,4,1.0,1,4,5,5,5,2,4,1,21,15,0,Kobe Bryant,Regular Season,1999-00
21999,977,0029900698,"Feb 09, 2000",LAL vs. MIN,W,33,9,17,0.529,2,2,1.0,4,5,0.8,2,3,5,4,1,0,5,1,24,15,0,Kobe Bryant,Regular Season,1999-00
21999,977,0029900680,"Feb 07, 2000",LAL vs. DEN,W,42,10,21,0.476,3,5,0.6,6,7,0.857,1,8,9,11,1,3,4,2,29,7,0,Kobe Bryant,Regular Season,1999-00
21999,977,0029900658,"Feb 04, 2000",LAL vs. UTA,W,26,5,8,0.625,0,1,0.0,3,5,0.6,0,4,4,9,2,1,4,4,13,24,0,Kobe Bryant,Regular Season,1999-00
21999,977,0029900635,"Feb 01, 2000",LAL @ SAS,L,41,7,14,0.5,0,1,0.0,5,6,0.833,1,6,7,8,4,2,1,3,19,-20,0,Kobe Bryant,Regular Season,1999-00
21999,977,0029900624,"Jan 30, 2000",LAL @ HOU,L,41,6,22,0.273,0,2,0.0,5,6,0.833,1,3,4,5,1,0,2,3,17,-5,0,Kobe Bryant,Regular Season,1999-00
21999,977,0029900611,"Jan 28, 2000",LAL vs. MIL,W,33,8,15,0.533,1,2,0.5,6,6,1.0,0,2,2,0,3,1,0,4,23,23,0,Kobe Bryant,Regular Season,1999-00
21999,977,0029900582,"Jan 24, 2000",LAL @ UTA,L,44,9,24,0.375,1,2,0.5,7,8,0.875,2,5,7,1,0,3,4,5,26,-11,0,Kobe Bryant,Regular Season,1999-00
21999,977,0029900571,"Jan 22, 2000",LAL vs. POR,L,37,13,19,0.684,1,2,0.5,1,2,0.5,0,4,4,2,1,0,2,6,28,-8,0,Kobe Bryant,Regular Season,1999-00
21999,977,0029900551,"Jan 19, 2000",LAL vs. CLE,W,41,6,15,0.4,0,2,0.0,13,14,0.929,3,10,13,4,0,2,6,4,25,8,0,Kobe Bryant,Regular Season,1999-00
21999,977,0029900537,"Jan 17, 2000",LAL vs. SEA,L,42,6,18,0.333,0,5,0.0,3,4,0.75,1,13,14,2,4,0,3,3,15,-2,0,Kobe Bryant,Regular Season,1999-00
21999,977,0029900522,"Jan 15, 2000",LAL @ MIN,W,40,8,18,0.444,2,3,0.667,4,5,0.8,0,3,3,6,1,2,2,4,22,12,0,Kobe Bryant,Regular Season,1999-00
21999,977,0029900509,"Jan 14, 2000",LAL @ IND,L,40,7,19,0.368,0,1,0.0,4,4,1.0,2,5,7,3,0,1,2,6,18,-12,0,Kobe Bryant,Regular Season,1999-00
21999,977,0029900496,"Jan 12, 2000",LAL @ MIL,W,43,10,19,0.526,0,3,0.0,2,2,1.0,2,2,4,5,3,2,3,5,22,9,0,Kobe Bryant,Regular Season,1999-00
21999,977,0029900483,"Jan 10, 2000",LAL vs. DEN,W,36,12,18,0.667,4,6,0.667,2,2,1.0,4,3,7,4,4,1,1,2,30,38,0,Kobe Bryant,Regular Season,1999-00
21999,977,0029900473,"Jan 08, 2000",LAL @ SEA,W,43,11,18,0.611,5,7,0.714,4,5,0.8,0,6,6,1,3,1,3,4,31,15,0,Kobe Bryant,Regular Season,1999-00
21999,977,0029900461,"Jan 07, 2000",LAL vs. CHH,W,36,5,19,0.263,1,4,0.25,2,2,1.0,3,7,10,4,1,0,5,5,13,-7,0,Kobe Bryant,Regular Season,1999-00
21999,977,0029900447,"Jan 05, 2000",LAL vs. LAC,W,37,11,22,0.5,0,1,0.0,4,6,0.667,3,7,10,6,1,2,2,3,26,12,0,Kobe Bryant,Regular Season,1999-00
21999,977,0029900440,"Jan 04, 2000",LAL @ LAC,W,37,12,26,0.462,0,1,0.0,5,7,0.714,5,4,9,2,1,0,4,4,29,10,0,Kobe Bryant,Regular Season,1999-00
21999,977,0029900409,"Dec 29, 1999",LAL vs. PHX,W,41,8,15,0.533,0,0,0.0,2,2,1.0,0,6,6,6,1,0,4,3,18,14,0,Kobe Bryant,Regular Season,1999-00
21999,977,0029900394,"Dec 27, 1999",LAL vs. DAL,W,42,10,22,0.455,1,1,1.0,4,4,1.0,2,7,9,4,3,0,3,3,25,9,0,Kobe Bryant,Regular Season,1999-00
21999,977,0029900379,"Dec 25, 1999",LAL vs. SAS,W,35,7,19,0.368,0,1,0.0,4,5,0.8,0,5,5,5,0,0,4,3,18,1,0,Kobe Bryant,Regular Season,1999-00
21999,977,0029900346,"Dec 20, 1999",LAL @ BOS,W,45,9,17,0.529,1,1,1.0,8,8,1.0,0,4,4,4,4,0,3,3,27,6,0,Kobe Bryant,Regular Season,1999-00
21999,977,0029900344,"Dec 19, 1999",LAL @ TOR,W,40,9,20,0.45,0,0,0.0,8,11,0.727,0,3,3,3,3,0,4,5,26,6,0,Kobe Bryant,Regular Season,1999-00
21999,977,0029900327,"Dec 17, 1999",LAL @ MIN,W,45,10,24,0.417,0,2,0.0,8,9,0.889,3,4,7,12,1,0,4,5,28,7,0,Kobe Bryant,Regular Season,1999-00
21999,977,0029900318,"Dec 16, 1999",LAL @ ATL,W,40,10,19,0.526,0,1,0.0,10,11,0.909,1,6,7,2,0,1,0,6,30,9,0,Kobe Bryant,Regular Season,1999-00
21999,977,0029900305,"Dec 14, 1999",LAL vs. LAC,W,30,5,12,0.417,0,1,0.0,8,9,0.889,0,3,3,3,2,2,1,1,18,40,0,Kobe Bryant,Regular Season,1999-00
21999,977,0029900296,"Dec 12, 1999",LAL vs. DET,W,35,11,24,0.458,0,2,0.0,4,5,0.8,1,4,5,6,1,1,3,5,26,16,0,Kobe Bryant,Regular Season,1999-00
21999,977,0029900293,"Dec 11, 1999",LAL @ VAN,W,39,5,12,0.417,0,0,0.0,4,4,1.0,1,5,6,7,0,5,2,3,14,10,0,Kobe Bryant,Regular Season,1999-00
21999,977,0029900267,"Dec 08, 1999",LAL @ SAC,L,42,11,19,0.579,1,2,0.5,4,5,0.8,0,6,6,5,1,0,6,1,27,-8,0,Kobe Bryant,Regular Season,1999-00
21999,977,0029900258,"Dec 07, 1999",LAL vs. WAS,W,31,5,13,0.385,0,1,0.0,11,14,0.786,0,1,1,2,2,0,3,4,21,9,0,Kobe Bryant,Regular Season,1999-00
21999,977,0029900245,"Dec 05, 1999",LAL vs. ORL,W,25,6,12,0.5,2,3,0.667,1,2,0.5,0,3,3,3,1,1,4,2,15,14,0,Kobe Bryant,Regular Season,1999-00
21999,977,0029900230,"Dec 03, 1999",LAL vs. POR,W,34,6,15,0.4,0,1,0.0,11,13,0.846,2,6,8,0,2,1,0,4,23,19,0,Kobe Bryant,Regular Season,1999-00
21999,977,0029900214,"Dec 01, 1999",LAL vs. GSW,W,30,7,18,0.389,0,3,0.0,5,6,0.833,3,3,6,3,0,0,2,4,19,13,0,Kobe Bryant,Regular Season,1999-00
41999,977,0049900088,"Jun 19, 2000",LAL vs. IND,W,44,8,27,0.296,2,6,0.333,8,9,0.889,3,7,10,4,1,2,1,4,26,7,0,Kobe Bryant,Playoffs,1999-00
41999,977,0049900087,"Jun 16, 2000",LAL @ IND,L,36,4,20,0.2,0,1,0.0,0,0,,1,4,5,3,2,0,0,5,8,-22,0,Kobe Bryant,Playoffs,1999-00
41999,977,0049900086,"Jun 14, 2000",LAL @ IND,W,46,14,27,0.519,0,0,,0,0,,2,2,4,5,1,2,3,4,28,2,0,Kobe Bryant,Playoffs,1999-00
41999,977,0049900084,"Jun 09, 2000",LAL vs. IND,W,8,1,3,0.333,0,1,0.0,0,0,,0,1,1,4,0,1,0,1,2,3,0,Kobe Bryant,Playoffs,1999-00
41999,977,0049900083,"Jun 07, 2000",LAL vs. IND,W,38,6,13,0.462,0,2,0.0,2,2,1.0,0,3,3,5,1,2,2,4,14,15,0,Kobe Bryant,Playoffs,1999-00
41999,977,0049900075,"Jun 04, 2000",LAL vs. POR,W,47,9,19,0.474,1,4,0.25,6,12,0.5,0,11,11,7,0,4,2,4,25,8,0,Kobe Bryant,Playoffs,1999-00
41999,977,0049900074,"Jun 02, 2000",LAL @ POR,L,48,12,24,0.5,6,9,0.667,3,6,0.5,0,2,2,6,4,3,3,5,33,-10,0,Kobe Bryant,Playoffs,1999-00
41999,977,0049900073,"May 30, 2000",LAL vs. POR,L,34,4,13,0.308,1,3,0.333,8,9,0.889,1,4,5,4,0,2,6,6,17,-4,0,Kobe Bryant,Playoffs,1999-00
41999,977,0049900072,"May 28, 2000",LAL @ POR,W,45,5,15,0.333,2,3,0.667,6,7,0.857,1,3,4,7,2,3,3,4,18,12,0,Kobe Bryant,Playoffs,1999-00
41999,977,0049900071,"May 26, 2000",LAL @ POR,W,47,11,18,0.611,1,1,1.0,2,2,1.0,2,5,7,7,2,1,3,5,25,2,0,Kobe Bryant,Playoffs,1999-00
41999,977,0049900070,"May 22, 2000",LAL vs. POR,L,41,2,9,0.222,1,2,0.5,7,8,0.875,0,2,2,4,2,1,2,5,12,-28,0,Kobe Bryant,Playoffs,1999-00
41999,977,0049900069,"May 20, 2000",LAL vs. POR,W,38,4,9,0.444,0,1,0.0,5,7,0.714,1,2,3,6,1,1,1,5,13,20,0,Kobe Bryant,Playoffs,1999-00
41999,977,0049900059,"May 16, 2000",LAL vs. PHX,W,34,6,16,0.375,1,3,0.333,4,4,1.0,1,0,1,3,1,0,2,3,17,22,0,Kobe Bryant,Playoffs,1999-00
41999,977,0049900058,"May 14, 2000",LAL @ PHX,L,36,10,20,0.5,0,5,0.0,3,6,0.5,1,2,3,5,2,0,2,4,23,-17,0,Kobe Bryant,Playoffs,1999-00
41999,977,0049900057,"May 12, 2000",LAL @ PHX,W,47,8,20,0.4,0,2,0.0,9,13,0.692,2,3,5,2,2,2,3,4,25,8,0,Kobe Bryant,Playoffs,1999-00
41999,977,0049900056,"May 10, 2000",LAL vs. PHX,W,34,6,11,0.545,0,1,0.0,3,4,0.75,0,4,4,6,2,2,5,4,15,2,0,Kobe Bryant,Playoffs,1999-00
41999,977,0049900055,"May 07, 2000",LAL vs. PHX,W,34,8,17,0.471,1,2,0.5,8,10,0.8,3,3,6,1,3,3,3,4,25,6,0,Kobe Bryant,Playoffs,1999-00
41999,977,0049900039,"May 05, 2000",LAL vs. SAC,W,33,7,16,0.438,1,5,0.2,2,2,1.0,0,2,2,6,0,3,1,2,17,23,0,Kobe Bryant,Playoffs,1999-00
41999,977,0049900028,"May 02, 2000",LAL @ SAC,L,45,13,30,0.433,0,3,0.0,6,8,0.75,2,4,6,4,2,0,7,4,32,-10,0,Kobe Bryant,Playoffs,1999-00
41999,977,0049900024,"Apr 30, 2000",LAL @ SAC,L,37,13,25,0.52,2,6,0.333,7,9,0.778,1,2,3,2,2,0,2,5,35,-12,0,Kobe Bryant,Playoffs,1999-00
41999,977,0049900016,"Apr 27, 2000",LAL vs. SAC,W,36,12,20,0.6,3,3,1.0,5,6,0.833,0,4,4,1,2,0,1,2,32,17,0,Kobe Bryant,Playoffs,1999-00
41999,977,0049900007,"Apr 23, 2000",LAL vs. SAC,W,38,11,22,0.5,0,1,0.0,1,2,0.5,5,2,7,5,0,0,3,5,23,4,0,Kobe Bryant,Playoffs,1999-00
22000,977,0020001177,"Apr 17, 2001",LAL vs. DEN,W,33,7,13,0.538,1,2,0.5,11,13,0.846,0,5,5,5,2,0,2,2,26,6,0,Kobe Bryant,Regular Season,2000-01
22000,977,0020001162,"Apr 15, 2001",LAL vs. POR,W,45,9,21,0.429,0,2,0.0,7,10,0.7,0,4,4,7,1,1,1,4,25,8,0,Kobe Bryant,Regular Season,2000-01
22000,977,0020001136,"Apr 12, 2001",LAL vs. MIN,W,37,14,24,0.583,0,0,0.0,2,3,0.667,0,5,5,9,1,0,1,2,30,20,0,Kobe Bryant,Regular Season,2000-01
22000,977,0020001121,"Apr 10, 2001",LAL vs. PHX,W,35,7,14,0.5,0,1,0.0,6,8,0.75,1,2,3,4,6,0,1,3,20,14,0,Kobe Bryant,Regular Season,2000-01
22000,977,0020001059,"Apr 01, 2001",LAL vs. NYK,L,11,0,4,0.0,0,2,0.0,0,0,0.0,0,0,0,2,0,0,0,2,0,7,0,Kobe Bryant,Regular Season,2000-01
22000,977,0020000981,"Mar 21, 2001",LAL @ MIL,L,42,4,15,0.267,0,1,0.0,5,7,0.714,1,6,7,8,0,0,4,3,13,-5,0,Kobe Bryant,Regular Season,2000-01
22000,977,0020000965,"Mar 19, 2001",LAL @ ATL,L,44,10,22,0.455,0,0,0.0,7,9,0.778,5,7,12,4,0,1,7,4,27,0,0,Kobe Bryant,Regular Season,2000-01
22000,977,0020000958,"Mar 18, 2001",LAL @ ORL,W,37,5,17,0.294,0,1,0.0,6,7,0.857,1,1,2,7,1,0,3,5,16,14,0,Kobe Bryant,Regular Season,2000-01
22000,977,0020000942,"Mar 16, 2001",LAL @ WAS,W,36,11,18,0.611,1,2,0.5,3,4,0.75,0,5,5,5,5,2,2,3,26,17,0,Kobe Bryant,Regular Season,2000-01
22000,977,0020000936,"Mar 15, 2001",LAL @ DET,W,48,16,28,0.571,1,3,0.333,6,7,0.857,1,4,5,7,3,0,4,5,39,13,0,Kobe Bryant,Regular Season,2000-01
22000,977,0020000896,"Mar 09, 2001",LAL vs. SAS,L,44,16,33,0.485,0,1,0.0,6,8,0.75,2,5,7,2,1,0,4,5,38,-4,0,Kobe Bryant,Regular Season,2000-01
22000,977,0020000884,"Mar 07, 2001",LAL vs. TOR,W,38,11,34,0.324,0,2,0.0,7,7,1.0,5,2,7,5,0,0,3,4,29,9,0,Kobe Bryant,Regular Season,2000-01
22000,977,0020000871,"Mar 06, 2001",LAL @ GSW,W,36,7,17,0.412,1,1,1.0,14,15,0.933,1,2,3,2,3,1,3,4,29,2,0,Kobe Bryant,Regular Season,2000-01
22000,977,0020000860,"Mar 04, 2001",LAL vs. GSW,W,31,9,15,0.6,0,1,0.0,4,5,0.8,1,1,2,5,2,0,2,2,22,26,0,Kobe Bryant,Regular Season,2000-01
22000,977,0020000852,"Mar 03, 2001",LAL @ VAN,W,39,8,16,0.5,0,2,0.0,4,5,0.8,0,5,5,6,1,0,7,3,20,15,0,Kobe Bryant,Regular Season,2000-01
22000,977,0020000828,"Feb 28, 2001",LAL @ DEN,L,46,16,28,0.571,2,5,0.4,4,6,0.667,3,7,10,6,1,1,5,3,38,-1,0,Kobe Bryant,Regular Season,2000-01
22000,977,0020000767,"Feb 20, 2001",LAL @ DAL,W,40,5,16,0.313,0,0,0.0,9,10,0.9,1,5,6,7,1,1,3,3,19,4,0,Kobe Bryant,Regular Season,2000-01
22000,977,0020000753,"Feb 18, 2001",LAL @ IND,L,45,13,28,0.464,0,2,0.0,7,9,0.778,3,2,5,9,1,1,4,2,33,-3,0,Kobe Bryant,Regular Season,2000-01
22000,977,0020000739,"Feb 16, 2001",LAL @ CHH,W,42,8,17,0.471,0,1,0.0,9,10,0.9,2,8,10,10,1,0,4,2,25,7,0,Kobe Bryant,Regular Season,2000-01
22000,977,0020000723,"Feb 14, 2001",LAL @ PHI,L,41,7,13,0.538,1,2,0.5,3,4,0.75,1,6,7,7,1,0,6,3,18,-17,0,Kobe Bryant,Regular Season,2000-01
22000,977,0020000710,"Feb 13, 2001",LAL @ NJN,W,49,14,25,0.56,2,5,0.4,8,10,0.8,4,4,8,5,1,1,3,5,38,5,0,Kobe Bryant,Regular Season,2000-01
22000,977,0020000702,"Feb 07, 2001",LAL vs. PHX,W,45,13,26,0.5,1,2,0.5,5,7,0.714,1,7,8,9,4,1,4,4,32,7,0,Kobe Bryant,Regular Season,2000-01
22000,977,0020000682,"Feb 04, 2001",LAL vs. SAC,W,44,8,26,0.308,0,1,0.0,10,11,0.909,4,7,11,4,1,0,2,2,26,8,0,Kobe Bryant,Regular Season,2000-01
22000,977,0020000666,"Feb 02, 2001",LAL vs. CHH,W,48,15,30,0.5,0,1,0.0,14,14,1.0,4,5,9,2,0,5,5,3,44,6,0,Kobe Bryant,Regular Season,2000-01
22000,977,0020000651,"Jan 31, 2001",LAL @ MIN,L,42,6,17,0.353,1,1,1.0,11,12,0.917,3,6,9,5,0,3,3,2,24,-12,0,Kobe Bryant,Regular Season,2000-01
22000,977,0020000641,"Jan 30, 2001",LAL @ CLE,W,41,12,26,0.462,0,1,0.0,23,26,0.885,2,3,5,3,3,1,7,3,47,4,0,Kobe Bryant,Regular Season,2000-01
22000,977,0020000629,"Jan 28, 2001",LAL @ NYK,L,42,12,27,0.444,1,3,0.333,8,11,0.727,3,8,11,3,2,0,3,2,33,-16,0,Kobe Bryant,Regular Season,2000-01
22000,977,0020000616,"Jan 26, 2001",LAL vs. NJN,W,42,10,20,0.5,2,4,0.5,4,5,0.8,1,8,9,3,1,0,3,2,26,19,0,Kobe Bryant,Regular Season,2000-01
22000,977,0020000599,"Jan 23, 2001",LAL @ SEA,L,43,5,19,0.263,1,5,0.2,10,13,0.769,3,5,8,5,2,0,2,3,21,-14,0,Kobe Bryant,Regular Season,2000-01
22000,977,0020000583,"Jan 21, 2001",LAL vs. MIA,L,45,13,27,0.481,1,3,0.333,7,8,0.875,2,6,8,0,5,1,6,6,34,-5,0,Kobe Bryant,Regular Season,2000-01
22000,977,0020000571,"Jan 19, 2001",LAL vs. HOU,W,39,12,22,0.545,1,4,0.25,4,5,0.8,2,4,6,4,3,0,1,3,29,16,0,Kobe Bryant,Regular Season,2000-01
22000,977,0020000545,"Jan 15, 2001",LAL vs. VAN,W,46,10,24,0.417,0,4,0.0,6,8,0.75,0,11,11,11,2,2,3,1,26,4,0,Kobe Bryant,Regular Season,2000-01
22000,977,0020000529,"Jan 13, 2001",LAL @ UTA,L,46,8,24,0.333,0,6,0.0,11,12,0.917,2,7,9,4,3,0,0,5,27,-2,0,Kobe Bryant,Regular Season,2000-01
22000,977,0020000519,"Jan 12, 2001",LAL vs. CLE,W,42,10,25,0.4,2,6,0.333,10,11,0.909,2,3,5,5,2,2,4,6,32,5,0,Kobe Bryant,Regular Season,2000-01
22000,977,0020000484,"Jan 07, 2001",LAL vs. LAC,L,45,10,24,0.417,0,5,0.0,7,8,0.875,2,4,6,4,3,1,4,5,27,-20,0,Kobe Bryant,Regular Season,2000-01
22000,977,0020000456,"Jan 03, 2001",LAL vs. UTA,W,45,13,24,0.542,2,6,0.333,3,4,0.75,0,4,4,4,3,0,5,5,31,11,0,Kobe Bryant,Regular Season,2000-01
22000,977,0020000434,"Dec 30, 2000",LAL @ LAC,W,34,7,18,0.389,2,7,0.286,1,2,0.5,0,5,5,6,1,0,0,1,17,9,0,Kobe Bryant,Regular Season,2000-01
22000,977,0020000420,"Dec 28, 2000",LAL @ PHX,W,33,12,19,0.632,3,3,1.0,11,11,1.0,1,4,5,1,3,0,1,2,38,27,0,Kobe Bryant,Regular Season,2000-01
22000,977,0020000397,"Dec 25, 2000",LAL vs. POR,L,46,9,20,0.45,0,4,0.0,11,14,0.786,0,2,2,6,2,0,2,6,29,1,0,Kobe Bryant,Regular Season,2000-01
22000,977,0020000379,"Dec 22, 2000",LAL @ DAL,W,46,12,20,0.6,1,1,1.0,10,10,1.0,1,3,4,4,0,0,5,5,35,6,0,Kobe Bryant,Regular Season,2000-01
22000,977,0020000373,"Dec 21, 2000",LAL @ HOU,W,44,20,26,0.769,1,1,1.0,4,6,0.667,3,1,4,3,1,0,1,1,45,-2,0,Kobe Bryant,Regular Season,2000-01
22000,977,0020000352,"Dec 19, 2000",LAL @ MIA,W,45,9,24,0.375,0,2,0.0,5,8,0.625,2,3,5,6,0,0,3,4,23,5,0,Kobe Bryant,Regular Season,2000-01
22000,977,0020000347,"Dec 17, 2000",LAL @ TOR,W,52,14,29,0.483,1,5,0.2,11,11,1.0,1,6,7,4,0,3,2,3,40,1,0,Kobe Bryant,Regular Season,2000-01
22000,977,0020000334,"Dec 15, 2000",LAL vs. VAN,W,35,7,18,0.389,1,3,0.333,2,2,1.0,1,3,4,1,1,1,3,2,17,19,0,Kobe Bryant,Regular Season,2000-01
22000,977,0020000320,"Dec 13, 2000",LAL @ POR,L,45,13,25,0.52,0,2,0.0,9,13,0.692,1,5,6,6,2,0,1,5,35,-8,0,Kobe Bryant,Regular Season,2000-01
22000,977,0020000309,"Dec 12, 2000",LAL vs. MIL,L,41,8,31,0.258,3,10,0.3,6,7,0.857,2,4,6,6,2,0,3,3,25,5,0,Kobe Bryant,Regular Season,2000-01
22000,977,0020000297,"Dec 10, 2000",LAL vs. DET,W,34,11,21,0.524,2,5,0.4,2,2,1.0,1,3,4,9,1,1,1,2,26,23,0,Kobe Bryant,Regular Season,2000-01
22000,977,0020000280,"Dec 08, 2000",LAL vs. SEA,L,40,8,25,0.32,0,1,0.0,3,5,0.6,0,4,4,2,3,1,2,4,19,-12,0,Kobe Bryant,Regular Season,2000-01
22000,977,0020000267,"Dec 06, 2000",LAL @ GSW,L,51,18,35,0.514,2,7,0.286,13,13,1.0,3,4,7,8,2,1,8,4,51,-2,0,Kobe Bryant,Regular Season,2000-01
22000,977,0020000258,"Dec 05, 2000",LAL vs. PHI,W,44,15,28,0.536,1,4,0.25,5,5,1.0,0,1,1,4,0,1,2,4,36,15,0,Kobe Bryant,Regular Season,2000-01
22000,977,0020000246,"Dec 03, 2000",LAL vs. DAL,W,45,15,28,0.536,1,3,0.333,7,9,0.778,4,6,10,6,2,2,6,4,38,1,0,Kobe Bryant,Regular Season,2000-01
22000,977,0020000230,"Dec 01, 2000",LAL vs. SAS,W,45,16,31,0.516,2,4,0.5,9,10,0.9,1,2,3,6,1,0,3,3,43,8,0,Kobe Bryant,Regular Season,2000-01
22000,977,0020000222,"Nov 30, 2000",LAL @ SEA,L,37,6,16,0.375,0,4,0.0,5,5,1.0,1,2,3,4,3,0,6,5,17,-25,0,Kobe Bryant,Regular Season,2000-01
22000,977,0020000206,"Nov 28, 2000",LAL vs. IND,W,37,11,24,0.458,3,6,0.5,12,12,1.0,1,3,4,5,4,0,2,3,37,34,0,Kobe Bryant,Regular Season,2000-01
22000,977,0020000198,"Nov 27, 2000",LAL @ LAC,W,32,10,19,0.526,2,4,0.5,7,7,1.0,2,5,7,4,1,0,1,3,29,19,0,Kobe Bryant,Regular Season,2000-01
22000,977,0020000180,"Nov 24, 2000",LAL vs. MIN,W,38,12,20,0.6,1,2,0.5,4,5,0.8,1,3,4,5,1,0,4,2,29,12,0,Kobe Bryant,Regular Season,2000-01
22000,977,0020000168,"Nov 22, 2000",LAL vs. GSW,W,30,13,19,0.684,2,3,0.667,3,4,0.75,1,3,4,7,1,0,8,2,31,24,0,Kobe Bryant,Regular Season,2000-01
22000,977,0020000147,"Nov 19, 2000",LAL vs. CHI,W,39,8,22,0.364,0,2,0.0,6,9,0.667,1,11,12,3,1,0,2,2,22,11,0,Kobe Bryant,Regular Season,2000-01
22000,977,0020000140,"Nov 18, 2000",LAL @ DEN,L,44,10,25,0.4,3,6,0.5,9,10,0.9,1,4,5,4,0,1,3,2,32,-7,0,Kobe Bryant,Regular Season,2000-01
22000,977,0020000124,"Nov 16, 2000",LAL @ SAC,W,49,9,23,0.391,1,5,0.2,12,12,1.0,1,9,10,3,0,1,3,4,31,6,0,Kobe Bryant,Regular Season,2000-01
22000,977,0020000108,"Nov 14, 2000",LAL vs. DEN,W,39,12,23,0.522,1,3,0.333,6,6,1.0,3,1,4,9,2,1,4,4,31,24,0,Kobe Bryant,Regular Season,2000-01
22000,977,0020000098,"Nov 12, 2000",LAL vs. HOU,W,44,12,29,0.414,1,1,1.0,12,15,0.8,3,7,10,2,3,0,2,5,37,3,0,Kobe Bryant,Regular Season,2000-01
22000,977,0020000068,"Nov 08, 2000",LAL @ SAS,L,46,15,31,0.484,1,3,0.333,1,1,1.0,1,2,3,8,3,0,3,1,32,-2,0,Kobe Bryant,Regular Season,2000-01
22000,977,0020000058,"Nov 07, 2000",LAL @ HOU,L,47,7,16,0.438,1,3,0.333,0,1,0.0,1,2,3,3,2,1,1,3,15,-12,0,Kobe Bryant,Regular Season,2000-01
22000,977,0020000049,"Nov 05, 2000",LAL vs. LAC,W,41,6,14,0.429,2,4,0.5,7,7,1.0,0,5,5,6,0,0,2,2,21,14,0,Kobe Bryant,Regular Season,2000-01
22000,977,0020000047,"Nov 04, 2000",LAL @ VAN,W,40,9,20,0.45,1,1,1.0,3,4,0.75,2,3,5,2,5,2,6,3,22,9,0,Kobe Bryant,Regular Season,2000-01
22000,977,0020000019,"Nov 01, 2000",LAL vs. UTA,L,37,9,21,0.429,1,2,0.5,12,13,0.923,1,3,4,5,0,1,2,3,31,7,0,Kobe Bryant,Regular Season,2000-01
22000,977,0020000012,"Oct 31, 2000",LAL @ POR,W,35,4,11,0.364,0,1,0.0,6,6,1.0,0,2,2,2,1,1,7,4,14,8,0,Kobe Bryant,Regular Season,2000-01
42000,977,0040000087,"Jun 15, 2001",LAL @ PHI,W,44,7,18,0.389,2,3,0.667,10,11,0.909,2,10,12,6,1,1,3,3,26,14,0,Kobe Bryant,Playoffs,2000-01
42000,977,0040000086,"Jun 13, 2001",LAL @ PHI,W,43,6,13,0.462,0,2,0.0,7,12,0.583,2,8,10,9,1,1,4,2,19,7,0,Kobe Bryant,Playoffs,2000-01
42000,977,0040000085,"Jun 10, 2001",LAL @ PHI,W,48,13,30,0.433,0,2,0.0,6,6,1.0,0,6,6,3,2,0,3,2,32,5,0,Kobe Bryant,Playoffs,2000-01
42000,977,0040000084,"Jun 08, 2001",LAL vs. PHI,W,47,11,23,0.478,1,2,0.5,8,8,1.0,1,7,8,6,2,2,2,4,31,11,0,Kobe Bryant,Playoffs,2000-01
42000,977,0040000083,"Jun 06, 2001",LAL vs. PHI,L,52,7,22,0.318,0,0,,1,1,1.0,0,3,3,5,1,3,6,4,15,-6,0,Kobe Bryant,Playoffs,2000-01
42000,977,0040000072,"May 27, 2001",LAL vs. SAS,W,34,10,19,0.526,1,4,0.25,3,3,1.0,0,2,2,11,2,1,2,4,24,23,0,Kobe Bryant,Playoffs,2000-01
42000,977,0040000071,"May 25, 2001",LAL vs. SAS,W,40,14,27,0.519,2,4,0.5,6,9,0.667,5,4,9,8,1,0,3,1,36,28,0,Kobe Bryant,Playoffs,2000-01
42000,977,0040000070,"May 21, 2001",LAL @ SAS,W,47,11,24,0.458,1,4,0.25,5,6,0.833,1,6,7,6,2,1,2,4,28,5,0,Kobe Bryant,Playoffs,2000-01
42000,977,0040000069,"May 19, 2001",LAL @ SAS,W,47,19,35,0.543,1,2,0.5,6,8,0.75,1,9,10,3,1,1,4,4,45,17,0,Kobe Bryant,Playoffs,2000-01
42000,977,0040000051,"May 13, 2001",LAL @ SAC,W,48,15,29,0.517,1,1,1.0,17,19,0.895,9,7,16,3,2,1,2,2,48,6,0,Kobe Bryant,Playoffs,2000-01
42000,977,0040000050,"May 11, 2001",LAL @ SAC,W,39,10,22,0.455,0,1,0.0,16,19,0.842,0,7,7,4,2,0,5,4,36,28,0,Kobe Bryant,Playoffs,2000-01
42000,977,0040000049,"May 08, 2001",LAL vs. SAC,W,47,9,19,0.474,0,2,0.0,9,10,0.9,1,8,9,5,1,1,4,4,27,10,0,Kobe Bryant,Playoffs,2000-01
42000,977,0040000043,"May 06, 2001",LAL vs. SAC,W,39,10,23,0.435,0,1,0.0,9,11,0.818,3,1,4,5,0,0,5,4,29,-1,0,Kobe Bryant,Playoffs,2000-01
42000,977,0040000022,"Apr 29, 2001",LAL @ POR,W,43,9,23,0.391,0,2,0.0,4,6,0.667,1,3,4,9,2,0,3,4,22,16,0,Kobe Bryant,Playoffs,2000-01
42000,977,0040000015,"Apr 26, 2001",LAL vs. POR,W,35,8,11,0.727,1,2,0.5,8,10,0.8,2,1,3,7,3,0,3,3,25,24,0,Kobe Bryant,Playoffs,2000-01
42000,977,0040000005,"Apr 22, 2001",LAL vs. POR,W,41,9,20,0.45,1,2,0.5,9,12,0.75,1,5,6,7,2,0,0,4,28,26,0,Kobe Bryant,Playoffs,2000-01
22001,977,0020101188,"Apr 17, 2002",LAL vs. SAC,W,29,9,17,0.529,0,4,0.0,3,3,1.0,0,4,4,5,1,0,2,1,21,13,0,Kobe Bryant,Regular Season,2001-02
22001,977,0020101164,"Apr 15, 2002",LAL vs. SEA,W,31,7,16,0.438,1,3,0.333,4,4,1.0,1,4,5,4,2,0,3,4,19,20,0,Kobe Bryant,Regular Season,2001-02
22001,977,0020101159,"Apr 14, 2002",LAL @ POR,L,51,6,15,0.4,0,2,0.0,11,14,0.786,0,7,7,9,3,2,6,4,23,-4,0,Kobe Bryant,Regular Season,2001-02
22001,977,0020101136,"Apr 11, 2002",LAL vs. MIN,W,38,9,20,0.45,0,1,0.0,10,10,1.0,1,2,3,2,0,0,2,5,28,16,0,Kobe Bryant,Regular Season,2001-02
22001,977,0020101121,"Apr 09, 2002",LAL vs. UTA,W,34,8,16,0.5,0,0,0.0,6,7,0.857,0,4,4,5,1,2,4,3,22,27,0,Kobe Bryant,Regular Season,2001-02
22001,977,0020101100,"Apr 07, 2002",LAL @ MIA,W,38,8,12,0.667,0,0,0.0,3,3,1.0,2,9,11,4,0,0,2,2,19,2,0,Kobe Bryant,Regular Season,2001-02
22001,977,0020101084,"Apr 05, 2002",LAL @ BOS,L,38,5,25,0.2,0,2,0.0,16,18,0.889,0,6,6,2,1,1,2,4,26,-13,0,Kobe Bryant,Regular Season,2001-02
22001,977,0020101069,"Apr 03, 2002",LAL @ NJN,L,44,14,30,0.467,0,1,0.0,5,5,1.0,2,2,4,3,1,0,3,1,33,0,0,Kobe Bryant,Regular Season,2001-02
22001,977,0020101057,"Apr 02, 2002",LAL @ WAS,W,33,6,13,0.462,0,0,0.0,2,2,1.0,0,2,2,6,1,0,4,3,14,25,0,Kobe Bryant,Regular Season,2001-02
22001,977,0020101055,"Mar 31, 2002",LAL vs. SAS,W,47,11,24,0.458,0,0,0.0,9,9,1.0,2,7,9,3,1,1,6,4,31,0,0,Kobe Bryant,Regular Season,2001-02
22001,977,0020101040,"Mar 29, 2002",LAL vs. POR,W,41,12,26,0.462,0,1,0.0,10,11,0.909,0,7,7,6,2,0,0,3,34,24,0,Kobe Bryant,Regular Season,2001-02
22001,977,0020101022,"Mar 27, 2002",LAL @ PHX,L,40,9,20,0.45,0,1,0.0,18,20,0.9,3,1,4,3,0,0,5,1,36,-3,0,Kobe Bryant,Regular Season,2001-02
22001,977,0020101016,"Mar 26, 2002",LAL vs. CLE,W,31,7,10,0.7,1,2,0.5,2,3,0.667,2,5,7,3,0,0,0,2,17,10,0,Kobe Bryant,Regular Season,2001-02
22001,977,0020101000,"Mar 24, 2002",LAL @ SAC,W,38,12,21,0.571,0,1,0.0,5,8,0.625,0,4,4,4,2,0,5,3,29,-10,0,Kobe Bryant,Regular Season,2001-02
22001,977,0020100986,"Mar 22, 2002",LAL vs. DET,W,36,8,17,0.471,0,0,0.0,2,2,1.0,2,5,7,7,4,0,2,4,18,3,0,Kobe Bryant,Regular Season,2001-02
22001,977,0020100970,"Mar 20, 2002",LAL @ SAS,L,28,9,16,0.563,0,0,0.0,2,4,0.5,1,0,1,0,0,0,7,3,20,-18,0,Kobe Bryant,Regular Season,2001-02
22001,977,0020100962,"Mar 19, 2002",LAL @ DAL,L,35,4,18,0.222,0,2,0.0,4,7,0.571,0,8,8,3,0,0,1,5,12,-19,0,Kobe Bryant,Regular Season,2001-02
22001,977,0020100950,"Mar 17, 2002",LAL vs. DAL,W,41,5,14,0.357,1,1,1.0,3,3,1.0,0,9,9,11,1,0,1,1,14,10,0,Kobe Bryant,Regular Season,2001-02
22001,977,0020100934,"Mar 15, 2002",LAL vs. LAC,W,38,12,26,0.462,2,2,1.0,7,10,0.7,0,3,3,2,3,0,1,3,33,5,0,Kobe Bryant,Regular Season,2001-02
22001,977,0020100926,"Mar 14, 2002",LAL @ GSW,W,40,7,14,0.5,0,0,0.0,7,8,0.875,3,4,7,6,0,1,3,4,21,4,0,Kobe Bryant,Regular Season,2001-02
22001,977,0020100914,"Mar 12, 2002",LAL vs. CHH,W,31,8,17,0.471,0,1,0.0,7,10,0.7,1,6,7,4,4,0,1,1,23,21,0,Kobe Bryant,Regular Season,2001-02
22001,977,0020100898,"Mar 10, 2002",LAL vs. NYK,W,44,7,14,0.5,0,2,0.0,4,4,1.0,0,2,2,7,0,1,1,5,18,12,0,Kobe Bryant,Regular Season,2001-02
22001,977,0020100865,"Mar 06, 2002",LAL @ UTA,L,39,7,19,0.368,1,3,0.333,11,12,0.917,3,2,5,4,2,0,5,3,26,-12,0,Kobe Bryant,Regular Season,2001-02
22001,977,0020100830,"Mar 01, 2002",LAL vs. IND,W,37,8,17,0.471,0,1,0.0,9,12,0.75,0,3,3,3,1,1,5,2,25,10,0,Kobe Bryant,Regular Season,2001-02
22001,977,0020100816,"Feb 27, 2002",LAL @ MIN,L,42,8,25,0.32,0,0,0.0,4,4,1.0,1,4,5,11,0,0,2,4,20,-7,0,Kobe Bryant,Regular Season,2001-02
22001,977,0020100803,"Feb 26, 2002",LAL @ MIL,W,39,13,25,0.52,0,2,0.0,1,1,1.0,2,2,4,6,1,0,2,2,27,11,0,Kobe Bryant,Regular Season,2001-02
22001,977,0020100790,"Feb 24, 2002",LAL @ NYK,W,42,10,18,0.556,1,1,1.0,6,6,1.0,2,4,6,5,3,0,3,3,27,18,0,Kobe Bryant,Regular Season,2001-02
22001,977,0020100778,"Feb 22, 2002",LAL @ CHH,W,44,8,19,0.421,0,3,0.0,5,6,0.833,4,5,9,6,3,1,5,3,21,-1,0,Kobe Bryant,Regular Season,2001-02
22001,977,0020100768,"Feb 21, 2002",LAL @ CLE,W,40,13,24,0.542,0,1,0.0,6,11,0.545,1,5,6,6,2,0,2,3,32,7,0,Kobe Bryant,Regular Season,2001-02
22001,977,0020100758,"Feb 19, 2002",LAL vs. BOS,L,41,11,25,0.44,1,2,0.5,4,5,0.8,2,2,4,9,1,0,2,5,27,-4,0,Kobe Bryant,Regular Season,2001-02
22001,977,0020100741,"Feb 17, 2002",LAL @ POR,L,43,11,26,0.423,0,4,0.0,6,6,1.0,2,3,5,2,1,1,3,5,28,-2,0,Kobe Bryant,Regular Season,2001-02
22001,977,0020100730,"Feb 15, 2002",LAL vs. ATL,L,42,7,13,0.538,0,1,0.0,7,11,0.636,1,1,2,10,2,1,6,2,21,-11,0,Kobe Bryant,Regular Season,2001-02
22001,977,0020100720,"Feb 14, 2002",LAL @ SEA,W,42,8,21,0.381,0,0,0.0,7,10,0.7,4,3,7,10,2,1,1,2,23,9,0,Kobe Bryant,Regular Season,2001-02
22001,977,0020100707,"Feb 12, 2002",LAL vs. WAS,W,43,9,20,0.45,0,1,0.0,5,9,0.556,1,10,11,15,1,1,2,3,23,3,0,Kobe Bryant,Regular Season,2001-02
22001,977,0020100691,"Feb 06, 2002",LAL vs. CHI,L,41,14,26,0.538,1,2,0.5,9,10,0.9,3,5,8,1,1,2,8,2,38,-7,0,Kobe Bryant,Regular Season,2001-02
22001,977,0020100668,"Feb 03, 2002",LAL @ DAL,W,40,11,25,0.44,0,2,0.0,2,2,1.0,2,8,10,6,2,1,2,5,24,8,0,Kobe Bryant,Regular Season,2001-02
22001,977,0020100653,"Feb 01, 2002",LAL @ MEM,W,37,5,13,0.385,0,2,0.0,3,4,0.75,1,3,4,6,2,0,3,2,13,15,0,Kobe Bryant,Regular Season,2001-02
22001,977,0020100639,"Jan 30, 2002",LAL @ ORL,W,45,9,23,0.391,0,1,0.0,5,8,0.625,2,6,8,4,1,0,2,1,23,17,0,Kobe Bryant,Regular Season,2001-02
22001,977,0020100628,"Jan 29, 2002",LAL @ ATL,W,27,13,20,0.65,0,1,0.0,6,6,1.0,3,1,4,2,0,0,2,3,32,18,0,Kobe Bryant,Regular Season,2001-02
22001,977,0020100622,"Jan 27, 2002",LAL @ PHI,L,37,8,17,0.471,0,0,0.0,4,5,0.8,1,1,2,3,1,1,1,4,20,-5,0,Kobe Bryant,Regular Season,2001-02
22001,977,0020100609,"Jan 25, 2002",LAL vs. SAS,W,40,9,19,0.474,0,0,0.0,9,9,1.0,0,3,3,6,0,0,3,4,27,6,0,Kobe Bryant,Regular Season,2001-02
22001,977,0020100595,"Jan 23, 2002",LAL @ LAC,L,39,11,25,0.44,0,2,0.0,5,6,0.833,0,2,2,4,1,1,0,3,27,6,0,Kobe Bryant,Regular Season,2001-02
22001,977,0020100588,"Jan 22, 2002",LAL vs. DEN,L,39,6,14,0.429,0,2,0.0,3,3,1.0,0,7,7,6,2,0,5,4,15,-12,0,Kobe Bryant,Regular Season,2001-02
22001,977,0020100558,"Jan 19, 2002",LAL @ SAS,W,38,11,25,0.44,1,2,0.5,5,7,0.714,2,5,7,5,2,1,1,1,28,12,0,Kobe Bryant,Regular Season,2001-02
22001,977,0020100542,"Jan 16, 2002",LAL vs. MIA,L,40,12,30,0.4,0,3,0.0,5,7,0.714,4,4,8,7,1,0,3,2,29,-4,0,Kobe Bryant,Regular Season,2001-02
22001,977,0020100525,"Jan 14, 2002",LAL vs. MEM,W,34,21,34,0.618,3,6,0.5,11,12,0.917,3,2,5,4,1,0,0,1,56,40,0,Kobe Bryant,Regular Season,2001-02
22001,977,0020100514,"Jan 12, 2002",LAL @ CHI,L,47,9,25,0.36,0,2,0.0,8,11,0.727,3,2,5,9,3,0,7,5,26,3,0,Kobe Bryant,Regular Season,2001-02
22001,977,0020100506,"Jan 11, 2002",LAL @ MIN,L,38,9,27,0.333,0,2,0.0,5,6,0.833,1,2,3,5,0,0,2,3,23,-14,0,Kobe Bryant,Regular Season,2001-02
22001,977,0020100490,"Jan 09, 2002",LAL @ IND,W,35,11,22,0.5,1,1,1.0,8,14,0.571,2,6,8,4,3,0,3,2,31,23,0,Kobe Bryant,Regular Season,2001-02
22001,977,0020100482,"Jan 08, 2002",LAL @ DET,W,28,8,17,0.471,0,1,0.0,4,4,1.0,2,2,4,6,1,0,0,3,20,18,0,Kobe Bryant,Regular Season,2001-02
22001,977,0020100468,"Jan 06, 2002",LAL @ TOR,W,36,12,20,0.6,0,0,0.0,7,9,0.778,3,4,7,2,3,0,4,2,31,4,0,Kobe Bryant,Regular Season,2001-02
22001,977,0020100456,"Jan 04, 2002",LAL vs. PHX,W,30,7,15,0.467,0,1,0.0,4,5,0.8,0,3,3,6,0,1,3,3,18,17,0,Kobe Bryant,Regular Season,2001-02
22001,977,0020100440,"Jan 02, 2002",LAL @ DEN,W,36,11,22,0.5,0,0,0.0,6,7,0.857,3,5,8,3,3,0,3,2,28,3,0,Kobe Bryant,Regular Season,2001-02
22001,977,0020100428,"Dec 30, 2001",LAL vs. HOU,W,31,7,17,0.412,0,2,0.0,2,2,1.0,0,2,2,11,0,0,1,2,16,10,0,Kobe Bryant,Regular Season,2001-02
22001,977,0020100413,"Dec 28, 2001",LAL vs. TOR,L,40,9,24,0.375,2,3,0.667,6,9,0.667,2,6,8,6,1,0,5,1,26,-10,0,Kobe Bryant,Regular Season,2001-02
22001,977,0020100399,"Dec 26, 2001",LAL @ GSW,L,41,17,28,0.607,3,7,0.429,2,2,1.0,0,2,2,5,1,0,3,3,39,-8,0,Kobe Bryant,Regular Season,2001-02
22001,977,0020100387,"Dec 25, 2001",LAL vs. PHI,W,42,6,19,0.316,0,2,0.0,0,0,0.0,0,11,11,9,0,0,3,1,12,11,0,Kobe Bryant,Regular Season,2001-02
22001,977,0020100367,"Dec 21, 2001",LAL @ MEM,L,37,15,23,0.652,1,4,0.25,5,5,1.0,0,4,4,6,0,0,3,3,36,-11,0,Kobe Bryant,Regular Season,2001-02
22001,977,0020100360,"Dec 20, 2001",LAL @ HOU,W,42,9,26,0.346,1,1,1.0,8,8,1.0,2,3,5,5,1,1,2,3,27,5,0,Kobe Bryant,Regular Season,2001-02
22001,977,0020100336,"Dec 16, 2001",LAL vs. GSW,W,32,10,12,0.833,0,1,0.0,8,9,0.889,0,5,5,3,2,1,1,2,28,13,0,Kobe Bryant,Regular Season,2001-02
22001,977,0020100320,"Dec 14, 2001",LAL vs. LAC,W,38,9,18,0.5,0,1,0.0,7,7,1.0,0,4,4,7,3,2,3,3,25,18,0,Kobe Bryant,Regular Season,2001-02
22001,977,0020100301,"Dec 11, 2001",LAL vs. SEA,L,38,7,23,0.304,0,3,0.0,2,3,0.667,1,2,3,1,0,0,1,5,16,-14,0,Kobe Bryant,Regular Season,2001-02
22001,977,0020100271,"Dec 07, 2001",LAL @ SAC,L,41,9,23,0.391,0,4,0.0,5,5,1.0,2,4,6,3,0,0,2,3,23,-7,0,Kobe Bryant,Regular Season,2001-02
22001,977,0020100259,"Dec 05, 2001",LAL vs. DAL,W,42,9,23,0.391,0,2,0.0,1,2,0.5,2,7,9,5,3,0,4,1,19,6,0,Kobe Bryant,Regular Season,2001-02
22001,977,0020100235,"Dec 01, 2001",LAL vs. MIN,W,27,6,15,0.4,1,1,1.0,5,6,0.833,0,3,3,5,2,0,0,1,18,11,0,Kobe Bryant,Regular Season,2001-02
22001,977,0020100225,"Nov 30, 2001",LAL @ SEA,W,34,10,19,0.526,0,4,0.0,10,11,0.909,1,2,3,3,1,0,3,4,30,22,0,Kobe Bryant,Regular Season,2001-02
22001,977,0020100204,"Nov 27, 2001",LAL vs. MIL,W,39,11,23,0.478,3,4,0.75,8,10,0.8,4,4,8,4,1,1,1,4,33,14,0,Kobe Bryant,Regular Season,2001-02
22001,977,0020100192,"Nov 25, 2001",LAL vs. DEN,W,40,10,19,0.526,0,1,0.0,5,7,0.714,0,7,7,7,2,0,1,1,25,7,0,Kobe Bryant,Regular Season,2001-02
22001,977,0020100178,"Nov 23, 2001",LAL vs. GSW,W,27,11,14,0.786,0,1,0.0,6,6,1.0,2,1,3,3,2,0,1,4,28,10,0,Kobe Bryant,Regular Season,2001-02
22001,977,0020100161,"Nov 21, 2001",LAL @ DEN,W,37,9,15,0.6,1,2,0.5,5,6,0.833,3,10,13,7,2,0,4,4,24,15,0,Kobe Bryant,Regular Season,2001-02
22001,977,0020100152,"Nov 20, 2001",LAL @ LAC,W,42,7,14,0.5,3,3,1.0,8,10,0.8,0,4,4,12,3,1,4,2,25,3,0,Kobe Bryant,Regular Season,2001-02
22001,977,0020100143,"Nov 18, 2001",LAL vs. SAC,W,42,10,19,0.526,0,0,0.0,9,10,0.9,2,3,5,8,1,0,4,3,29,7,0,Kobe Bryant,Regular Season,2001-02
22001,977,0020100127,"Nov 16, 2001",LAL @ PHX,L,42,5,15,0.333,1,3,0.333,7,8,0.875,1,2,3,5,2,0,2,2,18,-18,0,Kobe Bryant,Regular Season,2001-02
22001,977,0020100119,"Nov 15, 2001",LAL @ HOU,W,49,13,27,0.481,0,2,0.0,5,5,1.0,2,1,3,5,1,0,2,3,31,-3,0,Kobe Bryant,Regular Season,2001-02
22001,977,0020100097,"Nov 11, 2001",LAL vs. ORL,W,33,8,13,0.615,0,0,0.0,12,14,0.857,2,3,5,8,1,1,4,6,28,6,0,Kobe Bryant,Regular Season,2001-02
22001,977,0020100083,"Nov 09, 2001",LAL vs. MEM,W,33,5,15,0.333,1,2,0.5,2,2,1.0,1,5,6,7,5,3,2,0,13,29,0,Kobe Bryant,Regular Season,2001-02
22001,977,0020100051,"Nov 04, 2001",LAL vs. UTA,W,44,13,21,0.619,0,0,0.0,12,15,0.8,1,5,6,7,3,1,5,5,38,3,0,Kobe Bryant,Regular Season,2001-02
22001,977,0020100033,"Nov 02, 2001",LAL vs. PHX,W,38,9,14,0.643,0,0,0.0,6,7,0.857,3,3,6,9,2,1,7,4,24,19,0,Kobe Bryant,Regular Season,2001-02
22001,977,0020100023,"Nov 01, 2001",LAL @ UTA,W,43,11,22,0.5,1,3,0.333,16,19,0.842,1,5,6,8,3,1,2,3,39,7,0,Kobe Bryant,Regular Season,2001-02
22001,977,0020100012,"Oct 30, 2001",LAL vs. POR,W,43,11,24,0.458,1,1,1.0,6,8,0.75,2,5,7,4,3,1,2,0,29,4,0,Kobe Bryant,Regular Season,2001-02
42001,977,0040100404,"Jun 12, 2002",LAL @ NJN,W,44,7,16,0.438,2,3,0.667,9,11,0.818,0,6,6,8,2,0,1,4,25,6,0,Kobe Bryant,Playoffs,2001-02
42001,977,0040100403,"Jun 09, 2002",LAL @ NJN,W,46,14,23,0.609,1,3,0.333,7,10,0.7,1,5,6,4,1,2,6,3,36,1,0,Kobe Bryant,Playoffs,2001-02
42001,977,0040100402,"Jun 07, 2002",LAL vs. NJN,W,42,9,15,0.6,3,3,1.0,3,4,0.75,1,7,8,3,2,1,4,2,24,20,0,Kobe Bryant,Playoffs,2001-02
42001,977,0040100401,"Jun 05, 2002",LAL vs. NJN,W,43,6,16,0.375,0,2,0.0,10,11,0.909,1,2,3,6,1,0,4,2,22,7,0,Kobe Bryant,Playoffs,2001-02
42001,977,0040100317,"Jun 02, 2002",LAL @ SAC,W,53,10,26,0.385,2,3,0.667,8,10,0.8,3,7,10,7,2,0,0,5,30,8,0,Kobe Bryant,Playoffs,2001-02
42001,977,0040100316,"May 31, 2002",LAL vs. SAC,W,44,10,20,0.5,0,0,0.0,11,11,1.0,2,9,11,5,0,0,1,3,31,3,0,Kobe Bryant,Playoffs,2001-02
42001,977,0040100315,"May 28, 2002",LAL @ SAC,L,45,11,29,0.379,0,2,0.0,8,11,0.727,2,3,5,3,1,0,5,5,30,-5,0,Kobe Bryant,Playoffs,2001-02
42001,977,0040100314,"May 26, 2002",LAL vs. SAC,W,42,12,26,0.462,0,1,0.0,1,3,0.333,2,2,4,2,2,3,4,5,25,7,0,Kobe Bryant,Playoffs,2001-02
42001,977,0040100313,"May 24, 2002",LAL vs. SAC,L,40,8,24,0.333,4,9,0.444,2,2,1.0,1,1,2,3,2,2,2,6,22,-18,0,Kobe Bryant,Playoffs,2001-02
42001,977,0040100312,"May 20, 2002",LAL @ SAC,L,40,9,21,0.429,1,2,0.5,3,5,0.6,1,5,6,2,1,1,4,3,22,-3,0,Kobe Bryant,Playoffs,2001-02
42001,977,0040100311,"May 18, 2002",LAL @ SAC,W,44,12,26,0.462,0,2,0.0,6,7,0.857,1,5,6,5,2,2,5,1,30,7,0,Kobe Bryant,Playoffs,2001-02
42001,977,0040100235,"May 14, 2002",LAL vs. SAS,W,46,10,20,0.5,0,1,0.0,6,7,0.857,3,5,8,5,1,0,0,1,26,2,0,Kobe Bryant,Playoffs,2001-02
42001,977,0040100234,"May 12, 2002",LAL @ SAS,W,44,10,27,0.37,3,5,0.6,5,9,0.556,3,4,7,3,1,0,2,3,28,7,0,Kobe Bryant,Playoffs,2001-02
42001,977,0040100233,"May 10, 2002",LAL @ SAS,W,48,15,31,0.484,0,2,0.0,1,3,0.333,2,4,6,6,0,1,1,1,31,10,0,Kobe Bryant,Playoffs,2001-02
42001,977,0040100232,"May 07, 2002",LAL vs. SAS,L,43,12,25,0.48,0,2,0.0,2,2,1.0,1,3,4,6,3,0,4,4,26,5,0,Kobe Bryant,Playoffs,2001-02
42001,977,0040100231,"May 05, 2002",LAL vs. SAS,W,38,8,18,0.444,0,3,0.0,4,10,0.4,0,2,2,4,0,0,3,4,20,1,0,Kobe Bryant,Playoffs,2001-02
42001,977,0040100163,"Apr 28, 2002",LAL @ POR,W,45,9,19,0.474,3,4,0.75,4,7,0.571,0,4,4,7,2,2,4,5,25,-3,0,Kobe Bryant,Playoffs,2001-02
42001,977,0040100162,"Apr 25, 2002",LAL vs. POR,W,43,5,21,0.238,1,4,0.25,8,9,0.889,1,5,6,5,2,0,3,5,19,15,0,Kobe Bryant,Playoffs,2001-02
42001,977,0040100161,"Apr 21, 2002",LAL vs. POR,W,44,10,28,0.357,2,7,0.286,12,13,0.923,3,4,7,3,2,3,1,3,34,-4,0,Kobe Bryant,Playoffs,2001-02
22002,977,0020201189,"Apr 16, 2003",LAL @ GSW,W,42,16,28,0.571,3,7,0.429,9,10,0.9,1,5,6,4,0,0,3,1,44,16,0,Kobe Bryant,Regular Season,2002-03
22002,977,0020201176,"Apr 15, 2003",LAL vs. DEN,W,26,8,16,0.5,3,6,0.5,13,14,0.929,2,6,8,4,2,1,2,1,32,20,0,Kobe Bryant,Regular Season,2002-03
22002,977,0020201159,"Apr 13, 2003",LAL @ POR,L,42,11,19,0.579,1,2,0.5,13,14,0.929,1,5,6,7,1,0,4,4,36,6,0,Kobe Bryant,Regular Season,2002-03
22002,977,0020201136,"Apr 10, 2003",LAL vs. SAC,W,46,13,31,0.419,0,4,0.0,8,8,1.0,4,3,7,6,4,0,0,3,34,3,0,Kobe Bryant,Regular Season,2002-03
22002,977,0020201123,"Apr 08, 2003",LAL vs. DAL,W,40,4,16,0.25,1,4,0.25,5,7,0.714,0,8,8,4,2,0,3,4,14,10,0,Kobe Bryant,Regular Season,2002-03
22002,977,0020201113,"Apr 06, 2003",LAL vs. PHX,W,49,10,25,0.4,1,6,0.167,5,5,1.0,0,8,8,7,2,2,7,2,26,3,0,Kobe Bryant,Regular Season,2002-03
22002,977,0020201093,"Apr 04, 2003",LAL @ MEM,W,40,7,15,0.467,3,5,0.6,4,4,1.0,0,7,7,6,1,0,5,3,21,-13,0,Kobe Bryant,Regular Season,2002-03
22002,977,0020201086,"Apr 03, 2003",LAL @ DAL,W,44,7,21,0.333,0,4,0.0,5,7,0.714,1,7,8,6,3,1,3,4,19,17,0,Kobe Bryant,Regular Season,2002-03
22002,977,0020201066,"Mar 31, 2003",LAL vs. MEM,W,41,10,23,0.435,3,5,0.6,6,6,1.0,1,4,5,8,6,1,4,3,29,17,0,Kobe Bryant,Regular Season,2002-03
22002,977,0020201062,"Mar 30, 2003",LAL @ SEA,L,37,5,13,0.385,4,8,0.5,0,0,0.0,1,1,2,5,3,0,4,4,14,-21,0,Kobe Bryant,Regular Season,2002-03
22002,977,0020201046,"Mar 28, 2003",LAL vs. WAS,W,41,15,29,0.517,9,13,0.692,16,18,0.889,0,5,5,3,3,0,3,5,55,21,0,Kobe Bryant,Regular Season,2002-03
22002,977,0020201028,"Mar 26, 2003",LAL @ HOU,W,44,10,22,0.455,0,1,0.0,11,12,0.917,1,8,9,5,1,0,5,2,31,7,0,Kobe Bryant,Regular Season,2002-03
22002,977,0020201017,"Mar 25, 2003",LAL @ ATL,W,38,11,21,0.524,4,6,0.667,2,2,1.0,0,10,10,6,3,0,2,1,28,22,0,Kobe Bryant,Regular Season,2002-03
22002,977,0020201003,"Mar 23, 2003",LAL @ SAS,L,40,11,30,0.367,1,6,0.167,8,10,0.8,0,9,9,0,3,0,3,4,31,-19,0,Kobe Bryant,Regular Season,2002-03
22002,977,0020200993,"Mar 21, 2003",LAL vs. BOS,W,31,5,11,0.455,0,2,0.0,3,3,1.0,0,3,3,7,1,1,2,4,13,5,0,Kobe Bryant,Regular Season,2002-03
22002,977,0020200983,"Mar 20, 2003",LAL @ SAC,L,45,11,30,0.367,1,5,0.2,11,15,0.733,5,8,13,3,0,0,2,1,34,-10,0,Kobe Bryant,Regular Season,2002-03
22002,977,0020200960,"Mar 17, 2003",LAL @ LAC,W,39,8,16,0.5,1,2,0.5,9,12,0.75,1,6,7,6,1,1,3,3,26,20,0,Kobe Bryant,Regular Season,2002-03
22002,977,0020200946,"Mar 15, 2003",LAL @ MIL,W,43,6,14,0.429,0,2,0.0,8,9,0.889,1,8,9,4,2,2,5,4,20,14,0,Kobe Bryant,Regular Season,2002-03
22002,977,0020200938,"Mar 14, 2003",LAL @ MIN,W,37,11,24,0.458,1,2,0.5,7,7,1.0,1,5,6,3,3,1,0,1,30,10,0,Kobe Bryant,Regular Season,2002-03
22002,977,0020200925,"Mar 12, 2003",LAL @ DET,L,40,9,23,0.391,2,3,0.667,1,1,1.0,2,1,3,4,0,1,4,5,21,-16,0,Kobe Bryant,Regular Season,2002-03
22002,977,0020200917,"Mar 11, 2003",LAL @ CHI,L,43,13,26,0.5,1,4,0.25,9,13,0.692,0,5,5,5,2,0,3,3,36,-22,0,Kobe Bryant,Regular Season,2002-03
22002,977,0020200901,"Mar 09, 2003",LAL vs. PHI,W,43,8,20,0.4,0,2,0.0,12,13,0.923,1,7,8,9,0,2,5,4,28,8,0,Kobe Bryant,Regular Season,2002-03
22002,977,0020200890,"Mar 07, 2003",LAL vs. MIN,W,43,12,24,0.5,2,4,0.5,4,4,1.0,1,3,4,7,3,0,0,1,30,14,0,Kobe Bryant,Regular Season,2002-03
22002,977,0020200880,"Mar 05, 2003",LAL vs. IND,W,43,9,26,0.346,0,3,0.0,2,3,0.667,0,10,10,5,3,1,3,2,20,-10,0,Kobe Bryant,Regular Season,2002-03
22002,977,0020200842,"Feb 28, 2003",LAL @ SEA,L,44,10,27,0.37,4,11,0.364,10,14,0.714,0,4,4,9,1,0,1,3,34,-11,0,Kobe Bryant,Regular Season,2002-03
22002,977,0020200833,"Feb 27, 2003",LAL vs. DET,W,44,10,22,0.455,1,2,0.5,9,10,0.9,0,2,2,1,3,1,1,2,30,5,0,Kobe Bryant,Regular Season,2002-03
22002,977,0020200820,"Feb 25, 2003",LAL vs. LAC,W,41,11,26,0.423,1,5,0.2,9,10,0.9,4,2,6,3,5,1,5,4,32,12,0,Kobe Bryant,Regular Season,2002-03
22002,977,0020200806,"Feb 23, 2003",LAL vs. SEA,W,42,13,34,0.382,1,6,0.167,14,16,0.875,1,4,5,3,3,0,3,2,41,6,0,Kobe Bryant,Regular Season,2002-03
22002,977,0020200790,"Feb 21, 2003",LAL vs. POR,W,42,15,32,0.469,3,7,0.429,7,9,0.778,0,7,7,1,5,2,4,2,40,7,0,Kobe Bryant,Regular Season,2002-03
22002,977,0020200774,"Feb 19, 2003",LAL @ UTA,W,40,15,29,0.517,4,6,0.667,6,9,0.667,1,5,6,1,1,0,3,2,40,2,0,Kobe Bryant,Regular Season,2002-03
22002,977,0020200769,"Feb 18, 2003",LAL vs. HOU,W,54,19,38,0.5,3,9,0.333,11,11,1.0,0,8,8,7,0,3,5,4,52,13,0,Kobe Bryant,Regular Season,2002-03
22002,977,0020200757,"Feb 16, 2003",LAL vs. NYK,L,42,14,31,0.452,3,5,0.6,9,10,0.9,1,3,4,5,2,0,3,4,40,-7,0,Kobe Bryant,Regular Season,2002-03
22002,977,0020200743,"Feb 14, 2003",LAL vs. SAS,L,45,19,41,0.463,2,3,0.667,4,6,0.667,2,4,6,4,4,2,7,2,44,-6,0,Kobe Bryant,Regular Season,2002-03
22002,977,0020200727,"Feb 12, 2003",LAL @ DEN,W,31,15,28,0.536,3,8,0.375,18,20,0.9,0,3,3,2,2,0,0,1,51,37,0,Kobe Bryant,Regular Season,2002-03
22002,977,0020200719,"Feb 11, 2003",LAL vs. DEN,W,31,12,20,0.6,1,3,0.333,17,21,0.81,0,2,2,5,4,0,1,0,42,37,0,Kobe Bryant,Regular Season,2002-03
22002,977,0020200705,"Feb 06, 2003",LAL @ NYK,W,42,17,27,0.63,4,4,1.0,8,11,0.727,0,6,6,3,2,1,6,4,46,12,0,Kobe Bryant,Regular Season,2002-03
22002,977,0020200691,"Feb 04, 2003",LAL @ IND,W,42,12,31,0.387,1,5,0.2,10,10,1.0,3,4,7,2,2,2,7,2,35,3,0,Kobe Bryant,Regular Season,2002-03
22002,977,0020200676,"Feb 01, 2003",LAL vs. UTA,W,44,12,25,0.48,2,3,0.667,16,18,0.889,0,3,3,4,3,1,2,1,42,12,0,Kobe Bryant,Regular Season,2002-03
22002,977,0020200667,"Jan 31, 2003",LAL @ SAC,W,43,14,29,0.483,3,6,0.5,7,8,0.875,1,4,5,5,1,1,4,3,38,7,0,Kobe Bryant,Regular Season,2002-03
22002,977,0020200651,"Jan 29, 2003",LAL @ PHX,W,46,15,29,0.517,0,1,0.0,10,11,0.909,1,4,5,4,1,1,4,3,40,4,0,Kobe Bryant,Regular Season,2002-03
22002,977,0020200616,"Jan 24, 2003",LAL vs. NJN,L,41,4,14,0.286,1,2,0.5,2,3,0.667,4,3,7,5,2,0,1,1,11,-9,0,Kobe Bryant,Regular Season,2002-03
22002,977,0020200602,"Jan 22, 2003",LAL vs. GSW,L,39,9,17,0.529,3,5,0.6,2,3,0.667,0,3,3,7,2,1,5,5,23,-2,0,Kobe Bryant,Regular Season,2002-03
22002,977,0020200587,"Jan 20, 2003",LAL vs. LAC,W,45,8,18,0.444,1,3,0.333,9,9,1.0,0,8,8,11,3,2,4,2,26,5,0,Kobe Bryant,Regular Season,2002-03
22002,977,0020200563,"Jan 17, 2003",LAL @ HOU,L,49,5,21,0.238,2,6,0.333,10,12,0.833,2,9,11,9,3,0,4,5,22,-8,0,Kobe Bryant,Regular Season,2002-03
22002,977,0020200546,"Jan 15, 2003",LAL @ NOH,W,46,12,28,0.429,2,3,0.667,10,10,1.0,2,9,11,4,2,2,2,1,36,9,0,Kobe Bryant,Regular Season,2002-03
22002,977,0020200530,"Jan 12, 2003",LAL vs. MIA,W,38,12,21,0.571,0,3,0.0,12,13,0.923,1,2,3,4,4,0,4,1,36,23,0,Kobe Bryant,Regular Season,2002-03
22002,977,0020200516,"Jan 10, 2003",LAL vs. CLE,W,34,7,12,0.583,0,2,0.0,7,10,0.7,3,7,10,11,4,1,5,2,21,25,0,Kobe Bryant,Regular Season,2002-03
22002,977,0020200490,"Jan 07, 2003",LAL vs. SEA,W,37,16,28,0.571,12,18,0.667,1,1,1.0,0,3,3,3,1,1,2,2,45,19,0,Kobe Bryant,Regular Season,2002-03
22002,977,0020200476,"Jan 05, 2003",LAL vs. PHX,W,46,13,29,0.448,1,5,0.2,4,6,0.667,3,9,12,7,2,1,1,1,31,14,0,Kobe Bryant,Regular Season,2002-03
22002,977,0020200471,"Jan 04, 2003",LAL @ PHX,L,42,15,32,0.469,0,8,0.0,7,9,0.778,0,7,7,7,4,2,2,3,37,-9,0,Kobe Bryant,Regular Season,2002-03
22002,977,0020200431,"Dec 29, 2002",LAL vs. TOR,W,35,5,15,0.333,0,1,0.0,3,3,1.0,1,8,9,12,2,1,3,3,13,4,0,Kobe Bryant,Regular Season,2002-03
22002,977,0020200425,"Dec 28, 2002",LAL @ DEN,W,35,15,26,0.577,2,4,0.5,7,7,1.0,0,6,6,6,2,0,4,3,39,16,0,Kobe Bryant,Regular Season,2002-03
22002,977,0020200404,"Dec 25, 2002",LAL vs. SAC,L,46,7,24,0.292,1,4,0.25,12,15,0.8,6,9,15,6,2,1,6,3,27,-4,0,Kobe Bryant,Regular Season,2002-03
22002,977,0020200392,"Dec 22, 2002",LAL @ TOR,W,46,12,25,0.48,2,2,1.0,5,8,0.625,0,2,2,5,2,1,5,3,31,4,0,Kobe Bryant,Regular Season,2002-03
22002,977,0020200372,"Dec 20, 2002",LAL @ PHI,L,51,16,35,0.457,2,5,0.4,10,10,1.0,0,4,4,10,1,2,5,4,44,-4,0,Kobe Bryant,Regular Season,2002-03
22002,977,0020200367,"Dec 19, 2002",LAL @ NJN,L,43,8,29,0.276,0,1,0.0,5,5,1.0,1,4,5,5,1,1,4,2,21,-15,0,Kobe Bryant,Regular Season,2002-03
22002,977,0020200352,"Dec 17, 2002",LAL @ MIN,L,39,6,14,0.429,0,0,0.0,3,4,0.75,2,5,7,6,1,1,2,3,15,-19,0,Kobe Bryant,Regular Season,2002-03
22002,977,0020200341,"Dec 15, 2002",LAL vs. ORL,W,34,6,15,0.4,0,1,0.0,9,9,1.0,1,5,6,8,0,2,8,3,21,13,0,Kobe Bryant,Regular Season,2002-03
22002,977,0020200326,"Dec 13, 2002",LAL vs. NOH,L,43,6,16,0.375,0,0,0.0,4,6,0.667,0,2,2,5,1,0,2,1,16,-14,0,Kobe Bryant,Regular Season,2002-03
22002,977,0020200305,"Dec 10, 2002",LAL @ GSW,L,42,6,12,0.5,1,1,1.0,6,7,0.857,0,5,5,14,3,0,5,5,19,1,0,Kobe Bryant,Regular Season,2002-03
22002,977,0020200292,"Dec 08, 2002",LAL vs. UTA,W,39,9,18,0.5,0,1,0.0,7,9,0.778,0,4,4,14,5,0,5,4,25,6,0,Kobe Bryant,Regular Season,2002-03
22002,977,0020200278,"Dec 06, 2002",LAL vs. DAL,W,42,10,19,0.526,1,2,0.5,6,6,1.0,1,8,9,7,1,1,6,3,27,-2,0,Kobe Bryant,Regular Season,2002-03
22002,977,0020200262,"Dec 04, 2002",LAL @ UTA,L,41,5,14,0.357,0,2,0.0,7,7,1.0,1,4,5,5,3,0,5,1,17,-12,0,Kobe Bryant,Regular Season,2002-03
22002,977,0020200254,"Dec 03, 2002",LAL vs. MEM,W,41,11,16,0.688,1,2,0.5,1,1,1.0,2,8,10,11,1,3,3,1,24,14,0,Kobe Bryant,Regular Season,2002-03
22002,977,0020200243,"Dec 01, 2002",LAL vs. MIN,L,41,9,15,0.6,1,3,0.333,3,5,0.6,2,3,5,11,0,1,5,1,22,-2,0,Kobe Bryant,Regular Season,2002-03
22002,977,0020200223,"Nov 29, 2002",LAL @ MEM,W,48,18,35,0.514,2,4,0.5,7,9,0.778,1,5,6,5,2,0,5,0,45,8,0,Kobe Bryant,Regular Season,2002-03
22002,977,0020200206,"Nov 27, 2002",LAL @ ORL,L,46,14,31,0.452,0,0,0.0,10,13,0.769,2,8,10,4,1,2,3,5,38,-12,0,Kobe Bryant,Regular Season,2002-03
22002,977,0020200199,"Nov 26, 2002",LAL @ MIA,L,32,8,14,0.571,1,4,0.25,4,7,0.571,1,6,7,4,3,0,2,3,21,-3,0,Kobe Bryant,Regular Season,2002-03
22002,977,0020200194,"Nov 24, 2002",LAL vs. MIL,W,44,6,15,0.4,0,3,0.0,3,3,1.0,2,9,11,11,1,0,2,3,15,10,0,Kobe Bryant,Regular Season,2002-03
22002,977,0020200178,"Nov 22, 2002",LAL vs. CHI,W,39,7,14,0.5,1,3,0.333,6,11,0.545,2,8,10,7,5,1,6,1,21,16,0,Kobe Bryant,Regular Season,2002-03
22002,977,0020200160,"Nov 20, 2002",LAL @ SAS,L,43,8,25,0.32,0,2,0.0,8,12,0.667,1,7,8,7,4,1,1,1,24,-2,0,Kobe Bryant,Regular Season,2002-03
22002,977,0020200151,"Nov 19, 2002",LAL @ DAL,L,33,7,21,0.333,0,1,0.0,2,4,0.5,1,4,5,3,3,0,5,2,16,-21,0,Kobe Bryant,Regular Season,2002-03
22002,977,0020200142,"Nov 17, 2002",LAL vs. HOU,L,45,18,37,0.486,1,2,0.5,9,11,0.818,0,6,6,4,0,1,3,3,46,5,0,Kobe Bryant,Regular Season,2002-03
22002,977,0020200127,"Nov 15, 2002",LAL vs. GSW,W,46,18,40,0.45,1,3,0.333,8,10,0.8,0,4,4,4,3,1,1,3,45,6,0,Kobe Bryant,Regular Season,2002-03
22002,977,0020200106,"Nov 12, 2002",LAL vs. ATL,L,45,8,22,0.364,0,2,0.0,5,7,0.714,4,2,6,8,4,1,2,2,21,-8,0,Kobe Bryant,Regular Season,2002-03
22002,977,0020200076,"Nov 08, 2002",LAL @ WAS,L,38,8,21,0.381,0,0,0.0,11,11,1.0,1,5,6,4,0,2,2,5,27,-7,0,Kobe Bryant,Regular Season,2002-03
22002,977,0020200069,"Nov 07, 2002",LAL @ BOS,L,46,17,47,0.362,0,8,0.0,7,7,1.0,2,7,9,4,4,0,5,3,41,-3,0,Kobe Bryant,Regular Season,2002-03
22002,977,0020200053,"Nov 05, 2002",LAL @ CLE,L,40,5,13,0.385,1,1,1.0,4,4,1.0,3,10,13,9,2,0,5,2,15,-17,0,Kobe Bryant,Regular Season,2002-03
22002,977,0020200045,"Nov 03, 2002",LAL vs. POR,W,50,11,19,0.579,2,6,0.333,9,11,0.818,5,9,14,12,1,0,4,5,33,7,0,Kobe Bryant,Regular Season,2002-03
22002,977,0020200029,"Nov 01, 2002",LAL @ LAC,W,41,12,18,0.667,1,2,0.5,8,8,1.0,5,10,15,12,2,1,4,3,33,7,0,Kobe Bryant,Regular Season,2002-03
22002,977,0020200014,"Oct 30, 2002",LAL @ POR,L,37,9,18,0.5,3,7,0.429,4,4,1.0,1,9,10,2,2,2,3,3,25,-11,0,Kobe Bryant,Regular Season,2002-03
22002,977,0020200003,"Oct 29, 2002",LAL vs. SAS,L,43,9,29,0.31,1,2,0.5,8,12,0.667,5,5,10,5,4,2,6,3,27,-4,0,Kobe Bryant,Regular Season,2002-03
42002,977,0040200226,"May 15, 2003",LAL vs. SAS,L,43,9,19,0.474,2,5,0.4,0,2,0.0,0,2,2,6,1,0,7,4,20,-20,0,Kobe Bryant,Playoffs,2002-03
42002,977,0040200225,"May 13, 2003",LAL @ SAS,L,48,15,31,0.484,5,11,0.455,1,2,0.5,2,5,7,6,2,0,4,3,36,-2,0,Kobe Bryant,Playoffs,2002-03
42002,977,0040200224,"May 11, 2003",LAL vs. SAS,W,40,10,24,0.417,1,4,0.25,14,17,0.824,2,5,7,3,2,1,2,5,35,-2,0,Kobe Bryant,Playoffs,2002-03
42002,977,0040200223,"May 09, 2003",LAL vs. SAS,W,43,10,23,0.435,2,4,0.5,17,19,0.895,2,2,4,4,1,0,4,2,39,23,0,Kobe Bryant,Playoffs,2002-03
42002,977,0040200222,"May 07, 2003",LAL @ SAS,L,41,9,24,0.375,2,6,0.333,7,10,0.7,0,6,6,1,0,0,5,4,27,-22,0,Kobe Bryant,Playoffs,2002-03
42002,977,0040200221,"May 05, 2003",LAL @ SAS,L,45,16,38,0.421,3,4,0.75,2,2,1.0,1,3,4,2,0,0,5,3,37,1,0,Kobe Bryant,Playoffs,2002-03
42002,977,0040200176,"May 01, 2003",LAL vs. MIN,W,42,14,26,0.538,2,7,0.286,1,2,0.5,1,1,2,8,1,0,2,4,31,19,0,Kobe Bryant,Playoffs,2002-03
42002,977,0040200175,"Apr 29, 2003",LAL @ MIN,W,40,12,21,0.571,2,4,0.5,6,8,0.75,3,5,8,5,1,0,2,0,32,29,0,Kobe Bryant,Playoffs,2002-03
42002,977,0040200174,"Apr 27, 2003",LAL vs. MIN,W,47,7,25,0.28,2,3,0.667,16,17,0.941,1,4,5,5,3,0,1,2,32,5,0,Kobe Bryant,Playoffs,2002-03
42002,977,0040200173,"Apr 24, 2003",LAL vs. MIN,L,51,10,28,0.357,1,5,0.2,9,10,0.9,3,4,7,6,1,0,6,1,30,-3,0,Kobe Bryant,Playoffs,2002-03
42002,977,0040200172,"Apr 22, 2003",LAL @ MIN,L,46,9,28,0.321,2,6,0.333,7,9,0.778,0,4,4,8,1,0,3,4,27,-26,0,Kobe Bryant,Playoffs,2002-03
42002,977,0040200171,"Apr 20, 2003",LAL @ MIN,W,45,16,30,0.533,1,3,0.333,6,6,1.0,1,4,5,8,1,0,1,3,39,18,0,Kobe Bryant,Playoffs,2002-03
22003,977,0020301187,"Apr 14, 2004",LAL @ POR,W,53,14,31,0.452,4,10,0.4,5,9,0.556,0,8,8,5,1,1,2,4,37,-1,0,Kobe Bryant,Regular Season,2003-04
22003,977,0020301175,"Apr 13, 2004",LAL vs. GSW,W,43,14,29,0.483,0,6,0.0,17,18,0.944,0,7,7,8,2,2,1,2,45,9,0,Kobe Bryant,Regular Season,2003-04
22003,977,0020301157,"Apr 11, 2004",LAL @ SAC,L,42,3,13,0.231,0,3,0.0,2,3,0.667,1,4,5,4,2,0,3,4,8,-26,0,Kobe Bryant,Regular Season,2003-04
22003,977,0020301145,"Apr 09, 2004",LAL vs. MEM,W,45,9,23,0.391,1,4,0.25,14,15,0.933,1,5,6,7,4,1,3,2,33,12,0,Kobe Bryant,Regular Season,2003-04
22003,977,0020301121,"Apr 06, 2004",LAL vs. POR,L,43,5,23,0.217,0,6,0.0,2,2,1.0,2,4,6,8,1,1,3,2,12,-14,0,Kobe Bryant,Regular Season,2003-04
22003,977,0020301110,"Apr 04, 2004",LAL vs. SAS,L,44,9,26,0.346,2,7,0.286,8,10,0.8,1,5,6,3,0,2,3,2,28,0,0,Kobe Bryant,Regular Season,2003-04
22003,977,0020301100,"Apr 02, 2004",LAL @ SEA,W,40,9,18,0.5,3,5,0.6,4,6,0.667,0,1,1,2,2,0,3,4,25,-5,0,Kobe Bryant,Regular Season,2003-04
22003,977,0020301088,"Apr 01, 2004",LAL vs. HOU,W,45,8,19,0.421,1,2,0.5,9,12,0.75,2,5,7,4,5,1,6,2,26,6,0,Kobe Bryant,Regular Season,2003-04
22003,977,0020301075,"Mar 30, 2004",LAL vs. NOH,W,34,7,17,0.412,3,7,0.429,6,6,1.0,1,2,3,6,1,0,4,3,23,12,0,Kobe Bryant,Regular Season,2003-04
22003,977,0020301063,"Mar 28, 2004",LAL vs. UTA,W,40,8,23,0.348,1,3,0.333,17,21,0.81,1,5,6,4,1,1,1,5,34,12,0,Kobe Bryant,Regular Season,2003-04
22003,977,0020301046,"Mar 26, 2004",LAL vs. MIN,W,37,13,21,0.619,2,4,0.5,7,7,1.0,2,7,9,5,2,2,4,2,35,17,0,Kobe Bryant,Regular Season,2003-04
22003,977,0020301033,"Mar 24, 2004",LAL vs. SAC,W,37,11,23,0.478,2,5,0.4,12,12,1.0,2,4,6,6,1,0,0,3,36,25,0,Kobe Bryant,Regular Season,2003-04
22003,977,0020301012,"Mar 21, 2004",LAL vs. MIL,W,39,7,17,0.412,0,1,0.0,8,8,1.0,3,2,5,4,1,1,5,2,22,4,0,Kobe Bryant,Regular Season,2003-04
22003,977,0020300995,"Mar 19, 2004",LAL vs. LAC,W,39,10,20,0.5,0,2,0.0,7,8,0.875,2,5,7,3,5,0,3,4,27,1,0,Kobe Bryant,Regular Season,2003-04
22003,977,0020300981,"Mar 17, 2004",LAL @ LAC,W,40,11,17,0.647,1,3,0.333,4,4,1.0,1,8,9,6,1,1,3,2,27,4,0,Kobe Bryant,Regular Season,2003-04
22003,977,0020300966,"Mar 15, 2004",LAL vs. ORL,W,44,13,26,0.5,2,5,0.4,10,13,0.769,1,2,3,4,1,1,1,5,38,3,0,Kobe Bryant,Regular Season,2003-04
22003,977,0020300952,"Mar 13, 2004",LAL @ CHI,W,38,12,25,0.48,1,4,0.25,10,11,0.909,2,6,8,3,2,1,5,2,35,4,0,Kobe Bryant,Regular Season,2003-04
22003,977,0020300943,"Mar 12, 2004",LAL @ MIN,L,38,6,20,0.3,1,3,0.333,3,3,1.0,2,9,11,5,0,0,2,2,16,0,0,Kobe Bryant,Regular Season,2003-04
22003,977,0020300926,"Mar 10, 2004",LAL @ BOS,W,40,4,16,0.25,0,2,0.0,10,14,0.714,3,2,5,10,3,0,3,2,18,13,0,Kobe Bryant,Regular Season,2003-04
22003,977,0020300894,"Mar 05, 2004",LAL vs. SEA,W,1,0,0,0.0,0,0,0.0,0,0,0.0,0,0,0,0,0,0,0,1,0,3,0,Kobe Bryant,Regular Season,2003-04
22003,977,0020300881,"Mar 03, 2004",LAL @ HOU,W,46,7,19,0.368,0,5,0.0,4,4,1.0,0,8,8,13,0,0,4,2,18,9,0,Kobe Bryant,Regular Season,2003-04
22003,977,0020300858,"Feb 29, 2004",LAL @ NJN,W,33,4,12,0.333,2,6,0.333,1,2,0.5,1,5,6,10,1,0,4,3,11,19,0,Kobe Bryant,Regular Season,2003-04
22003,977,0020300848,"Feb 28, 2004",LAL @ WAS,W,38,8,16,0.5,2,4,0.5,7,8,0.875,3,11,14,10,2,0,2,3,25,11,0,Kobe Bryant,Regular Season,2003-04
22003,977,0020300836,"Feb 26, 2004",LAL vs. SAC,L,41,12,28,0.429,2,6,0.333,9,10,0.9,3,8,11,6,1,0,4,2,35,-6,0,Kobe Bryant,Regular Season,2003-04
22003,977,0020300831,"Feb 25, 2004",LAL @ DEN,W,41,14,26,0.538,2,4,0.5,5,5,1.0,2,5,7,10,3,0,3,2,35,5,0,Kobe Bryant,Regular Season,2003-04
22003,977,0020300808,"Feb 22, 2004",LAL @ PHX,W,42,15,25,0.6,2,5,0.4,8,8,1.0,4,3,7,5,3,0,2,0,40,9,0,Kobe Bryant,Regular Season,2003-04
22003,977,0020300793,"Feb 20, 2004",LAL vs. PHI,W,30,10,18,0.556,1,2,0.5,7,8,0.875,4,1,5,7,3,2,2,4,28,15,0,Kobe Bryant,Regular Season,2003-04
22003,977,0020300780,"Feb 18, 2004",LAL @ GSW,W,44,11,16,0.688,0,1,0.0,13,15,0.867,2,4,6,8,2,1,5,1,35,-1,0,Kobe Bryant,Regular Season,2003-04
22003,977,0020300772,"Feb 17, 2004",LAL vs. POR,W,42,13,23,0.565,0,1,0.0,5,9,0.556,4,4,8,10,2,0,4,1,31,11,0,Kobe Bryant,Regular Season,2003-04
22003,977,0020300756,"Feb 11, 2004",LAL @ HOU,L,36,4,7,0.571,4,5,0.8,2,2,1.0,0,1,1,3,0,0,1,3,14,-7,0,Kobe Bryant,Regular Season,2003-04
22003,977,0020300655,"Jan 28, 2004",LAL vs. SEA,W,29,6,15,0.4,0,3,0.0,2,3,0.667,0,2,2,3,0,0,3,0,14,2,0,Kobe Bryant,Regular Season,2003-04
22003,977,0020300625,"Jan 24, 2004",LAL @ UTA,W,38,6,15,0.4,1,4,0.25,8,13,0.615,2,2,4,6,0,0,0,0,21,15,0,Kobe Bryant,Regular Season,2003-04
22003,977,0020300531,"Jan 12, 2004",LAL vs. CLE,W,17,3,8,0.375,0,0,0.0,4,5,0.8,1,4,5,2,1,0,0,1,10,2,0,Kobe Bryant,Regular Season,2003-04
22003,977,0020300515,"Jan 09, 2004",LAL vs. ATL,W,31,9,19,0.474,2,5,0.4,6,6,1.0,0,5,5,6,3,0,1,2,26,33,0,Kobe Bryant,Regular Season,2003-04
22003,977,0020300500,"Jan 07, 2004",LAL @ DEN,L,38,8,23,0.348,1,4,0.25,10,11,0.909,1,2,3,6,6,0,5,3,27,-15,0,Kobe Bryant,Regular Season,2003-04
22003,977,0020300488,"Jan 06, 2004",LAL @ MIN,L,38,8,17,0.471,0,1,0.0,4,6,0.667,2,8,10,4,0,0,1,4,20,-17,0,Kobe Bryant,Regular Season,2003-04
22003,977,0020300476,"Jan 04, 2004",LAL @ LAC,L,40,14,27,0.519,4,7,0.571,12,15,0.8,4,6,10,3,4,0,2,2,44,-7,0,Kobe Bryant,Regular Season,2003-04
22003,977,0020300462,"Jan 02, 2004",LAL @ SEA,L,36,11,25,0.44,3,4,0.75,7,8,0.875,2,4,6,6,4,0,3,4,32,4,0,Kobe Bryant,Regular Season,2003-04
22003,977,0020300429,"Dec 28, 2003",LAL vs. BOS,W,36,5,18,0.278,1,6,0.167,0,0,0.0,2,3,5,6,2,0,6,2,11,15,0,Kobe Bryant,Regular Season,2003-04
22003,977,0020300403,"Dec 25, 2003",LAL vs. HOU,L,43,9,26,0.346,1,2,0.5,4,6,0.667,3,5,8,6,2,0,3,4,23,-7,0,Kobe Bryant,Regular Season,2003-04
22003,977,0020300400,"Dec 23, 2003",LAL @ GSW,L,38,8,16,0.5,3,5,0.6,4,5,0.8,1,4,5,2,1,1,4,5,23,-7,0,Kobe Bryant,Regular Season,2003-04
22003,977,0020300385,"Dec 21, 2003",LAL vs. PHX,W,39,4,12,0.333,0,2,0.0,2,3,0.667,3,3,6,4,0,0,4,0,10,5,0,Kobe Bryant,Regular Season,2003-04
22003,977,0020300369,"Dec 19, 2003",LAL vs. DEN,W,31,5,14,0.357,0,2,0.0,3,4,0.75,1,2,3,5,0,0,4,1,13,-4,0,Kobe Bryant,Regular Season,2003-04
22003,977,0020300326,"Dec 13, 2003",LAL @ POR,L,42,10,18,0.556,1,3,0.333,14,15,0.933,3,2,5,6,0,1,2,2,35,0,0,Kobe Bryant,Regular Season,2003-04
22003,977,0020300318,"Dec 12, 2003",LAL vs. DAL,L,41,4,18,0.222,0,3,0.0,7,7,1.0,1,6,7,6,1,1,1,5,15,-19,0,Kobe Bryant,Regular Season,2003-04
22003,977,0020300298,"Dec 09, 2003",LAL vs. NYK,W,41,7,16,0.438,0,0,0.0,7,8,0.875,3,3,6,9,1,0,3,1,21,10,0,Kobe Bryant,Regular Season,2003-04
22003,977,0020300284,"Dec 07, 2003",LAL vs. UTA,W,40,4,17,0.235,2,4,0.5,9,10,0.9,2,4,6,3,1,0,2,4,19,3,0,Kobe Bryant,Regular Season,2003-04
22003,977,0020300258,"Dec 04, 2003",LAL @ DAL,W,38,9,23,0.391,2,5,0.4,12,12,1.0,4,2,6,3,1,0,3,3,32,10,0,Kobe Bryant,Regular Season,2003-04
22003,977,0020300251,"Dec 03, 2003",LAL @ SAS,W,46,6,20,0.3,1,4,0.25,8,9,0.889,1,5,6,3,2,0,4,4,21,8,0,Kobe Bryant,Regular Season,2003-04
22003,977,0020300234,"Nov 30, 2003",LAL vs. IND,W,36,4,10,0.4,1,2,0.5,3,4,0.75,1,1,2,7,1,0,2,3,12,24,0,Kobe Bryant,Regular Season,2003-04
22003,977,0020300222,"Nov 28, 2003",LAL vs. SAS,W,31,6,13,0.462,1,2,0.5,4,6,0.667,0,2,2,2,1,0,0,0,17,24,0,Kobe Bryant,Regular Season,2003-04
22003,977,0020300208,"Nov 26, 2003",LAL vs. WAS,W,25,7,13,0.538,1,3,0.333,7,7,1.0,0,4,4,4,2,0,3,3,22,15,0,Kobe Bryant,Regular Season,2003-04
22003,977,0020300187,"Nov 23, 2003",LAL vs. MEM,W,32,8,16,0.5,1,2,0.5,11,12,0.917,1,2,3,3,4,0,1,2,28,20,0,Kobe Bryant,Regular Season,2003-04
22003,977,0020300172,"Nov 21, 2003",LAL vs. CHI,W,37,10,19,0.526,0,1,0.0,8,11,0.727,1,4,5,4,3,1,3,4,28,16,0,Kobe Bryant,Regular Season,2003-04
22003,977,0020300156,"Nov 19, 2003",LAL @ NYK,W,34,7,13,0.538,0,0,0.0,7,9,0.778,1,1,2,4,1,0,1,5,21,17,0,Kobe Bryant,Regular Season,2003-04
22003,977,0020300146,"Nov 18, 2003",LAL @ DET,L,41,4,14,0.286,0,2,0.0,11,11,1.0,1,1,2,3,0,0,0,3,19,-9,0,Kobe Bryant,Regular Season,2003-04
22003,977,0020300138,"Nov 16, 2003",LAL vs. MIA,W,34,6,10,0.6,0,1,0.0,15,16,0.938,1,3,4,6,2,0,3,2,27,21,0,Kobe Bryant,Regular Season,2003-04
22003,977,0020300124,"Nov 14, 2003",LAL vs. DET,W,37,6,11,0.545,0,0,0.0,4,4,1.0,0,3,3,1,3,2,1,5,16,12,0,Kobe Bryant,Regular Season,2003-04
22003,977,0020300111,"Nov 12, 2003",LAL vs. TOR,W,37,5,11,0.455,1,1,1.0,8,10,0.8,1,2,3,4,1,0,3,4,19,1,0,Kobe Bryant,Regular Season,2003-04
22003,977,0020300091,"Nov 10, 2003",LAL @ MEM,L,33,5,15,0.333,0,2,0.0,9,10,0.9,1,3,4,5,2,0,6,4,19,-3,0,Kobe Bryant,Regular Season,2003-04
22003,977,0020300070,"Nov 07, 2003",LAL @ NOH,L,37,4,14,0.286,0,4,0.0,3,4,0.75,1,3,4,3,1,0,3,3,11,-24,0,Kobe Bryant,Regular Season,2003-04
22003,977,0020300064,"Nov 06, 2003",LAL @ SAS,W,49,16,29,0.552,1,4,0.25,4,5,0.8,2,3,5,2,4,0,2,4,37,4,0,Kobe Bryant,Regular Season,2003-04
22003,977,0020300050,"Nov 04, 2003",LAL @ MIL,W,40,10,22,0.455,2,4,0.5,9,10,0.9,5,2,7,8,1,2,0,3,31,7,0,Kobe Bryant,Regular Season,2003-04
22003,977,0020300040,"Nov 02, 2003",LAL vs. GSW,W,35,7,12,0.583,2,3,0.667,5,5,1.0,1,3,4,2,5,1,4,4,21,13,0,Kobe Bryant,Regular Season,2003-04
22003,977,0020300037,"Nov 01, 2003",LAL @ PHX,W,37,4,12,0.333,0,1,0.0,7,10,0.7,0,6,6,4,0,1,2,4,15,-3,0,Kobe Bryant,Regular Season,2003-04
42003,977,0040300405,"Jun 15, 2004",LAL @ DET,L,45,7,21,0.333,0,2,0.0,10,11,0.909,1,2,3,4,1,0,3,2,24,-19,0,Kobe Bryant,Playoffs,2003-04
42003,977,0040300404,"Jun 13, 2004",LAL @ DET,L,45,8,25,0.32,2,6,0.333,2,2,1.0,0,0,0,2,1,0,3,3,20,-8,0,Kobe Bryant,Playoffs,2003-04
42003,977,0040300403,"Jun 10, 2004",LAL @ DET,L,45,4,13,0.308,0,4,0.0,3,3,1.0,0,3,3,5,1,1,4,3,11,-20,0,Kobe Bryant,Playoffs,2003-04
42003,977,0040300402,"Jun 08, 2004",LAL vs. DET,W,49,14,27,0.519,1,5,0.2,4,5,0.8,0,4,4,7,2,0,5,5,33,7,0,Kobe Bryant,Playoffs,2003-04
42003,977,0040300401,"Jun 06, 2004",LAL vs. DET,L,47,10,27,0.37,1,6,0.167,4,4,1.0,1,3,4,4,4,2,3,2,25,-12,0,Kobe Bryant,Playoffs,2003-04
42003,977,0040300316,"May 31, 2004",LAL vs. MIN,W,39,6,17,0.353,1,3,0.333,7,11,0.636,0,0,0,4,2,1,0,3,20,10,0,Kobe Bryant,Playoffs,2003-04
42003,977,0040300315,"May 29, 2004",LAL @ MIN,L,44,8,19,0.421,3,8,0.375,4,6,0.667,1,5,6,7,1,0,4,3,23,-1,0,Kobe Bryant,Playoffs,2003-04
42003,977,0040300314,"May 27, 2004",LAL vs. MIN,W,41,10,24,0.417,2,8,0.25,9,10,0.9,2,6,8,4,1,1,4,3,31,4,0,Kobe Bryant,Playoffs,2003-04
42003,977,0040300313,"May 25, 2004",LAL vs. MIN,W,45,5,12,0.417,2,6,0.333,10,11,0.909,0,2,2,6,0,0,4,3,22,11,0,Kobe Bryant,Playoffs,2003-04
42003,977,0040300312,"May 23, 2004",LAL @ MIN,L,41,10,24,0.417,0,4,0.0,7,10,0.7,2,3,5,6,2,0,2,1,27,-16,0,Kobe Bryant,Playoffs,2003-04
42003,977,0040300311,"May 21, 2004",LAL @ MIN,W,45,9,20,0.45,0,1,0.0,5,8,0.625,0,3,3,6,3,0,3,2,23,8,0,Kobe Bryant,Playoffs,2003-04
42003,977,0040300236,"May 15, 2004",LAL vs. SAS,W,44,10,20,0.5,0,3,0.0,6,8,0.75,0,7,7,7,1,0,4,2,26,11,0,Kobe Bryant,Playoffs,2003-04
42003,977,0040300235,"May 13, 2004",LAL @ SAS,W,47,11,27,0.407,0,4,0.0,0,0,0.0,0,4,4,5,1,0,5,1,22,0,0,Kobe Bryant,Playoffs,2003-04
42003,977,0040300234,"May 11, 2004",LAL vs. SAS,W,45,15,27,0.556,2,4,0.5,10,13,0.769,0,6,6,5,3,1,0,2,42,10,0,Kobe Bryant,Playoffs,2003-04
42003,977,0040300233,"May 09, 2004",LAL vs. SAS,W,42,7,13,0.538,4,7,0.571,4,8,0.5,0,6,6,6,2,0,5,3,22,31,0,Kobe Bryant,Playoffs,2003-04
42003,977,0040300232,"May 05, 2004",LAL @ SAS,L,42,7,17,0.412,0,1,0.0,1,2,0.5,2,3,5,8,1,0,2,4,15,-7,0,Kobe Bryant,Playoffs,2003-04
42003,977,0040300231,"May 02, 2004",LAL @ SAS,L,45,10,26,0.385,2,6,0.333,9,10,0.9,2,8,10,4,2,0,4,1,31,-7,0,Kobe Bryant,Playoffs,2003-04
42003,977,0040300155,"Apr 28, 2004",LAL vs. HOU,W,41,12,21,0.571,1,4,0.25,6,6,1.0,1,5,6,10,3,0,1,3,31,23,0,Kobe Bryant,Playoffs,2003-04
42003,977,0040300154,"Apr 25, 2004",LAL @ HOU,W,50,7,21,0.333,0,2,0.0,4,5,0.8,2,4,6,5,2,0,3,4,18,-1,0,Kobe Bryant,Playoffs,2003-04
42003,977,0040300153,"Apr 23, 2004",LAL @ HOU,L,43,7,20,0.35,0,3,0.0,7,8,0.875,3,4,7,6,3,1,1,4,21,-12,0,Kobe Bryant,Playoffs,2003-04
42003,977,0040300152,"Apr 19, 2004",LAL vs. HOU,W,45,9,20,0.45,2,6,0.333,16,17,0.941,0,4,4,4,1,0,1,3,36,17,0,Kobe Bryant,Playoffs,2003-04
42003,977,0040300151,"Apr 17, 2004",LAL vs. HOU,W,43,4,19,0.211,1,4,0.25,7,8,0.875,1,4,5,6,5,0,0,2,16,2,0,Kobe Bryant,Playoffs,2003-04
22004,977,0020401228,"Apr 20, 2005",LAL @ POR,L,37,10,20,0.5,0,5,0.0,17,21,0.81,3,2,5,4,0,0,6,2,37,5,0,Kobe Bryant,Regular Season,2004-05
22004,977,0020401208,"Apr 18, 2005",LAL @ GSW,L,37,9,27,0.333,0,4,0.0,4,6,0.667,3,3,6,5,1,0,6,2,22,-21,0,Kobe Bryant,Regular Season,2004-05
22004,977,0020401196,"Apr 17, 2005",LAL vs. DAL,L,35,9,15,0.6,5,9,0.556,10,11,0.909,4,3,7,9,2,0,8,2,33,-2,0,Kobe Bryant,Regular Season,2004-05
22004,977,0020401154,"Apr 11, 2005",LAL vs. PHO,L,38,8,17,0.471,0,3,0.0,4,5,0.8,2,3,5,10,1,2,5,2,20,-30,0,Kobe Bryant,Regular Season,2004-05
22004,977,0020401142,"Apr 10, 2005",LAL @ SAC,L,35,8,17,0.471,1,4,0.25,1,2,0.5,1,3,4,6,3,1,2,2,18,-28,0,Kobe Bryant,Regular Season,2004-05
22004,977,0020401130,"Apr 08, 2005",LAL @ SEA,W,40,15,22,0.682,7,11,0.636,5,6,0.833,1,1,2,5,2,1,3,2,42,17,0,Kobe Bryant,Regular Season,2004-05
22004,977,0020401118,"Apr 07, 2005",LAL vs. HOU,L,42,4,19,0.211,2,6,0.333,9,10,0.9,2,8,10,10,1,0,1,2,19,-13,0,Kobe Bryant,Regular Season,2004-05
22004,977,0020401092,"Apr 03, 2005",LAL @ MEM,L,14,4,8,0.5,0,3,0.0,1,1,1.0,1,2,3,0,0,0,1,1,9,-16,0,Kobe Bryant,Regular Season,2004-05
22004,977,0020401082,"Apr 02, 2005",LAL @ SAS,L,40,6,19,0.316,1,6,0.167,2,2,1.0,0,8,8,6,3,0,5,1,15,3,0,Kobe Bryant,Regular Season,2004-05
22004,977,0020401065,"Mar 31, 2005",LAL vs. MIN,L,41,7,16,0.438,3,7,0.429,9,12,0.75,5,3,8,6,1,0,2,2,26,-7,0,Kobe Bryant,Regular Season,2004-05
22004,977,0020401051,"Mar 29, 2005",LAL vs. NYK,W,38,10,17,0.588,3,7,0.429,9,14,0.643,1,5,6,5,1,0,4,1,32,5,0,Kobe Bryant,Regular Season,2004-05
22004,977,0020401035,"Mar 27, 2005",LAL vs. PHI,L,39,10,22,0.455,6,13,0.462,8,8,1.0,0,10,10,5,0,1,6,4,34,5,0,Kobe Bryant,Regular Season,2004-05
22004,977,0020401009,"Mar 24, 2005",LAL @ DEN,L,39,5,13,0.385,0,4,0.0,8,8,1.0,2,2,4,4,1,2,6,1,18,-19,0,Kobe Bryant,Regular Season,2004-05
22004,977,0020400994,"Mar 22, 2005",LAL @ UTA,L,44,16,26,0.615,9,15,0.6,2,6,0.333,1,2,3,4,2,0,3,2,43,-11,0,Kobe Bryant,Regular Season,2004-05
22004,977,0020400984,"Mar 20, 2005",LAL vs. SEA,L,41,12,23,0.522,4,10,0.4,2,4,0.5,2,3,5,4,1,0,2,3,30,3,0,Kobe Bryant,Regular Season,2004-05
22004,977,0020400960,"Mar 18, 2005",LAL @ IND,L,29,5,14,0.357,1,4,0.25,1,2,0.5,1,1,2,4,1,0,0,4,12,-16,0,Kobe Bryant,Regular Season,2004-05
22004,977,0020400954,"Mar 17, 2005",LAL @ MIA,L,46,8,23,0.348,2,6,0.333,8,9,0.889,5,5,10,3,4,1,3,2,26,-6,0,Kobe Bryant,Regular Season,2004-05
22004,977,0020400937,"Mar 15, 2005",LAL @ PHI,L,36,6,15,0.4,3,8,0.375,5,7,0.714,0,3,3,2,2,0,4,3,20,-29,0,Kobe Bryant,Regular Season,2004-05
22004,977,0020400930,"Mar 14, 2005",LAL @ WAS,L,41,6,22,0.273,4,12,0.333,2,2,1.0,2,2,4,6,1,1,1,2,18,-16,0,Kobe Bryant,Regular Season,2004-05
22004,977,0020400915,"Mar 12, 2005",LAL @ CHA,W,44,12,24,0.5,4,6,0.667,4,5,0.8,2,2,4,9,0,0,2,2,32,10,0,Kobe Bryant,Regular Season,2004-05
22004,977,0020400903,"Mar 10, 2005",LAL @ DAL,W,44,14,22,0.636,0,0,0.0,8,10,0.8,1,8,9,3,1,2,3,3,36,7,0,Kobe Bryant,Regular Season,2004-05
22004,977,0020400895,"Mar 08, 2005",LAL vs. LAC,L,43,12,21,0.571,1,3,0.333,16,16,1.0,2,3,5,3,0,1,3,3,41,-13,0,Kobe Bryant,Regular Season,2004-05
22004,977,0020400880,"Mar 06, 2005",LAL vs. IND,W,39,12,24,0.5,0,2,0.0,13,13,1.0,2,8,10,2,2,0,5,3,37,3,0,Kobe Bryant,Regular Season,2004-05
22004,977,0020400864,"Mar 04, 2005",LAL vs. DAL,W,43,13,27,0.481,0,4,0.0,14,16,0.875,2,6,8,6,2,2,3,3,40,11,0,Kobe Bryant,Regular Season,2004-05
22004,977,0020400845,"Mar 02, 2005",LAL @ BOS,L,41,9,24,0.375,1,6,0.167,7,8,0.875,0,1,1,3,0,1,1,5,26,-5,0,Kobe Bryant,Regular Season,2004-05
22004,977,0020400831,"Feb 28, 2005",LAL @ NYK,L,46,7,17,0.412,2,5,0.4,14,17,0.824,2,3,5,8,1,2,7,4,30,-6,0,Kobe Bryant,Regular Season,2004-05
22004,977,0020400819,"Feb 27, 2005",LAL @ TOR,L,42,12,25,0.48,1,6,0.167,6,8,0.75,2,6,8,8,0,0,4,4,31,3,0,Kobe Bryant,Regular Season,2004-05
22004,977,0020400811,"Feb 25, 2005",LAL vs. DET,L,40,6,12,0.5,1,3,0.333,7,7,1.0,0,4,4,11,1,0,6,4,20,-22,0,Kobe Bryant,Regular Season,2004-05
22004,977,0020400799,"Feb 23, 2005",LAL @ POR,W,43,8,17,0.471,2,6,0.333,13,13,1.0,0,3,3,6,0,0,5,2,31,1,0,Kobe Bryant,Regular Season,2004-05
22004,977,0020400789,"Feb 22, 2005",LAL vs. BOS,W,40,6,13,0.462,0,3,0.0,9,12,0.75,1,5,6,3,1,1,3,4,21,4,0,Kobe Bryant,Regular Season,2004-05
22004,977,0020400767,"Feb 15, 2005",LAL vs. UTA,W,42,12,19,0.632,1,3,0.333,15,19,0.789,1,4,5,8,3,0,5,4,40,21,0,Kobe Bryant,Regular Season,2004-05
22004,977,0020400746,"Feb 13, 2005",LAL @ CLE,L,41,7,22,0.318,1,4,0.25,11,11,1.0,1,3,4,6,2,0,4,3,26,-15,0,Kobe Bryant,Regular Season,2004-05
22004,977,0020400518,"Jan 13, 2005",LAL vs. CLE,W,6,1,2,0.5,0,1,0.0,0,0,0.0,0,0,0,3,0,0,1,0,2,0,0,Kobe Bryant,Regular Season,2004-05
22004,977,0020400512,"Jan 12, 2005",LAL @ DEN,L,40,5,14,0.357,2,8,0.25,4,6,0.667,1,4,5,7,3,2,1,2,16,-11,0,Kobe Bryant,Regular Season,2004-05
22004,977,0020400494,"Jan 10, 2005",LAL @ MIN,W,40,9,19,0.474,6,11,0.545,7,7,1.0,1,0,1,4,0,1,5,0,31,-8,0,Kobe Bryant,Regular Season,2004-05
22004,977,0020400477,"Jan 07, 2005",LAL vs. HOU,W,45,10,19,0.526,1,2,0.5,6,10,0.6,0,5,5,10,0,0,3,3,27,5,0,Kobe Bryant,Regular Season,2004-05
22004,977,0020400461,"Jan 05, 2005",LAL @ DAL,L,47,12,30,0.4,4,11,0.364,4,6,0.667,3,0,3,3,1,0,5,3,32,-12,0,Kobe Bryant,Regular Season,2004-05
22004,977,0020400452,"Jan 04, 2005",LAL @ SAS,L,35,5,16,0.313,0,5,0.0,7,8,0.875,0,5,5,2,1,0,3,2,17,-21,0,Kobe Bryant,Regular Season,2004-05
22004,977,0020400439,"Jan 02, 2005",LAL vs. DEN,W,36,14,29,0.483,2,6,0.333,12,16,0.75,0,5,5,4,4,1,7,5,42,26,0,Kobe Bryant,Regular Season,2004-05
22004,977,0020400407,"Dec 28, 2004",LAL vs. TOR,W,46,14,26,0.538,4,7,0.571,16,18,0.889,0,2,2,4,2,0,5,2,48,21,0,Kobe Bryant,Regular Season,2004-05
22004,977,0020400382,"Dec 25, 2004",LAL vs. MIA,L,50,12,30,0.4,5,13,0.385,13,13,1.0,0,3,3,6,1,0,9,4,42,0,0,Kobe Bryant,Regular Season,2004-05
22004,977,0020400377,"Dec 22, 2004",LAL vs. NOK,W,45,9,26,0.346,1,4,0.25,10,15,0.667,3,2,5,4,4,1,4,2,29,10,0,Kobe Bryant,Regular Season,2004-05
22004,977,0020400358,"Dec 20, 2004",LAL vs. MEM,L,44,2,16,0.125,0,6,0.0,7,9,0.778,0,6,6,8,1,2,4,4,11,-5,0,Kobe Bryant,Regular Season,2004-05
22004,977,0020400338,"Dec 17, 2004",LAL vs. WAS,L,50,9,22,0.409,3,7,0.429,15,22,0.682,1,9,10,14,2,1,5,1,36,-3,0,Kobe Bryant,Regular Season,2004-05
22004,977,0020400328,"Dec 16, 2004",LAL @ SAC,W,41,10,17,0.588,3,8,0.375,8,10,0.8,0,6,6,12,2,2,4,2,31,15,0,Kobe Bryant,Regular Season,2004-05
22004,977,0020400315,"Dec 14, 2004",LAL @ SEA,L,45,12,23,0.522,3,8,0.375,8,10,0.8,4,5,9,5,1,0,4,2,35,-13,0,Kobe Bryant,Regular Season,2004-05
22004,977,0020400301,"Dec 12, 2004",LAL vs. ORL,W,41,6,23,0.261,0,1,0.0,11,15,0.733,4,4,8,6,0,0,3,2,23,6,0,Kobe Bryant,Regular Season,2004-05
22004,977,0020400294,"Dec 11, 2004",LAL @ LAC,W,45,13,32,0.406,1,6,0.167,10,10,1.0,1,9,10,5,0,2,4,2,37,7,0,Kobe Bryant,Regular Season,2004-05
22004,977,0020400272,"Dec 08, 2004",LAL vs. PHO,L,45,7,23,0.304,4,10,0.4,2,3,0.667,3,11,14,11,2,0,8,3,20,-1,0,Kobe Bryant,Regular Season,2004-05
22004,977,0020400231,"Dec 03, 2004",LAL vs. GSW,W,43,3,12,0.25,0,2,0.0,4,7,0.571,0,12,12,10,2,0,8,3,10,6,0,Kobe Bryant,Regular Season,2004-05
22004,977,0020400216,"Dec 01, 2004",LAL @ CHI,L,44,9,21,0.429,3,11,0.273,7,9,0.778,0,3,3,10,1,3,6,4,28,-3,0,Kobe Bryant,Regular Season,2004-05
22004,977,0020400205,"Nov 30, 2004",LAL @ MIL,W,43,4,13,0.308,2,6,0.333,10,12,0.833,3,4,7,11,1,2,4,2,20,1,0,Kobe Bryant,Regular Season,2004-05
22004,977,0020400198,"Nov 28, 2004",LAL vs. NOK,W,44,7,20,0.35,1,5,0.2,5,5,1.0,2,4,6,7,3,1,7,4,20,4,0,Kobe Bryant,Regular Season,2004-05
22004,977,0020400181,"Nov 26, 2004",LAL vs. SAC,L,45,11,17,0.647,3,4,0.75,15,19,0.789,1,6,7,8,0,2,3,2,40,1,0,Kobe Bryant,Regular Season,2004-05
22004,977,0020400158,"Nov 23, 2004",LAL vs. MIL,W,44,11,24,0.458,0,2,0.0,8,10,0.8,1,5,6,5,3,1,4,2,30,7,0,Kobe Bryant,Regular Season,2004-05
22004,977,0020400145,"Nov 21, 2004",LAL vs. CHI,W,45,10,22,0.455,1,2,0.5,8,17,0.471,2,8,10,7,1,1,9,4,29,11,0,Kobe Bryant,Regular Season,2004-05
22004,977,0020400126,"Nov 19, 2004",LAL @ PHO,L,45,10,33,0.303,5,10,0.5,4,5,0.8,4,7,11,10,0,1,3,1,29,-2,0,Kobe Bryant,Regular Season,2004-05
22004,977,0020400115,"Nov 17, 2004",LAL vs. LAC,W,45,9,16,0.563,0,1,0.0,5,5,1.0,0,6,6,11,5,2,5,5,23,15,0,Kobe Bryant,Regular Season,2004-05
22004,977,0020400087,"Nov 13, 2004",LAL @ HOU,W,41,7,20,0.35,0,5,0.0,5,7,0.714,0,11,11,3,0,2,5,1,19,4,0,Kobe Bryant,Regular Season,2004-05
22004,977,0020400073,"Nov 12, 2004",LAL @ ORL,L,44,14,31,0.452,2,8,0.25,11,12,0.917,0,7,7,8,2,0,1,4,41,2,0,Kobe Bryant,Regular Season,2004-05
22004,977,0020400065,"Nov 10, 2004",LAL @ MEM,L,34,4,19,0.211,2,6,0.333,10,13,0.769,2,4,6,4,1,1,2,1,20,-18,0,Kobe Bryant,Regular Season,2004-05
22004,977,0020400053,"Nov 09, 2004",LAL @ NOK,W,38,8,18,0.444,1,5,0.2,14,14,1.0,1,7,8,4,0,1,7,6,31,23,0,Kobe Bryant,Regular Season,2004-05
22004,977,0020400044,"Nov 07, 2004",LAL vs. ATL,W,44,6,12,0.5,1,2,0.5,11,12,0.917,1,4,5,6,0,2,3,2,24,17,0,Kobe Bryant,Regular Season,2004-05
22004,977,0020400027,"Nov 05, 2004",LAL vs. SAN,L,45,8,22,0.364,1,5,0.2,11,13,0.846,3,2,5,4,1,1,3,3,28,-16,0,Kobe Bryant,Regular Season,2004-05
22004,977,0020400014,"Nov 03, 2004",LAL @ UTH,L,41,9,21,0.429,4,9,0.444,16,20,0.8,1,3,4,1,1,0,2,5,38,-18,0,Kobe Bryant,Regular Season,2004-05
22004,977,0020400003,"Nov 02, 2004",LAL vs. DEN,W,42,5,14,0.357,1,2,0.5,14,15,0.933,1,3,4,7,1,3,4,2,25,13,0,Kobe Bryant,Regular Season,2004-05
22005,977,0020501229,"Apr 19, 2006",LAL vs. NOK,W,29,13,26,0.5,4,10,0.4,5,5,1.0,1,4,5,3,3,0,1,2,35,30,0,Kobe Bryant,Regular Season,2005-06
22005,977,0020501196,"Apr 16, 2006",LAL vs. PHX,W,39,11,28,0.393,1,5,0.2,20,23,0.87,2,6,8,5,3,0,1,2,43,9,0,Kobe Bryant,Regular Season,2005-06
22005,977,0020501185,"Apr 14, 2006",LAL vs. POR,W,44,17,28,0.607,5,10,0.5,11,14,0.786,1,5,6,1,5,0,3,4,50,19,0,Kobe Bryant,Regular Season,2005-06
22005,977,0020501161,"Apr 11, 2006",LAL vs. GSW,W,34,10,22,0.455,2,8,0.25,9,14,0.643,1,3,4,5,2,0,1,4,31,24,0,Kobe Bryant,Regular Season,2005-06
22005,977,0020501148,"Apr 09, 2006",LAL vs. LAC,W,48,14,27,0.519,3,7,0.429,7,9,0.778,0,5,5,5,3,0,4,4,38,16,0,Kobe Bryant,Regular Season,2005-06
22005,977,0020501130,"Apr 07, 2006",LAL @ PHX,L,42,19,33,0.576,5,11,0.455,8,10,0.8,0,5,5,3,1,0,2,3,51,-6,0,Kobe Bryant,Regular Season,2005-06
22005,977,0020501120,"Apr 06, 2006",LAL @ DEN,L,46,13,32,0.406,3,7,0.429,13,14,0.929,3,5,8,1,0,0,3,5,42,-5,0,Kobe Bryant,Regular Season,2005-06
22005,977,0020501089,"Apr 02, 2006",LAL vs. HOU,W,22,19,32,0.594,3,5,0.6,2,2,1.0,1,2,3,6,1,0,2,3,43,14,0,Kobe Bryant,Regular Season,2005-06
22005,977,0020501078,"Mar 31, 2006",LAL @ SEA,W,47,17,38,0.447,1,4,0.25,8,8,1.0,1,4,5,4,1,1,6,3,43,15,0,Kobe Bryant,Regular Season,2005-06
22005,977,0020501066,"Mar 30, 2006",LAL vs. SAS,L,38,9,26,0.346,0,6,0.0,5,5,1.0,1,6,7,2,1,1,6,3,23,-24,0,Kobe Bryant,Regular Season,2005-06
22005,977,0020501042,"Mar 26, 2006",LAL vs. NOK,W,41,10,19,0.526,1,3,0.333,9,11,0.818,0,5,5,2,3,0,4,3,30,10,0,Kobe Bryant,Regular Season,2005-06
22005,977,0020501026,"Mar 24, 2006",LAL vs. MIL,W,44,12,26,0.462,5,10,0.5,14,14,1.0,0,5,5,2,0,0,4,2,43,14,0,Kobe Bryant,Regular Season,2005-06
22005,977,0020501010,"Mar 22, 2006",LAL vs. SAC,W,40,11,20,0.55,2,3,0.667,4,6,0.667,0,5,5,4,3,0,4,2,28,9,0,Kobe Bryant,Regular Season,2005-06
22005,977,0020500988,"Mar 20, 2006",LAL @ BOS,W,41,18,39,0.462,0,5,0.0,7,10,0.7,2,3,5,4,5,0,2,3,43,6,0,Kobe Bryant,Regular Season,2005-06
22005,977,0020500981,"Mar 19, 2006",LAL @ CLE,L,45,15,33,0.455,1,4,0.25,7,7,1.0,0,6,6,5,3,1,3,4,38,2,0,Kobe Bryant,Regular Season,2005-06
22005,977,0020500968,"Mar 17, 2006",LAL @ NJN,L,45,9,24,0.375,2,8,0.25,4,4,1.0,0,2,2,11,1,1,7,5,24,-4,0,Kobe Bryant,Regular Season,2005-06
22005,977,0020500959,"Mar 15, 2006",LAL vs. MIN,W,42,12,25,0.48,0,3,0.0,1,1,1.0,0,1,1,3,1,1,2,1,25,-2,0,Kobe Bryant,Regular Season,2005-06
22005,977,0020500948,"Mar 14, 2006",LAL @ SAC,L,45,12,28,0.429,4,8,0.5,2,3,0.667,2,5,7,7,1,1,3,3,30,-8,0,Kobe Bryant,Regular Season,2005-06
22005,977,0020500930,"Mar 12, 2006",LAL vs. SEA,L,44,8,29,0.276,2,13,0.154,4,5,0.8,1,4,5,7,2,0,5,2,22,0,0,Kobe Bryant,Regular Season,2005-06
22005,977,0020500916,"Mar 10, 2006",LAL @ SAS,W,43,11,29,0.379,1,5,0.2,6,7,0.857,0,4,4,4,2,0,2,1,29,7,0,Kobe Bryant,Regular Season,2005-06
22005,977,0020500903,"Mar 08, 2006",LAL @ NOK,W,44,12,33,0.364,2,6,0.333,14,16,0.875,4,2,6,1,3,1,2,2,40,9,0,Kobe Bryant,Regular Season,2005-06
22005,977,0020500888,"Mar 06, 2006",LAL vs. SAS,L,41,17,32,0.531,3,8,0.375,6,6,1.0,0,6,6,3,0,0,2,2,43,-4,0,Kobe Bryant,Regular Season,2005-06
22005,977,0020500873,"Mar 04, 2006",LAL vs. DET,W,36,13,26,0.5,1,3,0.333,13,13,1.0,0,5,5,4,0,0,2,3,40,14,0,Kobe Bryant,Regular Season,2005-06
22005,977,0020500865,"Mar 03, 2006",LAL @ GSW,W,42,11,29,0.379,4,8,0.5,16,18,0.889,0,4,4,5,3,0,6,3,42,23,0,Kobe Bryant,Regular Season,2005-06
22005,977,0020500852,"Mar 01, 2006",LAL @ POR,L,41,10,27,0.37,0,6,0.0,15,15,1.0,0,6,6,5,2,0,4,3,35,-8,0,Kobe Bryant,Regular Season,2005-06
22005,977,0020500841,"Feb 28, 2006",LAL vs. ORL,W,44,11,20,0.55,4,9,0.444,2,2,1.0,1,3,4,8,3,0,2,2,28,17,0,Kobe Bryant,Regular Season,2005-06
22005,977,0020500826,"Feb 26, 2006",LAL vs. BOS,L,40,11,23,0.478,3,8,0.375,15,17,0.882,1,7,8,6,1,0,3,5,40,-7,0,Kobe Bryant,Regular Season,2005-06
22005,977,0020500813,"Feb 24, 2006",LAL @ LAC,L,43,12,29,0.414,5,11,0.455,10,12,0.833,0,4,4,8,2,0,5,3,39,-16,0,Kobe Bryant,Regular Season,2005-06
22005,977,0020500802,"Feb 23, 2006",LAL vs. SAC,W,36,14,27,0.519,4,7,0.571,4,4,1.0,0,6,6,10,2,0,1,4,36,29,0,Kobe Bryant,Regular Season,2005-06
22005,977,0020500790,"Feb 21, 2006",LAL vs. POR,W,42,11,19,0.579,5,8,0.625,0,1,0.0,0,6,6,4,5,1,2,2,27,17,0,Kobe Bryant,Regular Season,2005-06
22005,977,0020500775,"Feb 15, 2006",LAL vs. ATL,L,47,14,28,0.5,5,14,0.357,6,12,0.5,2,1,3,9,2,0,4,3,39,0,0,Kobe Bryant,Regular Season,2005-06
22005,977,0020500756,"Feb 13, 2006",LAL vs. UTA,W,36,6,20,0.3,3,8,0.375,8,8,1.0,0,4,4,3,7,0,0,2,23,2,0,Kobe Bryant,Regular Season,2005-06
22005,977,0020500741,"Feb 11, 2006",LAL vs. MEM,L,45,10,28,0.357,1,8,0.125,5,7,0.714,0,4,4,4,2,2,4,3,26,-4,0,Kobe Bryant,Regular Season,2005-06
22005,977,0020500720,"Feb 08, 2006",LAL @ HOU,W,45,13,29,0.448,2,8,0.25,4,5,0.8,0,3,3,9,6,1,0,1,32,18,0,Kobe Bryant,Regular Season,2005-06
22005,977,0020500709,"Feb 07, 2006",LAL @ DAL,L,42,5,22,0.227,3,11,0.273,11,13,0.846,0,4,4,4,3,0,4,4,24,-4,0,Kobe Bryant,Regular Season,2005-06
22005,977,0020500689,"Feb 04, 2006",LAL @ NOK,L,38,13,26,0.5,5,11,0.455,4,5,0.8,0,6,6,5,0,0,7,5,35,-9,0,Kobe Bryant,Regular Season,2005-06
22005,977,0020500679,"Feb 03, 2006",LAL @ CHA,L,41,12,18,0.667,2,7,0.286,9,9,1.0,0,9,9,5,4,0,7,2,35,-8,0,Kobe Bryant,Regular Season,2005-06
22005,977,0020500664,"Feb 01, 2006",LAL @ IND,L,36,8,24,0.333,2,8,0.25,8,9,0.889,0,5,5,2,4,1,1,3,26,-22,0,Kobe Bryant,Regular Season,2005-06
22005,977,0020500658,"Jan 31, 2006",LAL @ NYK,W,33,7,17,0.412,3,8,0.375,23,26,0.885,1,2,3,3,4,0,3,4,40,18,0,Kobe Bryant,Regular Season,2005-06
22005,977,0020500646,"Jan 29, 2006",LAL @ DET,L,42,12,28,0.429,3,11,0.273,12,14,0.857,0,6,6,3,1,0,3,3,39,-10,0,Kobe Bryant,Regular Season,2005-06
22005,977,0020500631,"Jan 27, 2006",LAL vs. GSW,W,49,7,22,0.318,2,4,0.5,14,16,0.875,0,5,5,8,0,0,6,3,30,0,0,Kobe Bryant,Regular Season,2005-06
22005,977,0020500591,"Jan 22, 2006",LAL vs. TOR,W,42,28,46,0.609,7,13,0.538,18,20,0.9,2,4,6,2,3,1,3,1,81,25,0,Kobe Bryant,Regular Season,2005-06
22005,977,0020500573,"Jan 20, 2006",LAL @ PHX,L,40,12,33,0.364,4,12,0.333,9,9,1.0,0,2,2,2,3,0,4,4,37,-17,0,Kobe Bryant,Regular Season,2005-06
22005,977,0020500563,"Jan 19, 2006",LAL @ SAC,L,44,17,35,0.486,4,12,0.333,13,13,1.0,0,9,9,4,1,0,4,2,51,-13,0,Kobe Bryant,Regular Season,2005-06
22005,977,0020500547,"Jan 16, 2006",LAL vs. MIA,W,41,13,24,0.542,2,5,0.4,9,9,1.0,0,3,3,4,1,0,1,3,37,14,0,Kobe Bryant,Regular Season,2005-06
22005,977,0020500532,"Jan 14, 2006",LAL @ GSW,W,41,13,28,0.464,1,5,0.2,11,11,1.0,0,7,7,7,0,0,3,2,38,4,0,Kobe Bryant,Regular Season,2005-06
22005,977,0020500512,"Jan 12, 2006",LAL vs. CLE,W,37,9,21,0.429,1,5,0.2,8,8,1.0,0,2,2,2,2,0,5,4,27,-2,0,Kobe Bryant,Regular Season,2005-06
22005,977,0020500507,"Jan 11, 2006",LAL @ POR,L,45,13,29,0.448,3,13,0.231,12,13,0.923,0,2,2,3,4,0,2,5,41,-8,0,Kobe Bryant,Regular Season,2005-06
22005,977,0020500490,"Jan 09, 2006",LAL vs. IND,W,45,14,32,0.438,2,6,0.333,15,21,0.714,1,9,10,5,1,0,2,4,45,7,0,Kobe Bryant,Regular Season,2005-06
22005,977,0020500480,"Jan 07, 2006",LAL @ LAC,W,45,17,41,0.415,7,15,0.467,9,10,0.9,3,5,8,8,1,0,3,2,50,9,0,Kobe Bryant,Regular Season,2005-06
22005,977,0020500471,"Jan 06, 2006",LAL vs. PHI,W,35,19,29,0.655,7,7,1.0,3,4,0.75,0,10,10,2,2,0,7,2,48,23,0,Kobe Bryant,Regular Season,2005-06
22005,977,0020500412,"Dec 28, 2005",LAL vs. MEM,L,46,13,37,0.351,4,8,0.5,15,19,0.789,2,5,7,4,2,1,2,5,45,-6,0,Kobe Bryant,Regular Season,2005-06
22005,977,0020500387,"Dec 26, 2005",LAL @ WAS,L,38,10,27,0.37,2,6,0.333,9,10,0.9,0,5,5,2,0,1,5,2,31,-11,0,Kobe Bryant,Regular Season,2005-06
22005,977,0020500386,"Dec 25, 2005",LAL @ MIA,L,44,12,30,0.4,0,8,0.0,13,19,0.684,2,6,8,6,0,2,3,5,37,1,0,Kobe Bryant,Regular Season,2005-06
22005,977,0020500372,"Dec 23, 2005",LAL @ ORL,W,39,6,16,0.375,0,4,0.0,9,12,0.75,0,2,2,9,0,1,1,3,21,17,0,Kobe Bryant,Regular Season,2005-06
22005,977,0020500359,"Dec 20, 2005",LAL vs. DAL,W,33,18,31,0.581,4,10,0.4,22,25,0.88,3,5,8,0,3,0,2,3,62,35,0,Kobe Bryant,Regular Season,2005-06
22005,977,0020500346,"Dec 18, 2005",LAL vs. HOU,L,38,6,13,0.462,1,3,0.333,11,12,0.917,0,2,2,6,2,0,3,2,24,-5,0,Kobe Bryant,Regular Season,2005-06
22005,977,0020500332,"Dec 16, 2005",LAL vs. WAS,W,37,14,24,0.583,2,3,0.667,11,14,0.786,2,6,8,4,1,1,1,5,41,1,0,Kobe Bryant,Regular Season,2005-06
22005,977,0020500314,"Dec 14, 2005",LAL @ MEM,W,32,10,17,0.588,2,4,0.5,5,8,0.625,2,6,8,3,1,0,3,2,27,22,0,Kobe Bryant,Regular Season,2005-06
22005,977,0020500297,"Dec 12, 2005",LAL @ DAL,W,43,15,33,0.455,3,9,0.333,10,12,0.833,2,3,5,2,4,1,2,3,43,-1,0,Kobe Bryant,Regular Season,2005-06
22005,977,0020500286,"Dec 10, 2005",LAL @ MIN,L,41,11,20,0.55,3,6,0.5,10,12,0.833,0,4,4,3,0,1,7,1,35,-10,0,Kobe Bryant,Regular Season,2005-06
22005,977,0020500274,"Dec 09, 2005",LAL @ CHI,W,38,9,21,0.429,0,1,0.0,5,7,0.714,1,8,9,8,1,0,4,2,23,9,0,Kobe Bryant,Regular Season,2005-06
22005,977,0020500258,"Dec 07, 2005",LAL @ TOR,W,26,5,12,0.417,1,2,0.5,0,2,0.0,1,1,2,9,0,0,4,2,11,14,0,Kobe Bryant,Regular Season,2005-06
22005,977,0020500251,"Dec 06, 2005",LAL @ MIL,W,40,14,24,0.583,0,2,0.0,5,5,1.0,1,4,5,6,1,1,2,1,33,19,0,Kobe Bryant,Regular Season,2005-06
22005,977,0020500244,"Dec 04, 2005",LAL vs. CHA,W,40,9,30,0.3,0,4,0.0,11,12,0.917,2,4,6,4,1,0,2,3,29,11,0,Kobe Bryant,Regular Season,2005-06
22005,977,0020500228,"Dec 02, 2005",LAL vs. MIN,L,41,9,16,0.563,1,3,0.333,1,2,0.5,3,6,9,8,2,1,1,0,20,-3,0,Kobe Bryant,Regular Season,2005-06
22005,977,0020500218,"Dec 01, 2005",LAL @ UTA,W,45,11,31,0.355,2,6,0.333,6,9,0.667,2,5,7,3,2,0,2,6,30,1,0,Kobe Bryant,Regular Season,2005-06
22005,977,0020500203,"Nov 29, 2005",LAL @ SAS,L,42,9,33,0.273,0,6,0.0,7,8,0.875,1,3,4,0,4,1,3,0,25,-7,0,Kobe Bryant,Regular Season,2005-06
22005,977,0020500192,"Nov 27, 2005",LAL vs. NJN,L,50,14,36,0.389,4,12,0.333,14,16,0.875,0,3,3,3,2,0,5,5,46,-10,0,Kobe Bryant,Regular Season,2005-06
22005,977,0020500168,"Nov 24, 2005",LAL vs. SEA,W,39,12,26,0.462,4,5,0.8,6,8,0.75,1,1,2,5,0,0,2,4,34,15,0,Kobe Bryant,Regular Season,2005-06
22005,977,0020500145,"Nov 20, 2005",LAL vs. CHI,L,46,17,34,0.5,1,4,0.25,8,12,0.667,1,5,6,3,2,0,3,3,43,-5,0,Kobe Bryant,Regular Season,2005-06
22005,977,0020500130,"Nov 18, 2005",LAL vs. LAC,L,43,12,35,0.343,1,6,0.167,11,12,0.917,1,3,4,5,0,0,2,2,36,-3,0,Kobe Bryant,Regular Season,2005-06
22005,977,0020500114,"Nov 16, 2005",LAL vs. NYK,W,44,15,36,0.417,0,1,0.0,12,14,0.857,3,2,5,3,2,1,0,3,42,6,0,Kobe Bryant,Regular Season,2005-06
22005,977,0020500095,"Nov 14, 2005",LAL @ MEM,L,34,7,18,0.389,0,0,0.0,4,4,1.0,0,3,3,2,0,1,4,3,18,-27,0,Kobe Bryant,Regular Season,2005-06
22005,977,0020500077,"Nov 11, 2005",LAL @ PHI,L,41,7,27,0.259,0,2,0.0,3,4,0.75,3,6,9,7,1,0,3,4,17,-2,0,Kobe Bryant,Regular Season,2005-06
22005,977,0020500064,"Nov 09, 2005",LAL @ MIN,L,40,12,26,0.462,0,0,0.0,4,6,0.667,1,3,4,4,1,0,3,0,28,-11,0,Kobe Bryant,Regular Season,2005-06
22005,977,0020500051,"Nov 08, 2005",LAL @ ATL,W,38,15,26,0.577,0,0,0.0,7,11,0.636,1,2,3,5,1,1,1,5,37,12,0,Kobe Bryant,Regular Season,2005-06
22005,977,0020500045,"Nov 06, 2005",LAL vs. DEN,W,43,16,31,0.516,0,0,0.0,5,5,1.0,3,5,8,5,0,1,4,2,37,24,0,Kobe Bryant,Regular Season,2005-06
22005,977,0020500019,"Nov 03, 2005",LAL vs. PHX,L,41,13,26,0.5,0,2,0.0,13,14,0.929,2,5,7,5,0,0,3,3,39,4,0,Kobe Bryant,Regular Season,2005-06
22005,977,0020500016,"Nov 02, 2005",LAL @ DEN,W,44,13,28,0.464,0,1,0.0,7,7,1.0,0,5,5,4,1,2,6,4,33,6,0,Kobe Bryant,Regular Season,2005-06
42005,977,0040500157,"May 06, 2006",LAL @ PHX,L,43,8,16,0.5,4,8,0.5,4,5,0.8,0,4,4,1,0,1,3,4,24,-28,0,Kobe Bryant,Playoffs,2005-06
42005,977,0040500156,"May 04, 2006",LAL vs. PHX,L,52,20,35,0.571,5,8,0.625,5,6,0.833,1,7,8,5,3,0,7,4,50,-6,0,Kobe Bryant,Playoffs,2005-06
42005,977,0040500155,"May 02, 2006",LAL @ PHX,L,43,10,17,0.588,3,8,0.375,6,9,0.667,0,7,7,5,0,1,5,3,29,-19,0,Kobe Bryant,Playoffs,2005-06
42005,977,0040500154,"Apr 30, 2006",LAL vs. PHX,W,39,9,14,0.643,0,1,0.0,6,8,0.75,1,3,4,8,0,0,7,5,24,-1,0,Kobe Bryant,Playoffs,2005-06
42005,977,0040500153,"Apr 28, 2006",LAL vs. PHX,W,46,6,18,0.333,0,3,0.0,5,6,0.833,1,4,5,7,4,0,4,2,17,11,0,Kobe Bryant,Playoffs,2005-06
42005,977,0040500152,"Apr 26, 2006",LAL @ PHX,W,45,12,24,0.5,1,1,1.0,4,6,0.667,0,10,10,5,1,0,4,4,29,2,0,Kobe Bryant,Playoffs,2005-06
42005,977,0040500151,"Apr 23, 2006",LAL @ PHX,L,47,7,21,0.333,1,6,0.167,7,8,0.875,1,5,6,5,0,1,3,3,22,-7,0,Kobe Bryant,Playoffs,2005-06
22006,977,0020601227,"Apr 18, 2007",LAL @ SAC,W,34,12,19,0.632,0,2,0.0,10,12,0.833,1,6,7,6,1,0,1,4,34,8,0,Kobe Bryant,Regular Season,2006-07
22006,977,0020601202,"Apr 15, 2007",LAL vs. SEA,W,42,18,25,0.72,3,6,0.5,11,13,0.846,2,6,8,3,2,0,1,2,50,6,0,Kobe Bryant,Regular Season,2006-07
22006,977,0020601185,"Apr 13, 2007",LAL @ PHX,L,42,7,26,0.269,1,6,0.167,2,2,1.0,1,5,6,4,1,1,2,2,17,-19,0,Kobe Bryant,Regular Season,2006-07
22006,977,0020601174,"Apr 12, 2007",LAL vs. LAC,L,48,17,33,0.515,1,4,0.25,15,15,1.0,0,9,9,1,2,0,3,3,50,-8,0,Kobe Bryant,Regular Season,2006-07
22006,977,0020601154,"Apr 09, 2007",LAL @ DEN,L,46,9,30,0.3,1,5,0.2,4,5,0.8,0,5,5,10,1,0,4,1,23,0,0,Kobe Bryant,Regular Season,2006-07
22006,977,0020601144,"Apr 08, 2007",LAL vs. PHX,L,44,14,25,0.56,1,5,0.2,5,5,1.0,0,3,3,7,1,1,5,2,34,-10,0,Kobe Bryant,Regular Season,2006-07
22006,977,0020601133,"Apr 06, 2007",LAL @ SEA,W,41,13,27,0.481,1,4,0.25,19,24,0.792,1,4,5,6,3,1,1,2,46,-1,0,Kobe Bryant,Regular Season,2006-07
22006,977,0020601118,"Apr 04, 2007",LAL @ LAC,L,45,13,34,0.382,0,3,0.0,3,4,0.75,0,7,7,3,2,2,4,3,29,3,0,Kobe Bryant,Regular Season,2006-07
22006,977,0020601107,"Apr 03, 2007",LAL vs. DEN,L,45,14,31,0.452,0,5,0.0,11,11,1.0,0,3,3,4,0,3,3,3,39,-6,0,Kobe Bryant,Regular Season,2006-07
22006,977,0020601099,"Apr 01, 2007",LAL vs. SAC,W,38,6,14,0.429,1,2,0.5,6,6,1.0,0,2,2,13,3,1,4,1,19,13,0,Kobe Bryant,Regular Season,2006-07
22006,977,0020601081,"Mar 30, 2007",LAL vs. HOU,L,48,19,44,0.432,3,9,0.333,12,14,0.857,1,1,2,2,0,0,3,2,53,1,0,Kobe Bryant,Regular Season,2006-07
22006,977,0020601057,"Mar 27, 2007",LAL vs. MEM,L,44,7,26,0.269,3,7,0.429,6,9,0.667,3,2,5,5,3,0,1,0,23,-1,0,Kobe Bryant,Regular Season,2006-07
22006,977,0020601044,"Mar 25, 2007",LAL vs. GSW,W,46,15,33,0.455,4,11,0.364,9,11,0.818,4,5,9,0,1,1,7,2,43,7,0,Kobe Bryant,Regular Season,2006-07
22006,977,0020601027,"Mar 23, 2007",LAL @ NOK,W,47,16,29,0.552,2,5,0.4,16,16,1.0,1,6,7,1,0,1,1,2,50,12,0,Kobe Bryant,Regular Season,2006-07
22006,977,0020601016,"Mar 22, 2007",LAL @ MEM,W,45,20,37,0.541,3,7,0.429,17,18,0.944,2,3,5,4,0,0,2,4,60,2,0,Kobe Bryant,Regular Season,2006-07
22006,977,0020600994,"Mar 18, 2007",LAL vs. MIN,W,45,17,35,0.486,4,9,0.444,12,14,0.857,1,5,6,3,3,0,3,1,50,12,0,Kobe Bryant,Regular Season,2006-07
22006,977,0020600977,"Mar 16, 2007",LAL vs. POR,W,50,23,39,0.59,8,12,0.667,11,12,0.917,1,6,7,3,3,0,2,3,65,4,0,Kobe Bryant,Regular Season,2006-07
22006,977,0020600969,"Mar 15, 2007",LAL @ DEN,L,38,9,19,0.474,0,5,0.0,7,8,0.875,2,3,5,9,0,0,1,4,25,-22,0,Kobe Bryant,Regular Season,2006-07
22006,977,0020600941,"Mar 11, 2007",LAL vs. DAL,L,37,6,19,0.316,0,2,0.0,13,18,0.722,2,7,9,3,0,0,5,1,25,-12,0,Kobe Bryant,Regular Season,2006-07
22006,977,0020600919,"Mar 09, 2007",LAL @ PHI,L,44,12,27,0.444,3,7,0.429,3,3,1.0,0,4,4,4,1,0,3,4,30,-21,0,Kobe Bryant,Regular Season,2006-07
22006,977,0020600902,"Mar 06, 2007",LAL @ MIN,L,53,13,30,0.433,3,10,0.3,11,13,0.846,3,10,13,8,2,3,4,3,40,-1,0,Kobe Bryant,Regular Season,2006-07
22006,977,0020600890,"Mar 04, 2007",LAL @ PHX,L,45,11,28,0.393,1,5,0.2,8,10,0.8,1,3,4,6,1,1,3,1,31,-3,0,Kobe Bryant,Regular Season,2006-07
22006,977,0020600878,"Mar 02, 2007",LAL vs. SAC,L,41,10,22,0.455,1,5,0.2,9,9,1.0,0,4,4,10,0,0,1,3,30,-14,0,Kobe Bryant,Regular Season,2006-07
22006,977,0020600847,"Feb 26, 2007",LAL @ UTA,W,44,7,21,0.333,0,4,0.0,21,24,0.875,2,6,8,4,2,0,4,3,35,6,0,Kobe Bryant,Regular Season,2006-07
22006,977,0020600838,"Feb 25, 2007",LAL @ GSW,W,36,9,23,0.391,2,8,0.25,6,7,0.857,1,5,6,6,3,0,4,2,26,17,0,Kobe Bryant,Regular Season,2006-07
22006,977,0020600825,"Feb 23, 2007",LAL vs. BOS,W,31,13,23,0.565,5,7,0.714,7,9,0.778,0,2,2,9,5,0,3,1,38,16,0,Kobe Bryant,Regular Season,2006-07
22006,977,0020600809,"Feb 21, 2007",LAL vs. POR,L,40,8,22,0.364,0,3,0.0,9,11,0.818,3,5,8,6,2,1,1,3,25,10,0,Kobe Bryant,Regular Season,2006-07
22006,977,0020600789,"Feb 15, 2007",LAL vs. CLE,L,41,9,22,0.409,2,7,0.286,14,15,0.933,1,5,6,5,2,0,6,3,34,-3,0,Kobe Bryant,Regular Season,2006-07
22006,977,0020600774,"Feb 13, 2007",LAL vs. NYK,L,38,9,20,0.45,2,4,0.5,11,11,1.0,3,4,7,4,2,0,1,1,31,0,0,Kobe Bryant,Regular Season,2006-07
22006,977,0020600759,"Feb 11, 2007",LAL @ CLE,L,44,12,24,0.5,1,5,0.2,11,11,1.0,0,7,7,6,1,0,4,5,36,-4,0,Kobe Bryant,Regular Season,2006-07
22006,977,0020600738,"Feb 09, 2007",LAL @ TOR,L,43,10,23,0.435,1,4,0.25,4,4,1.0,1,8,9,5,3,1,3,1,25,9,0,Kobe Bryant,Regular Season,2006-07
22006,977,0020600735,"Feb 08, 2007",LAL @ DET,L,38,5,13,0.385,2,5,0.4,6,6,1.0,1,4,5,5,2,0,8,1,18,-25,0,Kobe Bryant,Regular Season,2006-07
22006,977,0020600714,"Feb 05, 2007",LAL @ ATL,W,41,10,18,0.556,2,5,0.4,5,6,0.833,1,5,6,4,3,0,3,3,27,4,0,Kobe Bryant,Regular Season,2006-07
22006,977,0020600699,"Feb 03, 2007",LAL @ WAS,W,44,14,26,0.538,2,5,0.4,9,10,0.9,2,4,6,6,2,0,4,3,39,14,0,Kobe Bryant,Regular Season,2006-07
22006,977,0020600691,"Feb 02, 2007",LAL @ IND,L,40,7,25,0.28,2,8,0.25,6,6,1.0,0,5,5,4,5,0,4,1,22,-1,0,Kobe Bryant,Regular Season,2006-07
22006,977,0020600678,"Jan 31, 2007",LAL @ BOS,W,41,13,25,0.52,7,9,0.778,10,13,0.769,1,7,8,8,0,2,2,2,43,20,0,Kobe Bryant,Regular Season,2006-07
22006,977,0020600657,"Jan 28, 2007",LAL vs. SAS,L,46,13,25,0.52,1,2,0.5,4,5,0.8,0,6,6,7,1,1,3,2,31,2,0,Kobe Bryant,Regular Season,2006-07
22006,977,0020600644,"Jan 26, 2007",LAL vs. CHA,L,50,10,24,0.417,2,5,0.4,10,12,0.833,2,4,6,5,0,0,9,3,32,-7,0,Kobe Bryant,Regular Season,2006-07
22006,977,0020600614,"Jan 22, 2007",LAL vs. GSW,W,39,11,22,0.5,4,7,0.571,16,19,0.842,1,7,8,1,2,1,5,1,42,7,0,Kobe Bryant,Regular Season,2006-07
22006,977,0020600598,"Jan 20, 2007",LAL @ NOK,L,38,7,22,0.318,3,7,0.429,6,8,0.75,2,4,6,7,2,1,1,2,23,-10,0,Kobe Bryant,Regular Season,2006-07
22006,977,0020600580,"Jan 18, 2007",LAL @ DAL,L,34,8,18,0.444,0,3,0.0,10,11,0.909,1,2,3,5,0,0,6,3,26,-17,0,Kobe Bryant,Regular Season,2006-07
22006,977,0020600576,"Jan 17, 2007",LAL @ SAS,W,36,12,19,0.632,0,2,0.0,10,11,0.909,0,6,6,8,1,0,7,2,34,10,0,Kobe Bryant,Regular Season,2006-07
22006,977,0020600564,"Jan 15, 2007",LAL vs. MIA,W,44,11,24,0.458,0,2,0.0,3,3,1.0,1,3,4,8,0,1,1,2,25,2,0,Kobe Bryant,Regular Season,2006-07
22006,977,0020600539,"Jan 12, 2007",LAL vs. ORL,W,39,9,15,0.6,0,2,0.0,10,11,0.909,2,6,8,7,1,0,2,3,28,4,0,Kobe Bryant,Regular Season,2006-07
22006,977,0020600523,"Jan 10, 2007",LAL @ HOU,L,34,6,18,0.333,0,3,0.0,8,9,0.889,1,5,6,1,1,0,2,2,20,-17,0,Kobe Bryant,Regular Season,2006-07
22006,977,0020600511,"Jan 09, 2007",LAL @ MEM,L,30,7,15,0.467,2,6,0.333,9,9,1.0,0,3,3,6,3,2,3,2,25,-16,0,Kobe Bryant,Regular Season,2006-07
22006,977,0020600504,"Jan 07, 2007",LAL vs. DAL,W,41,9,20,0.45,0,2,0.0,8,9,0.889,0,8,8,6,1,1,3,3,26,13,0,Kobe Bryant,Regular Season,2006-07
22006,977,0020600489,"Jan 05, 2007",LAL vs. DEN,W,27,2,9,0.222,1,4,0.25,3,4,0.75,1,4,5,10,0,0,3,3,8,19,0,Kobe Bryant,Regular Season,2006-07
22006,977,0020600478,"Jan 04, 2007",LAL @ SAC,W,48,11,21,0.524,3,5,0.6,17,20,0.85,3,7,10,9,0,0,4,5,42,6,0,Kobe Bryant,Regular Season,2006-07
22006,977,0020600456,"Dec 31, 2006",LAL vs. PHI,W,39,15,22,0.682,3,6,0.5,2,2,1.0,1,7,8,6,1,0,2,1,35,13,0,Kobe Bryant,Regular Season,2006-07
22006,977,0020600431,"Dec 29, 2006",LAL @ CHA,L,54,22,45,0.489,4,11,0.364,10,12,0.833,0,5,5,4,0,0,4,6,58,5,0,Kobe Bryant,Regular Season,2006-07
22006,977,0020600418,"Dec 27, 2006",LAL @ ORL,W,36,8,22,0.364,0,3,0.0,11,12,0.917,0,3,3,7,2,1,3,4,27,11,0,Kobe Bryant,Regular Season,2006-07
22006,977,0020600403,"Dec 25, 2006",LAL @ MIA,L,38,4,17,0.235,0,4,0.0,8,9,0.889,0,2,2,4,1,0,3,4,16,-19,0,Kobe Bryant,Regular Season,2006-07
22006,977,0020600381,"Dec 22, 2006",LAL @ NJN,W,40,4,13,0.308,2,5,0.4,11,12,0.917,0,6,6,11,0,0,3,4,21,2,0,Kobe Bryant,Regular Season,2006-07
22006,977,0020600372,"Dec 20, 2006",LAL @ MIN,W,30,10,17,0.588,0,1,0.0,4,6,0.667,0,3,3,6,2,1,2,2,24,-10,0,Kobe Bryant,Regular Season,2006-07
22006,977,0020600362,"Dec 19, 2006",LAL @ CHI,L,38,6,19,0.316,0,5,0.0,7,8,0.875,0,3,3,4,0,1,4,6,19,-6,0,Kobe Bryant,Regular Season,2006-07
22006,977,0020600355,"Dec 17, 2006",LAL vs. WAS,L,46,15,24,0.625,7,11,0.636,8,10,0.8,2,6,8,10,1,1,4,5,45,6,0,Kobe Bryant,Regular Season,2006-07
22006,977,0020600340,"Dec 15, 2006",LAL vs. HOU,W,54,17,38,0.447,5,8,0.625,14,16,0.875,0,10,10,8,2,1,5,1,53,20,0,Kobe Bryant,Regular Season,2006-07
22006,977,0020600324,"Dec 13, 2006",LAL @ DAL,L,43,9,18,0.5,1,6,0.167,14,17,0.824,2,5,7,4,2,1,4,3,33,-4,0,Kobe Bryant,Regular Season,2006-07
22006,977,0020600311,"Dec 12, 2006",LAL @ HOU,W,42,8,26,0.308,2,8,0.25,5,6,0.833,0,8,8,7,1,0,4,3,23,18,0,Kobe Bryant,Regular Season,2006-07
22006,977,0020600299,"Dec 10, 2006",LAL vs. SAS,W,40,13,25,0.52,4,5,0.8,4,4,1.0,2,6,8,1,3,0,4,2,34,2,0,Kobe Bryant,Regular Season,2006-07
22006,977,0020600270,"Dec 06, 2006",LAL vs. NOK,L,36,10,17,0.588,2,6,0.333,2,2,1.0,0,2,2,4,2,0,1,3,24,-8,0,Kobe Bryant,Regular Season,2006-07
22006,977,0020600254,"Dec 04, 2006",LAL vs. IND,W,21,7,16,0.438,3,8,0.375,4,4,1.0,2,1,3,2,3,1,2,1,21,22,0,Kobe Bryant,Regular Season,2006-07
22006,977,0020600242,"Dec 02, 2006",LAL @ LAC,W,40,11,23,0.478,0,4,0.0,7,8,0.875,1,4,5,3,1,0,7,3,29,2,0,Kobe Bryant,Regular Season,2006-07
22006,977,0020600223,"Nov 30, 2006",LAL vs. UTA,W,34,19,26,0.731,2,3,0.667,12,15,0.8,0,4,4,3,0,1,1,5,52,22,0,Kobe Bryant,Regular Season,2006-07
22006,977,0020600212,"Nov 28, 2006",LAL vs. MIL,L,41,7,23,0.304,6,14,0.429,7,7,1.0,1,1,2,4,1,1,1,5,27,10,0,Kobe Bryant,Regular Season,2006-07
22006,977,0020600199,"Nov 26, 2006",LAL vs. NJN,W,42,8,24,0.333,1,4,0.25,2,4,0.5,2,4,6,10,0,0,2,3,19,3,0,Kobe Bryant,Regular Season,2006-07
22006,977,0020600181,"Nov 24, 2006",LAL @ UTA,L,41,9,18,0.5,2,6,0.333,7,10,0.7,0,5,5,2,1,1,0,1,27,-12,0,Kobe Bryant,Regular Season,2006-07
22006,977,0020600157,"Nov 21, 2006",LAL vs. LAC,W,38,12,23,0.522,1,1,1.0,15,18,0.833,2,3,5,5,3,0,1,4,40,13,0,Kobe Bryant,Regular Season,2006-07
22006,977,0020600142,"Nov 19, 2006",LAL vs. CHI,W,40,5,14,0.357,1,1,1.0,7,8,0.875,0,4,4,4,2,0,4,3,18,3,0,Kobe Bryant,Regular Season,2006-07
22006,977,0020600127,"Nov 17, 2006",LAL vs. TOR,W,40,10,19,0.526,0,2,0.0,11,12,0.917,1,10,11,7,0,0,6,2,31,4,0,Kobe Bryant,Regular Season,2006-07
22006,977,0020600096,"Nov 12, 2006",LAL vs. MEM,W,38,7,17,0.412,1,3,0.333,6,7,0.857,1,5,6,6,0,0,5,2,21,9,0,Kobe Bryant,Regular Season,2006-07
22006,977,0020600081,"Nov 10, 2006",LAL vs. DET,L,36,5,11,0.455,1,4,0.25,8,9,0.889,0,3,3,2,4,0,3,2,19,-21,0,Kobe Bryant,Regular Season,2006-07
22006,977,0020600066,"Nov 08, 2006",LAL @ POR,L,36,12,19,0.632,1,5,0.2,7,9,0.778,1,2,3,1,1,0,6,4,32,-12,0,Kobe Bryant,Regular Season,2006-07
22006,977,0020600057,"Nov 07, 2006",LAL vs. MIN,W,36,5,7,0.714,0,0,0.0,7,7,1.0,1,3,4,6,2,0,5,3,17,9,0,Kobe Bryant,Regular Season,2006-07
22006,977,0020600044,"Nov 05, 2006",LAL @ SEA,L,39,4,10,0.4,0,4,0.0,7,8,0.875,0,4,4,9,1,0,3,5,15,-2,0,Kobe Bryant,Regular Season,2006-07
22006,977,0020600029,"Nov 03, 2006",LAL vs. SEA,W,40,8,15,0.533,0,0,0.0,7,10,0.7,0,4,4,6,1,0,6,3,23,13,0,Kobe Bryant,Regular Season,2006-07
42006,977,0040600155,"May 02, 2007",LAL @ PHX,L,46,13,33,0.394,2,8,0.25,6,7,0.857,0,4,4,1,1,0,6,2,34,-1,0,Kobe Bryant,Playoffs,2006-07
42006,977,0040600154,"Apr 29, 2007",LAL vs. PHX,L,46,12,25,0.48,1,5,0.2,6,6,1.0,0,7,7,9,2,1,6,2,31,-9,0,Kobe Bryant,Playoffs,2006-07
42006,977,0040600153,"Apr 26, 2007",LAL vs. PHX,W,45,15,26,0.577,2,3,0.667,13,13,1.0,0,6,6,6,1,1,5,3,45,1,0,Kobe Bryant,Playoffs,2006-07
42006,977,0040600152,"Apr 24, 2007",LAL @ PHX,L,34,5,13,0.385,1,4,0.25,4,4,1.0,1,3,4,5,1,0,3,0,15,-23,0,Kobe Bryant,Playoffs,2006-07
42006,977,0040600151,"Apr 22, 2007",LAL @ PHX,L,43,15,33,0.455,4,8,0.5,5,7,0.714,0,5,5,1,0,0,2,3,39,-13,0,Kobe Bryant,Playoffs,2006-07
22007,977,0020701216,"Apr 15, 2008",LAL vs. SAC,W,29,3,13,0.231,1,5,0.2,13,14,0.929,1,2,3,5,1,0,2,3,20,21,0,Kobe Bryant,Regular Season,2007-08
22007,977,0020701198,"Apr 13, 2008",LAL vs. SAS,W,32,6,14,0.429,3,6,0.5,5,6,0.833,1,4,5,5,2,1,4,3,20,14,0,Kobe Bryant,Regular Season,2007-08
22007,977,0020701187,"Apr 11, 2008",LAL vs. NOH,W,43,9,17,0.529,3,7,0.429,8,10,0.8,1,9,10,8,2,0,1,3,29,0,0,Kobe Bryant,Regular Season,2007-08
22007,977,0020701175,"Apr 10, 2008",LAL @ LAC,W,35,6,17,0.353,1,5,0.2,3,5,0.6,1,2,3,3,1,2,2,1,16,13,0,Kobe Bryant,Regular Season,2007-08
22007,977,0020701161,"Apr 08, 2008",LAL @ POR,L,45,11,26,0.423,2,7,0.286,10,13,0.769,1,4,5,5,1,1,2,5,34,-13,0,Kobe Bryant,Regular Season,2007-08
22007,977,0020701150,"Apr 06, 2008",LAL @ SAC,W,36,9,15,0.6,4,7,0.571,7,8,0.875,2,3,5,5,2,0,4,3,29,18,0,Kobe Bryant,Regular Season,2007-08
22007,977,0020701135,"Apr 04, 2008",LAL vs. DAL,W,42,7,14,0.5,3,4,0.75,8,9,0.889,4,6,10,6,0,0,0,4,25,5,0,Kobe Bryant,Regular Season,2007-08
22007,977,0020701122,"Apr 02, 2008",LAL vs. POR,W,41,10,16,0.625,4,5,0.8,12,13,0.923,2,11,13,7,3,0,1,3,36,25,0,Kobe Bryant,Regular Season,2007-08
22007,977,0020701098,"Mar 30, 2008",LAL vs. WAS,W,47,7,24,0.292,0,3,0.0,12,15,0.8,0,4,4,13,1,1,1,3,26,4,0,Kobe Bryant,Regular Season,2007-08
22007,977,0020701082,"Mar 28, 2008",LAL vs. MEM,L,42,19,37,0.514,9,17,0.529,6,7,0.857,2,8,10,1,3,0,1,4,53,1,0,Kobe Bryant,Regular Season,2007-08
22007,977,0020701069,"Mar 26, 2008",LAL vs. CHA,L,39,8,22,0.364,2,6,0.333,9,12,0.75,1,5,6,3,0,1,3,4,27,-18,0,Kobe Bryant,Regular Season,2007-08
22007,977,0020701051,"Mar 24, 2008",LAL @ GSW,W,52,11,30,0.367,1,5,0.2,7,7,1.0,2,9,11,7,1,0,3,4,30,2,0,Kobe Bryant,Regular Season,2007-08
22007,977,0020701043,"Mar 23, 2008",LAL vs. GSW,L,46,13,30,0.433,3,9,0.333,7,7,1.0,2,12,14,8,1,0,3,4,36,-6,0,Kobe Bryant,Regular Season,2007-08
22007,977,0020701027,"Mar 21, 2008",LAL vs. SEA,W,30,8,15,0.533,0,3,0.0,7,8,0.875,1,1,2,5,0,0,1,2,23,16,0,Kobe Bryant,Regular Season,2007-08
22007,977,0020701018,"Mar 20, 2008",LAL @ UTA,W,41,11,24,0.458,0,2,0.0,5,9,0.556,2,6,8,7,1,0,3,3,27,7,0,Kobe Bryant,Regular Season,2007-08
22007,977,0020701003,"Mar 18, 2008",LAL @ DAL,W,44,12,23,0.522,2,4,0.5,3,6,0.5,0,2,2,7,3,0,2,4,29,7,0,Kobe Bryant,Regular Season,2007-08
22007,977,0020700988,"Mar 16, 2008",LAL @ HOU,L,47,11,33,0.333,0,4,0.0,2,4,0.5,0,7,7,2,0,0,3,3,24,-13,0,Kobe Bryant,Regular Season,2007-08
22007,977,0020700970,"Mar 14, 2008",LAL @ NOH,L,38,10,23,0.435,4,7,0.571,12,13,0.923,1,8,9,3,1,0,3,6,36,-10,0,Kobe Bryant,Regular Season,2007-08
22007,977,0020700951,"Mar 11, 2008",LAL vs. TOR,W,47,12,20,0.6,4,8,0.5,6,6,1.0,1,6,7,7,4,1,4,3,34,9,0,Kobe Bryant,Regular Season,2007-08
22007,977,0020700938,"Mar 09, 2008",LAL vs. SAC,L,42,7,18,0.389,0,3,0.0,12,15,0.8,0,3,3,5,3,0,3,2,26,1,0,Kobe Bryant,Regular Season,2007-08
22007,977,0020700923,"Mar 07, 2008",LAL vs. LAC,W,31,5,9,0.556,2,3,0.667,4,4,1.0,1,5,6,3,2,0,2,2,16,27,0,Kobe Bryant,Regular Season,2007-08
22007,977,0020700895,"Mar 04, 2008",LAL @ SAC,W,43,10,26,0.385,0,3,0.0,14,16,0.875,2,8,10,3,2,0,4,3,34,11,0,Kobe Bryant,Regular Season,2007-08
22007,977,0020700876,"Mar 02, 2008",LAL vs. DAL,W,51,15,27,0.556,2,3,0.667,20,27,0.741,1,10,11,4,1,2,5,2,52,4,0,Kobe Bryant,Regular Season,2007-08
22007,977,0020700868,"Feb 29, 2008",LAL @ POR,L,43,12,24,0.5,2,8,0.25,7,8,0.875,3,4,7,5,1,0,6,4,33,-6,0,Kobe Bryant,Regular Season,2007-08
22007,977,0020700857,"Feb 28, 2008",LAL vs. MIA,W,41,7,14,0.5,0,2,0.0,7,7,1.0,0,1,1,8,4,2,3,5,21,14,0,Kobe Bryant,Regular Season,2007-08
22007,977,0020700843,"Feb 26, 2008",LAL vs. POR,W,45,11,25,0.44,1,4,0.25,7,8,0.875,1,8,9,7,2,0,3,5,30,11,0,Kobe Bryant,Regular Season,2007-08
22007,977,0020700830,"Feb 24, 2008",LAL @ SEA,W,26,8,13,0.615,3,5,0.6,2,3,0.667,0,4,4,10,3,0,1,1,21,24,0,Kobe Bryant,Regular Season,2007-08
22007,977,0020700822,"Feb 23, 2008",LAL @ LAC,W,42,5,11,0.455,0,3,0.0,7,9,0.778,1,4,5,7,2,0,5,5,17,25,0,Kobe Bryant,Regular Season,2007-08
22007,977,0020700796,"Feb 20, 2008",LAL @ PHX,W,46,16,25,0.64,1,2,0.5,8,10,0.8,1,4,5,3,2,2,5,3,41,6,0,Kobe Bryant,Regular Season,2007-08
22007,977,0020700789,"Feb 19, 2008",LAL vs. ATL,W,30,8,16,0.5,1,4,0.25,6,6,1.0,3,2,5,3,5,0,1,2,23,24,0,Kobe Bryant,Regular Season,2007-08
22007,977,0020700772,"Feb 13, 2008",LAL @ MIN,W,35,7,18,0.389,2,7,0.286,13,13,1.0,1,4,5,5,1,1,1,1,29,32,0,Kobe Bryant,Regular Season,2007-08
22007,977,0020700753,"Feb 11, 2008",LAL @ CHA,W,41,9,17,0.529,4,7,0.571,9,9,1.0,0,2,2,4,4,2,4,3,31,6,0,Kobe Bryant,Regular Season,2007-08
22007,977,0020700745,"Feb 10, 2008",LAL @ MIA,W,42,10,15,0.667,2,5,0.4,11,11,1.0,0,3,3,5,2,0,4,4,33,7,0,Kobe Bryant,Regular Season,2007-08
22007,977,0020700728,"Feb 08, 2008",LAL @ ORL,W,46,11,26,0.423,0,2,0.0,14,16,0.875,1,9,10,6,0,1,4,3,36,6,0,Kobe Bryant,Regular Season,2007-08
22007,977,0020700713,"Feb 06, 2008",LAL @ ATL,L,37,4,16,0.25,0,2,0.0,3,5,0.6,0,1,1,10,1,0,1,2,11,-7,0,Kobe Bryant,Regular Season,2007-08
22007,977,0020700710,"Feb 05, 2008",LAL @ NJN,W,40,3,13,0.231,0,2,0.0,0,0,0.0,1,4,5,8,2,2,7,3,6,20,0,Kobe Bryant,Regular Season,2007-08
22007,977,0020700696,"Feb 03, 2008",LAL @ WAS,W,35,10,15,0.667,2,5,0.4,8,11,0.727,1,5,6,2,1,0,3,2,30,22,0,Kobe Bryant,Regular Season,2007-08
22007,977,0020700679,"Feb 01, 2008",LAL @ TOR,W,44,19,28,0.679,4,8,0.5,4,4,1.0,0,7,7,5,1,0,1,2,46,19,0,Kobe Bryant,Regular Season,2007-08
22007,977,0020700675,"Jan 31, 2008",LAL @ DET,L,47,12,25,0.48,2,4,0.5,13,15,0.867,3,7,10,5,2,1,11,2,39,3,0,Kobe Bryant,Regular Season,2007-08
22007,977,0020700664,"Jan 29, 2008",LAL vs. NYK,W,44,10,21,0.476,1,4,0.25,3,6,0.5,2,6,8,11,0,1,4,3,24,7,0,Kobe Bryant,Regular Season,2007-08
22007,977,0020700643,"Jan 27, 2008",LAL vs. CLE,L,43,10,21,0.476,0,1,0.0,13,18,0.722,2,10,12,6,0,1,3,3,33,8,0,Kobe Bryant,Regular Season,2007-08
22007,977,0020700633,"Jan 25, 2008",LAL @ DAL,L,45,11,19,0.579,1,3,0.333,17,21,0.81,0,10,10,5,1,1,3,4,40,-6,0,Kobe Bryant,Regular Season,2007-08
22007,977,0020700618,"Jan 23, 2008",LAL @ SAS,L,45,12,27,0.444,1,2,0.5,4,4,1.0,6,6,12,5,0,0,9,2,29,-12,0,Kobe Bryant,Regular Season,2007-08
22007,977,0020700607,"Jan 21, 2008",LAL vs. DEN,W,39,5,7,0.714,1,2,0.5,6,8,0.75,1,4,5,11,2,0,6,4,17,21,0,Kobe Bryant,Regular Season,2007-08
22007,977,0020700572,"Jan 17, 2008",LAL vs. PHX,L,39,10,22,0.455,4,10,0.4,6,8,0.75,2,5,7,4,2,0,2,2,30,-8,0,Kobe Bryant,Regular Season,2007-08
22007,977,0020700553,"Jan 14, 2008",LAL @ SEA,W,42,21,44,0.477,2,8,0.25,4,7,0.571,0,2,2,2,1,0,1,1,48,-3,0,Kobe Bryant,Regular Season,2007-08
22007,977,0020700546,"Jan 13, 2008",LAL vs. MEM,W,36,10,25,0.4,3,10,0.3,14,15,0.933,2,1,3,4,4,0,1,1,37,2,0,Kobe Bryant,Regular Season,2007-08
22007,977,0020700531,"Jan 11, 2008",LAL vs. MIL,W,37,12,25,0.48,5,9,0.556,8,8,1.0,2,3,5,7,2,0,1,4,37,19,0,Kobe Bryant,Regular Season,2007-08
22007,977,0020700515,"Jan 09, 2008",LAL @ NOH,W,33,8,16,0.5,2,4,0.5,1,2,0.5,0,7,7,7,3,0,1,0,19,16,0,Kobe Bryant,Regular Season,2007-08
22007,977,0020700504,"Jan 08, 2008",LAL @ MEM,W,40,8,22,0.364,1,4,0.25,8,11,0.727,1,2,3,6,5,0,3,4,25,13,0,Kobe Bryant,Regular Season,2007-08
22007,977,0020700497,"Jan 06, 2008",LAL vs. IND,W,36,8,21,0.381,2,3,0.667,8,8,1.0,0,2,2,6,3,0,4,3,26,32,0,Kobe Bryant,Regular Season,2007-08
22007,977,0020700482,"Jan 04, 2008",LAL vs. PHI,W,29,5,9,0.556,0,1,0.0,5,5,1.0,1,5,6,4,0,0,3,2,15,20,0,Kobe Bryant,Regular Season,2007-08
22007,977,0020700448,"Dec 30, 2007",LAL vs. BOS,L,37,6,25,0.24,0,6,0.0,10,11,0.909,2,4,6,3,0,1,3,5,22,-10,0,Kobe Bryant,Regular Season,2007-08
22007,977,0020700432,"Dec 28, 2007",LAL vs. UTA,W,29,11,18,0.611,6,9,0.667,3,4,0.75,0,4,4,7,4,0,5,3,31,20,0,Kobe Bryant,Regular Season,2007-08
22007,977,0020700406,"Dec 25, 2007",LAL vs. PHX,W,41,12,20,0.6,1,3,0.333,13,14,0.929,2,3,5,7,2,0,8,4,38,9,0,Kobe Bryant,Regular Season,2007-08
22007,977,0020700400,"Dec 23, 2007",LAL @ NYK,W,41,14,28,0.5,5,12,0.417,6,7,0.857,2,9,11,8,2,0,2,2,39,19,0,Kobe Bryant,Regular Season,2007-08
22007,977,0020700382,"Dec 21, 2007",LAL @ PHI,W,39,6,20,0.3,2,5,0.4,5,5,1.0,2,5,7,3,2,1,4,2,19,6,0,Kobe Bryant,Regular Season,2007-08
22007,977,0020700379,"Dec 20, 2007",LAL @ CLE,L,40,8,22,0.364,0,3,0.0,5,8,0.625,1,4,5,5,1,0,2,2,21,8,0,Kobe Bryant,Regular Season,2007-08
22007,977,0020700363,"Dec 18, 2007",LAL @ CHI,W,36,7,19,0.368,0,3,0.0,4,4,1.0,1,5,6,2,3,1,2,2,18,13,0,Kobe Bryant,Regular Season,2007-08
22007,977,0020700353,"Dec 16, 2007",LAL vs. LAC,W,36,11,22,0.5,2,6,0.333,8,9,0.889,2,6,8,3,1,1,4,2,32,31,0,Kobe Bryant,Regular Season,2007-08
22007,977,0020700338,"Dec 14, 2007",LAL @ GSW,L,37,6,23,0.261,0,6,0.0,9,11,0.818,1,5,6,5,2,1,5,2,21,1,0,Kobe Bryant,Regular Season,2007-08
22007,977,0020700326,"Dec 13, 2007",LAL vs. SAS,W,38,10,24,0.417,1,4,0.25,9,10,0.9,1,6,7,3,4,0,1,1,30,-7,0,Kobe Bryant,Regular Season,2007-08
22007,977,0020700300,"Dec 09, 2007",LAL vs. GSW,W,38,9,23,0.391,2,6,0.333,8,10,0.8,0,6,6,8,3,1,3,2,28,22,0,Kobe Bryant,Regular Season,2007-08
22007,977,0020700270,"Dec 05, 2007",LAL @ DEN,W,31,10,19,0.526,0,3,0.0,5,6,0.833,1,7,8,5,2,1,1,4,25,9,0,Kobe Bryant,Regular Season,2007-08
22007,977,0020700259,"Dec 04, 2007",LAL @ MIN,W,29,6,12,0.5,2,5,0.4,6,9,0.667,1,2,3,5,4,0,4,2,20,16,0,Kobe Bryant,Regular Season,2007-08
22007,977,0020700249,"Dec 02, 2007",LAL vs. ORL,L,42,10,26,0.385,4,9,0.444,4,4,1.0,2,4,6,5,2,0,4,0,28,-9,0,Kobe Bryant,Regular Season,2007-08
22007,977,0020700231,"Nov 30, 2007",LAL @ UTA,L,35,10,19,0.526,3,5,0.6,5,6,0.833,1,3,4,3,0,0,2,4,28,-20,0,Kobe Bryant,Regular Season,2007-08
22007,977,0020700222,"Nov 29, 2007",LAL vs. DEN,W,30,10,18,0.556,0,3,0.0,4,5,0.8,3,3,6,7,1,0,2,1,24,7,0,Kobe Bryant,Regular Season,2007-08
22007,977,0020700210,"Nov 27, 2007",LAL vs. SEA,W,35,12,22,0.545,1,3,0.333,10,12,0.833,2,6,8,6,0,0,3,2,35,16,0,Kobe Bryant,Regular Season,2007-08
22007,977,0020700196,"Nov 25, 2007",LAL vs. NJN,L,41,7,21,0.333,2,5,0.4,15,16,0.938,0,3,3,7,4,0,2,3,31,9,0,Kobe Bryant,Regular Season,2007-08
22007,977,0020700172,"Nov 23, 2007",LAL @ BOS,L,37,9,21,0.429,3,7,0.429,7,9,0.778,0,4,4,3,0,0,2,4,28,-14,0,Kobe Bryant,Regular Season,2007-08
22007,977,0020700162,"Nov 21, 2007",LAL @ MIL,L,43,7,18,0.389,2,8,0.25,11,11,1.0,0,3,3,4,1,0,1,3,27,-8,0,Kobe Bryant,Regular Season,2007-08
22007,977,0020700152,"Nov 20, 2007",LAL @ IND,W,31,8,16,0.5,5,9,0.556,11,11,1.0,0,6,6,4,1,0,2,3,32,17,0,Kobe Bryant,Regular Season,2007-08
22007,977,0020700144,"Nov 18, 2007",LAL vs. CHI,W,32,6,16,0.375,0,2,0.0,6,7,0.857,0,5,5,3,3,0,4,1,18,12,0,Kobe Bryant,Regular Season,2007-08
22007,977,0020700129,"Nov 16, 2007",LAL vs. DET,W,37,6,18,0.333,2,4,0.5,5,5,1.0,0,4,4,7,1,0,2,2,19,0,0,Kobe Bryant,Regular Season,2007-08
22007,977,0020700113,"Nov 14, 2007",LAL @ HOU,W,38,11,23,0.478,2,5,0.4,6,6,1.0,1,7,8,5,1,1,4,2,30,-4,0,Kobe Bryant,Regular Season,2007-08
22007,977,0020700101,"Nov 13, 2007",LAL @ SAS,L,38,9,19,0.474,0,5,0.0,0,0,0.0,0,9,9,5,2,3,3,1,18,-23,0,Kobe Bryant,Regular Season,2007-08
22007,977,0020700076,"Nov 09, 2007",LAL vs. MIN,W,40,9,19,0.474,3,8,0.375,9,10,0.9,1,6,7,7,4,0,5,1,30,9,0,Kobe Bryant,Regular Season,2007-08
22007,977,0020700052,"Nov 06, 2007",LAL vs. NOH,L,37,11,20,0.55,2,6,0.333,4,4,1.0,1,5,6,7,0,3,4,5,28,-17,0,Kobe Bryant,Regular Season,2007-08
22007,977,0020700042,"Nov 04, 2007",LAL vs. UTA,W,43,13,19,0.684,1,2,0.5,6,8,0.75,0,6,6,3,3,2,5,4,33,13,0,Kobe Bryant,Regular Season,2007-08
22007,977,0020700026,"Nov 02, 2007",LAL @ PHX,W,28,6,15,0.4,1,3,0.333,3,3,1.0,3,8,11,4,3,0,5,0,16,27,0,Kobe Bryant,Regular Season,2007-08
22007,977,0020700002,"Oct 30, 2007",LAL vs. HOU,L,43,13,32,0.406,1,3,0.333,18,27,0.667,0,8,8,4,4,1,5,4,45,3,0,Kobe Bryant,Regular Season,2007-08
42007,977,0040700406,"Jun 17, 2008",LAL @ BOS,L,43,7,22,0.318,3,9,0.333,5,5,1.0,1,2,3,1,1,0,4,1,22,-35,0,Kobe Bryant,Playoffs,2007-08
42007,977,0040700405,"Jun 15, 2008",LAL vs. BOS,W,44,8,21,0.381,4,9,0.444,5,7,0.714,3,4,7,4,5,0,6,4,25,8,0,Kobe Bryant,Playoffs,2007-08
42007,977,0040700404,"Jun 12, 2008",LAL vs. BOS,L,43,6,19,0.316,0,2,0.0,5,6,0.833,0,4,4,10,4,0,2,4,17,-9,0,Kobe Bryant,Playoffs,2007-08
42007,977,0040700403,"Jun 10, 2008",LAL vs. BOS,W,45,12,20,0.6,1,2,0.5,11,18,0.611,3,4,7,1,2,0,3,4,36,2,0,Kobe Bryant,Playoffs,2007-08
42007,977,0040700402,"Jun 08, 2008",LAL @ BOS,L,40,11,23,0.478,1,3,0.333,7,7,1.0,1,3,4,8,3,0,4,3,30,8,0,Kobe Bryant,Playoffs,2007-08
42007,977,0040700401,"Jun 05, 2008",LAL @ BOS,L,42,9,26,0.346,0,3,0.0,6,6,1.0,0,3,3,6,1,1,4,3,24,-13,0,Kobe Bryant,Playoffs,2007-08
42007,977,0040700315,"May 29, 2008",LAL vs. SAS,W,43,16,30,0.533,2,6,0.333,5,5,1.0,0,3,3,3,2,0,2,2,39,6,0,Kobe Bryant,Playoffs,2007-08
42007,977,0040700314,"May 27, 2008",LAL @ SAS,W,41,14,29,0.483,0,1,0.0,0,0,0.0,2,8,10,1,1,0,2,1,28,5,0,Kobe Bryant,Playoffs,2007-08
42007,977,0040700313,"May 25, 2008",LAL @ SAS,L,38,13,23,0.565,4,9,0.444,0,1,0.0,1,4,5,1,3,0,4,3,30,-10,0,Kobe Bryant,Playoffs,2007-08
42007,977,0040700312,"May 23, 2008",LAL vs. SAS,W,36,10,17,0.588,1,5,0.2,1,1,1.0,0,5,5,5,1,0,3,0,22,24,0,Kobe Bryant,Playoffs,2007-08
42007,977,0040700311,"May 21, 2008",LAL vs. SAS,W,44,11,21,0.524,1,3,0.333,4,4,1.0,0,5,5,9,1,0,1,1,27,2,0,Kobe Bryant,Playoffs,2007-08
42007,977,0040700226,"May 16, 2008",LAL @ UTA,W,40,9,19,0.474,1,2,0.5,15,17,0.882,0,8,8,6,0,0,5,4,34,7,0,Kobe Bryant,Playoffs,2007-08
42007,977,0040700225,"May 14, 2008",LAL vs. UTA,W,41,6,10,0.6,1,2,0.5,13,17,0.765,0,6,6,7,2,0,4,3,26,1,0,Kobe Bryant,Playoffs,2007-08
42007,977,0040700224,"May 11, 2008",LAL @ UTA,L,47,13,33,0.394,1,10,0.1,6,10,0.6,2,6,8,10,1,0,3,1,33,-7,0,Kobe Bryant,Playoffs,2007-08
42007,977,0040700223,"May 09, 2008",LAL @ UTA,L,42,10,20,0.5,0,6,0.0,14,17,0.824,2,4,6,7,0,1,4,4,34,3,0,Kobe Bryant,Playoffs,2007-08
42007,977,0040700222,"May 07, 2008",LAL vs. UTA,W,38,11,18,0.611,1,2,0.5,11,12,0.917,0,8,8,6,1,0,5,4,34,18,0,Kobe Bryant,Playoffs,2007-08
42007,977,0040700221,"May 04, 2008",LAL vs. UTA,W,40,8,16,0.5,1,2,0.5,21,23,0.913,0,6,6,7,1,0,3,3,38,7,0,Kobe Bryant,Playoffs,2007-08
42007,977,0040700144,"Apr 28, 2008",LAL @ DEN,W,41,12,24,0.5,3,8,0.375,4,10,0.4,1,6,7,6,3,2,6,3,31,10,0,Kobe Bryant,Playoffs,2007-08
42007,977,0040700143,"Apr 26, 2008",LAL @ DEN,W,36,9,19,0.474,1,8,0.125,3,5,0.6,1,6,7,8,1,1,2,2,22,21,0,Kobe Bryant,Playoffs,2007-08
42007,977,0040700142,"Apr 23, 2008",LAL vs. DEN,W,42,18,27,0.667,5,9,0.556,8,9,0.889,1,3,4,10,1,1,2,4,49,13,0,Kobe Bryant,Playoffs,2007-08
42007,977,0040700141,"Apr 20, 2008",LAL vs. DEN,W,37,9,26,0.346,1,5,0.2,13,14,0.929,0,3,3,1,1,2,1,5,32,3,0,Kobe Bryant,Playoffs,2007-08
22008,977,0020801216,"Apr 14, 2009",LAL vs. UTA,W,26,5,11,0.455,1,2,0.5,5,7,0.714,1,0,1,5,2,0,1,3,16,10,0,Kobe Bryant,Regular Season,2008-09
22008,977,0020801201,"Apr 12, 2009",LAL vs. MEM,W,29,7,9,0.778,0,2,0.0,2,2,1.0,2,5,7,4,2,1,1,2,16,7,0,Kobe Bryant,Regular Season,2008-09
22008,977,0020801186,"Apr 10, 2009",LAL @ POR,L,36,9,24,0.375,3,6,0.5,11,12,0.917,0,5,5,2,0,0,3,5,32,-7,0,Kobe Bryant,Regular Season,2008-09
22008,977,0020801175,"Apr 09, 2009",LAL vs. DEN,W,35,11,19,0.579,2,5,0.4,9,10,0.9,1,2,3,2,1,0,2,0,33,15,0,Kobe Bryant,Regular Season,2008-09
22008,977,0020801160,"Apr 07, 2009",LAL @ SAC,W,31,8,16,0.5,1,5,0.2,5,8,0.625,0,5,5,4,2,0,0,2,22,6,0,Kobe Bryant,Regular Season,2008-09
22008,977,0020801152,"Apr 05, 2009",LAL vs. LAC,W,34,5,15,0.333,3,6,0.5,5,8,0.625,1,3,4,5,1,1,2,3,18,0,0,Kobe Bryant,Regular Season,2008-09
22008,977,0020801134,"Apr 03, 2009",LAL vs. HOU,W,39,7,11,0.636,4,6,0.667,2,2,1.0,0,1,1,7,2,0,3,0,20,16,0,Kobe Bryant,Regular Season,2008-09
22008,977,0020801117,"Apr 01, 2009",LAL @ MIL,W,39,10,19,0.526,1,2,0.5,9,9,1.0,1,7,8,4,3,0,4,1,30,14,0,Kobe Bryant,Regular Season,2008-09
22008,977,0020801104,"Mar 31, 2009",LAL @ CHA,L,36,11,28,0.393,2,5,0.4,1,3,0.333,0,2,2,2,3,0,1,3,25,-10,0,Kobe Bryant,Regular Season,2008-09
22008,977,0020801092,"Mar 29, 2009",LAL @ ATL,L,37,7,19,0.368,1,6,0.167,2,4,0.5,2,6,8,4,1,0,4,3,17,-2,0,Kobe Bryant,Regular Season,2008-09
22008,977,0020801078,"Mar 27, 2009",LAL @ NJN,W,41,5,19,0.263,3,6,0.5,1,1,1.0,1,0,1,9,3,1,3,3,14,20,0,Kobe Bryant,Regular Season,2008-09
22008,977,0020801070,"Mar 26, 2009",LAL @ DET,W,38,10,18,0.556,1,3,0.333,9,10,0.9,2,6,8,7,2,0,1,3,30,27,0,Kobe Bryant,Regular Season,2008-09
22008,977,0020801056,"Mar 24, 2009",LAL @ OKC,W,29,6,18,0.333,1,4,0.25,6,6,1.0,0,3,3,5,4,2,0,3,19,22,0,Kobe Bryant,Regular Season,2008-09
22008,977,0020801038,"Mar 21, 2009",LAL @ CHI,W,37,10,25,0.4,2,6,0.333,6,10,0.6,1,2,3,7,5,1,3,2,28,3,0,Kobe Bryant,Regular Season,2008-09
22008,977,0020801022,"Mar 19, 2009",LAL vs. GSW,W,39,9,25,0.36,2,6,0.333,1,1,1.0,3,3,6,2,2,0,5,1,21,-3,0,Kobe Bryant,Regular Season,2008-09
22008,977,0020801008,"Mar 17, 2009",LAL vs. PHI,L,33,5,15,0.333,1,4,0.25,0,0,0.0,0,5,5,5,2,0,5,4,11,-9,0,Kobe Bryant,Regular Season,2008-09
22008,977,0020800991,"Mar 15, 2009",LAL vs. DAL,W,41,11,20,0.55,3,6,0.5,3,3,1.0,0,8,8,5,1,1,1,4,28,22,0,Kobe Bryant,Regular Season,2008-09
22008,977,0020800966,"Mar 12, 2009",LAL @ SAS,W,38,9,21,0.429,1,2,0.5,4,4,1.0,0,4,4,6,0,1,2,3,23,17,0,Kobe Bryant,Regular Season,2008-09
22008,977,0020800962,"Mar 11, 2009",LAL @ HOU,W,40,14,23,0.609,2,3,0.667,7,10,0.7,1,4,5,6,4,2,4,2,37,10,0,Kobe Bryant,Regular Season,2008-09
22008,977,0020800948,"Mar 09, 2009",LAL @ POR,L,39,11,29,0.379,2,9,0.222,2,2,1.0,0,3,3,3,1,1,1,5,26,-20,0,Kobe Bryant,Regular Season,2008-09
22008,977,0020800925,"Mar 06, 2009",LAL vs. MIN,W,28,8,17,0.471,2,6,0.333,5,5,1.0,0,2,2,4,1,0,1,1,23,18,0,Kobe Bryant,Regular Season,2008-09
22008,977,0020800904,"Mar 03, 2009",LAL vs. MEM,W,30,12,23,0.522,1,5,0.2,6,6,1.0,0,2,2,2,1,0,0,3,31,12,0,Kobe Bryant,Regular Season,2008-09
22008,977,0020800884,"Mar 01, 2009",LAL @ PHX,L,39,18,38,0.474,3,9,0.333,10,10,1.0,4,7,11,2,1,1,1,5,49,-11,0,Kobe Bryant,Regular Season,2008-09
22008,977,0020800871,"Feb 27, 2009",LAL @ DEN,L,40,10,31,0.323,0,6,0.0,9,12,0.75,5,3,8,2,0,1,2,3,29,4,0,Kobe Bryant,Regular Season,2008-09
22008,977,0020800862,"Feb 26, 2009",LAL vs. PHX,W,27,10,13,0.769,1,2,0.5,1,2,0.5,1,3,4,8,3,0,1,3,22,26,0,Kobe Bryant,Regular Season,2008-09
22008,977,0020800846,"Feb 24, 2009",LAL @ OKC,W,34,13,21,0.619,0,3,0.0,10,13,0.769,0,4,4,5,1,0,4,0,36,17,0,Kobe Bryant,Regular Season,2008-09
22008,977,0020800834,"Feb 22, 2009",LAL @ MIN,W,37,11,21,0.524,0,2,0.0,6,7,0.857,0,6,6,7,1,0,6,2,28,0,0,Kobe Bryant,Regular Season,2008-09
22008,977,0020800821,"Feb 20, 2009",LAL vs. NOH,W,45,13,30,0.433,1,2,0.5,12,12,1.0,1,4,5,5,1,1,2,2,39,19,0,Kobe Bryant,Regular Season,2008-09
22008,977,0020800807,"Feb 18, 2009",LAL @ GSW,W,36,9,22,0.409,2,3,0.667,10,12,0.833,1,2,3,9,3,2,2,2,30,12,0,Kobe Bryant,Regular Season,2008-09
22008,977,0020800797,"Feb 17, 2009",LAL vs. ATL,W,29,4,12,0.333,2,4,0.5,0,0,0.0,2,2,4,2,0,2,4,0,10,18,0,Kobe Bryant,Regular Season,2008-09
22008,977,0020800782,"Feb 11, 2009",LAL @ UTA,L,36,14,33,0.424,1,7,0.143,8,8,1.0,2,2,4,4,4,0,4,3,37,-1,0,Kobe Bryant,Regular Season,2008-09
22008,977,0020800772,"Feb 10, 2009",LAL vs. OKC,W,36,13,26,0.5,0,3,0.0,8,8,1.0,3,4,7,1,0,0,3,1,34,4,0,Kobe Bryant,Regular Season,2008-09
22008,977,0020800751,"Feb 08, 2009",LAL @ CLE,W,35,8,17,0.471,0,2,0.0,3,3,1.0,0,3,3,2,1,0,2,2,19,4,0,Kobe Bryant,Regular Season,2008-09
22008,977,0020800732,"Feb 05, 2009",LAL @ BOS,W,45,10,29,0.345,4,8,0.5,2,4,0.5,2,8,10,5,1,2,3,2,26,-3,0,Kobe Bryant,Regular Season,2008-09
22008,977,0020800721,"Feb 04, 2009",LAL @ TOR,W,38,13,28,0.464,4,8,0.5,6,8,0.75,1,8,9,5,2,0,0,0,36,4,0,Kobe Bryant,Regular Season,2008-09
22008,977,0020800709,"Feb 02, 2009",LAL @ NYK,W,37,19,31,0.613,3,6,0.5,20,20,1.0,0,0,0,3,0,1,2,1,61,19,0,Kobe Bryant,Regular Season,2008-09
22008,977,0020800695,"Jan 31, 2009",LAL @ MEM,W,35,10,20,0.5,0,1,0.0,5,7,0.714,0,1,1,7,3,0,1,1,25,11,0,Kobe Bryant,Regular Season,2008-09
22008,977,0020800687,"Jan 30, 2009",LAL @ MIN,W,35,12,23,0.522,1,7,0.143,5,6,0.833,2,6,8,5,0,0,2,3,30,11,0,Kobe Bryant,Regular Season,2008-09
22008,977,0020800666,"Jan 27, 2009",LAL vs. CHA,L,45,15,28,0.536,1,3,0.333,7,8,0.875,2,6,8,5,1,0,2,6,38,2,0,Kobe Bryant,Regular Season,2008-09
22008,977,0020800647,"Jan 25, 2009",LAL vs. SAS,W,32,8,17,0.471,2,3,0.667,4,4,1.0,0,4,4,3,1,1,1,2,22,11,0,Kobe Bryant,Regular Season,2008-09
22008,977,0020800629,"Jan 22, 2009",LAL vs. WAS,W,28,4,11,0.364,1,3,0.333,2,2,1.0,0,4,4,5,0,0,0,2,11,24,0,Kobe Bryant,Regular Season,2008-09
22008,977,0020800627,"Jan 21, 2009",LAL @ LAC,W,41,5,15,0.333,2,7,0.286,6,6,1.0,2,8,10,12,1,0,4,3,18,10,0,Kobe Bryant,Regular Season,2008-09
22008,977,0020800612,"Jan 19, 2009",LAL vs. CLE,W,41,9,22,0.409,1,5,0.2,1,3,0.333,1,5,6,12,1,1,5,1,20,16,0,Kobe Bryant,Regular Season,2008-09
22008,977,0020800589,"Jan 16, 2009",LAL vs. ORL,L,41,10,26,0.385,1,5,0.2,7,8,0.875,2,11,13,11,2,0,6,3,28,-8,0,Kobe Bryant,Regular Season,2008-09
22008,977,0020800574,"Jan 14, 2009",LAL @ SAS,L,42,11,19,0.579,2,3,0.667,5,6,0.833,1,6,7,10,0,1,4,1,29,-2,0,Kobe Bryant,Regular Season,2008-09
22008,977,0020800562,"Jan 13, 2009",LAL @ HOU,W,42,13,32,0.406,1,4,0.25,6,9,0.667,1,6,7,4,0,0,2,1,33,-1,0,Kobe Bryant,Regular Season,2008-09
22008,977,0020800552,"Jan 11, 2009",LAL vs. MIA,W,37,5,14,0.357,2,4,0.5,7,7,1.0,0,2,2,7,0,0,4,3,19,11,0,Kobe Bryant,Regular Season,2008-09
22008,977,0020800538,"Jan 09, 2009",LAL vs. IND,W,42,10,20,0.5,1,4,0.25,15,17,0.882,1,6,7,13,1,0,5,3,36,7,0,Kobe Bryant,Regular Season,2008-09
22008,977,0020800525,"Jan 07, 2009",LAL @ GSW,W,39,9,20,0.45,2,5,0.4,1,1,1.0,1,4,5,5,2,0,3,3,21,5,0,Kobe Bryant,Regular Season,2008-09
22008,977,0020800513,"Jan 06, 2009",LAL vs. NOH,L,42,14,22,0.636,6,7,0.857,5,6,0.833,0,4,4,7,0,1,4,1,39,-8,0,Kobe Bryant,Regular Season,2008-09
22008,977,0020800500,"Jan 04, 2009",LAL vs. POR,W,33,11,19,0.579,0,2,0.0,4,5,0.8,0,2,2,3,1,0,4,1,26,17,0,Kobe Bryant,Regular Season,2008-09
22008,977,0020800487,"Jan 02, 2009",LAL vs. UTA,W,38,13,23,0.565,2,3,0.667,12,14,0.857,3,4,7,4,2,1,2,3,40,19,0,Kobe Bryant,Regular Season,2008-09
22008,977,0020800449,"Dec 28, 2008",LAL vs. GSW,W,32,9,15,0.6,3,6,0.5,10,10,1.0,1,2,3,4,4,0,2,2,31,19,0,Kobe Bryant,Regular Season,2008-09
22008,977,0020800423,"Dec 25, 2008",LAL vs. BOS,W,43,13,23,0.565,1,3,0.333,0,0,0.0,2,7,9,5,1,0,4,2,27,2,0,Kobe Bryant,Regular Season,2008-09
22008,977,0020800417,"Dec 23, 2008",LAL @ NOH,W,37,7,18,0.389,0,1,0.0,12,15,0.8,0,6,6,4,0,0,0,2,26,14,0,Kobe Bryant,Regular Season,2008-09
22008,977,0020800405,"Dec 22, 2008",LAL @ MEM,W,38,14,23,0.609,3,6,0.5,5,8,0.625,0,4,4,3,2,0,5,1,36,9,0,Kobe Bryant,Regular Season,2008-09
22008,977,0020800390,"Dec 20, 2008",LAL @ ORL,L,43,14,31,0.452,2,3,0.667,11,11,1.0,2,6,8,3,0,0,1,3,41,-9,0,Kobe Bryant,Regular Season,2008-09
22008,977,0020800385,"Dec 19, 2008",LAL @ MIA,L,35,12,24,0.5,1,3,0.333,3,4,0.75,1,2,3,3,0,0,5,3,28,-6,0,Kobe Bryant,Regular Season,2008-09
22008,977,0020800365,"Dec 16, 2008",LAL vs. NYK,W,41,12,22,0.545,1,3,0.333,3,4,0.75,1,6,7,6,4,0,1,0,28,5,0,Kobe Bryant,Regular Season,2008-09
22008,977,0020800350,"Dec 14, 2008",LAL vs. MIN,W,37,9,24,0.375,2,6,0.333,6,6,1.0,0,3,3,5,2,0,2,2,26,14,0,Kobe Bryant,Regular Season,2008-09
22008,977,0020800336,"Dec 12, 2008",LAL vs. SAC,W,39,11,21,0.524,2,4,0.5,8,10,0.8,2,5,7,3,0,1,4,2,32,11,0,Kobe Bryant,Regular Season,2008-09
22008,977,0020800322,"Dec 10, 2008",LAL vs. PHX,W,34,6,16,0.375,2,5,0.4,4,4,1.0,0,7,7,3,1,0,5,2,18,-7,0,Kobe Bryant,Regular Season,2008-09
22008,977,0020800313,"Dec 09, 2008",LAL @ SAC,L,38,9,25,0.36,3,8,0.375,7,7,1.0,2,2,4,3,0,0,2,2,28,-15,0,Kobe Bryant,Regular Season,2008-09
22008,977,0020800300,"Dec 07, 2008",LAL vs. MIL,W,31,6,13,0.462,0,1,0.0,8,9,0.889,2,3,5,8,2,0,4,2,20,25,0,Kobe Bryant,Regular Season,2008-09
22008,977,0020800277,"Dec 05, 2008",LAL @ WAS,W,35,5,17,0.294,0,1,0.0,13,14,0.929,2,5,7,7,0,0,2,2,23,16,0,Kobe Bryant,Regular Season,2008-09
22008,977,0020800267,"Dec 03, 2008",LAL @ PHI,W,37,12,20,0.6,1,3,0.333,7,7,1.0,0,6,6,4,2,0,4,4,32,10,0,Kobe Bryant,Regular Season,2008-09
22008,977,0020800255,"Dec 02, 2008",LAL @ IND,L,37,10,21,0.476,0,5,0.0,8,10,0.8,2,5,7,2,1,0,1,2,28,-3,0,Kobe Bryant,Regular Season,2008-09
22008,977,0020800251,"Nov 30, 2008",LAL vs. TOR,W,30,9,14,0.643,0,2,0.0,5,5,1.0,1,4,5,7,1,0,3,2,23,7,0,Kobe Bryant,Regular Season,2008-09
22008,977,0020800235,"Nov 28, 2008",LAL vs. DAL,W,40,14,26,0.538,1,4,0.25,6,6,1.0,2,4,6,5,1,1,3,2,35,12,0,Kobe Bryant,Regular Season,2008-09
22008,977,0020800209,"Nov 25, 2008",LAL vs. NJN,W,28,5,17,0.294,0,2,0.0,2,2,1.0,0,6,6,4,1,0,0,2,12,2,0,Kobe Bryant,Regular Season,2008-09
22008,977,0020800197,"Nov 23, 2008",LAL vs. SAC,W,34,10,20,0.5,0,1,0.0,4,4,1.0,1,3,4,6,3,1,3,2,24,21,0,Kobe Bryant,Regular Season,2008-09
22008,977,0020800183,"Nov 21, 2008",LAL vs. DEN,W,30,12,18,0.667,1,3,0.333,4,5,0.8,2,2,4,2,2,0,1,3,29,13,0,Kobe Bryant,Regular Season,2008-09
22008,977,0020800170,"Nov 20, 2008",LAL @ PHX,W,33,8,23,0.348,1,5,0.2,7,9,0.778,1,4,5,3,0,1,2,0,24,17,0,Kobe Bryant,Regular Season,2008-09
22008,977,0020800158,"Nov 18, 2008",LAL vs. CHI,W,31,9,18,0.5,3,6,0.5,0,0,0.0,1,4,5,6,3,2,1,3,21,22,0,Kobe Bryant,Regular Season,2008-09
22008,977,0020800131,"Nov 14, 2008",LAL vs. DET,L,39,12,30,0.4,2,7,0.286,3,4,0.75,0,5,5,6,4,1,3,5,29,-1,0,Kobe Bryant,Regular Season,2008-09
22008,977,0020800112,"Nov 12, 2008",LAL @ NOH,W,38,5,15,0.333,1,1,1.0,9,9,1.0,0,4,4,6,0,0,2,4,20,4,0,Kobe Bryant,Regular Season,2008-09
22008,977,0020800102,"Nov 11, 2008",LAL @ DAL,W,36,10,20,0.5,0,2,0.0,7,8,0.875,1,3,4,1,1,0,1,1,27,-6,0,Kobe Bryant,Regular Season,2008-09
22008,977,0020800092,"Nov 09, 2008",LAL vs. HOU,W,33,10,17,0.588,1,2,0.5,2,4,0.5,2,1,3,3,2,2,4,3,23,10,0,Kobe Bryant,Regular Season,2008-09
22008,977,0020800063,"Nov 05, 2008",LAL vs. LAC,W,36,8,21,0.381,0,2,0.0,11,14,0.786,1,1,2,3,2,2,2,3,27,15,0,Kobe Bryant,Regular Season,2008-09
22008,977,0020800037,"Nov 01, 2008",LAL @ DEN,W,33,11,24,0.458,1,2,0.5,10,12,0.833,3,1,4,3,2,0,1,4,33,13,0,Kobe Bryant,Regular Season,2008-09
22008,977,0020800015,"Oct 29, 2008",LAL @ LAC,W,31,5,12,0.417,0,2,0.0,6,7,0.857,2,6,8,3,2,0,5,2,16,23,0,Kobe Bryant,Regular Season,2008-09
22008,977,0020800003,"Oct 28, 2008",LAL vs. POR,W,33,9,17,0.529,1,1,1.0,4,5,0.8,2,9,11,5,1,0,5,3,23,17,0,Kobe Bryant,Regular Season,2008-09
42008,977,0040800405,"Jun 14, 2009",LAL @ ORL,W,43,10,23,0.435,2,5,0.4,8,8,1.0,0,6,6,5,2,4,1,2,30,14,0,Kobe Bryant,Playoffs,2008-09
42008,977,0040800404,"Jun 11, 2009",LAL @ ORL,W,49,11,31,0.355,2,6,0.333,8,8,1.0,1,6,7,8,1,1,3,3,32,11,0,Kobe Bryant,Playoffs,2008-09
42008,977,0040800403,"Jun 09, 2009",LAL @ ORL,L,40,11,25,0.44,4,9,0.444,5,10,0.5,1,2,3,8,0,0,4,5,31,-3,0,Kobe Bryant,Playoffs,2008-09
42008,977,0040800402,"Jun 07, 2009",LAL vs. ORL,W,49,10,22,0.455,1,4,0.25,8,10,0.8,0,4,4,8,2,0,7,2,29,2,0,Kobe Bryant,Playoffs,2008-09
42008,977,0040800401,"Jun 04, 2009",LAL vs. ORL,W,38,16,34,0.471,0,1,0.0,8,8,1.0,1,7,8,8,2,2,1,1,40,25,0,Kobe Bryant,Playoffs,2008-09
42008,977,0040800316,"May 29, 2009",LAL @ DEN,W,42,12,20,0.6,2,4,0.5,9,9,1.0,0,6,6,10,0,1,1,1,35,31,0,Kobe Bryant,Playoffs,2008-09
42008,977,0040800315,"May 27, 2009",LAL vs. DEN,W,45,6,13,0.462,1,6,0.167,9,10,0.9,1,4,5,8,1,0,7,3,22,11,0,Kobe Bryant,Playoffs,2008-09
42008,977,0040800314,"May 25, 2009",LAL @ DEN,L,41,10,26,0.385,2,10,0.2,12,13,0.923,1,6,7,5,1,0,1,3,34,-11,0,Kobe Bryant,Playoffs,2008-09
42008,977,0040800313,"May 23, 2009",LAL @ DEN,W,41,12,24,0.5,2,5,0.4,15,17,0.882,1,5,6,5,2,0,1,4,41,3,0,Kobe Bryant,Playoffs,2008-09
42008,977,0040800312,"May 21, 2009",LAL vs. DEN,L,40,10,20,0.5,2,4,0.5,10,10,1.0,2,3,5,3,1,1,2,4,32,0,0,Kobe Bryant,Playoffs,2008-09
42008,977,0040800311,"May 19, 2009",LAL vs. DEN,W,43,13,28,0.464,2,3,0.667,12,13,0.923,3,3,6,4,0,1,1,3,40,-5,0,Kobe Bryant,Playoffs,2008-09
42008,977,0040800227,"May 17, 2009",LAL vs. HOU,W,33,4,12,0.333,1,4,0.25,5,6,0.833,1,6,7,5,3,2,1,4,14,20,0,Kobe Bryant,Playoffs,2008-09
42008,977,0040800226,"May 14, 2009",LAL @ HOU,L,38,11,27,0.407,1,5,0.2,9,10,0.9,1,1,2,3,1,3,2,2,32,-11,0,Kobe Bryant,Playoffs,2008-09
42008,977,0040800225,"May 12, 2009",LAL vs. HOU,W,31,10,19,0.526,1,3,0.333,5,6,0.833,0,4,4,3,1,1,4,3,26,30,0,Kobe Bryant,Playoffs,2008-09
42008,977,0040800224,"May 10, 2009",LAL @ HOU,L,35,7,17,0.412,1,4,0.25,0,0,0.0,0,2,2,5,4,0,0,1,15,-12,0,Kobe Bryant,Playoffs,2008-09
42008,977,0040800223,"May 08, 2009",LAL @ HOU,W,44,11,28,0.393,4,6,0.667,7,8,0.875,2,4,6,3,2,3,0,2,33,17,0,Kobe Bryant,Playoffs,2008-09
42008,977,0040800222,"May 06, 2009",LAL vs. HOU,W,40,16,27,0.593,2,3,0.667,6,7,0.857,2,4,6,3,1,0,2,1,40,19,0,Kobe Bryant,Playoffs,2008-09
42008,977,0040800221,"May 04, 2009",LAL vs. HOU,L,44,14,31,0.452,1,7,0.143,3,5,0.6,0,8,8,4,2,0,2,3,32,-6,0,Kobe Bryant,Playoffs,2008-09
42008,977,0040800145,"Apr 27, 2009",LAL vs. UTA,W,43,10,21,0.476,3,4,0.75,8,9,0.889,0,2,2,4,4,1,5,2,31,18,0,Kobe Bryant,Playoffs,2008-09
42008,977,0040800144,"Apr 25, 2009",LAL @ UTA,W,40,16,24,0.667,1,2,0.5,5,5,1.0,0,6,6,1,2,0,3,2,38,4,0,Kobe Bryant,Playoffs,2008-09
42008,977,0040800143,"Apr 23, 2009",LAL @ UTA,L,43,5,24,0.208,1,4,0.25,7,8,0.875,2,5,7,6,2,0,2,4,18,-7,0,Kobe Bryant,Playoffs,2008-09
42008,977,0040800142,"Apr 21, 2009",LAL vs. UTA,W,38,8,17,0.471,1,3,0.333,9,10,0.9,0,6,6,9,2,0,3,2,26,17,0,Kobe Bryant,Playoffs,2008-09
42008,977,0040800141,"Apr 19, 2009",LAL vs. UTA,W,40,9,17,0.529,0,4,0.0,6,7,0.857,0,4,4,8,2,1,6,2,24,13,0,Kobe Bryant,Playoffs,2008-09
22009,977,0020901196,"Apr 11, 2010",LAL vs. POR,L,40,8,23,0.348,3,6,0.5,1,3,0.333,0,4,4,2,0,0,1,1,20,-3,0,Kobe Bryant,Regular Season,2009-10
22009,977,0020901142,"Apr 04, 2010",LAL vs. SAS,L,41,8,24,0.333,2,6,0.333,4,6,0.667,3,5,8,6,0,0,4,3,22,-17,0,Kobe Bryant,Regular Season,2009-10
22009,977,0020901131,"Apr 02, 2010",LAL vs. UTA,W,37,5,23,0.217,0,4,0.0,15,18,0.833,3,3,6,3,1,0,2,5,25,20,0,Kobe Bryant,Regular Season,2009-10
22009,977,0020901107,"Mar 31, 2010",LAL @ ATL,L,42,12,21,0.571,2,3,0.667,2,6,0.333,0,3,3,4,0,0,2,2,28,-15,0,Kobe Bryant,Regular Season,2009-10
22009,977,0020901099,"Mar 29, 2010",LAL @ NOH,L,41,10,18,0.556,2,5,0.4,9,11,0.818,2,3,5,6,1,0,3,5,31,-9,0,Kobe Bryant,Regular Season,2009-10
22009,977,0020901085,"Mar 27, 2010",LAL @ HOU,W,36,7,14,0.5,1,2,0.5,2,3,0.667,1,8,9,9,1,0,5,2,17,17,0,Kobe Bryant,Regular Season,2009-10
22009,977,0020901078,"Mar 26, 2010",LAL @ OKC,L,30,4,11,0.364,0,2,0.0,3,3,1.0,1,5,6,3,1,0,9,4,11,-22,0,Kobe Bryant,Regular Season,2009-10
22009,977,0020901066,"Mar 24, 2010",LAL @ SAS,W,42,11,16,0.688,2,2,1.0,0,0,0.0,1,3,4,6,0,0,3,1,24,-3,0,Kobe Bryant,Regular Season,2009-10
22009,977,0020901041,"Mar 21, 2010",LAL vs. WAS,W,40,10,17,0.588,4,7,0.571,0,0,0.0,0,3,3,4,0,0,3,2,24,16,0,Kobe Bryant,Regular Season,2009-10
22009,977,0020901028,"Mar 19, 2010",LAL vs. MIN,W,34,4,11,0.364,1,5,0.2,13,14,0.929,0,4,4,13,4,0,5,3,22,9,0,Kobe Bryant,Regular Season,2009-10
22009,977,0020901004,"Mar 16, 2010",LAL @ SAC,W,41,10,26,0.385,2,5,0.4,8,14,0.571,3,6,9,7,0,0,3,2,30,15,0,Kobe Bryant,Regular Season,2009-10
22009,977,0020900995,"Mar 15, 2010",LAL @ GSW,W,40,9,18,0.5,2,4,0.5,9,11,0.818,1,2,3,4,2,0,9,2,29,7,0,Kobe Bryant,Regular Season,2009-10
22009,977,0020900974,"Mar 12, 2010",LAL @ PHX,W,42,7,16,0.438,1,5,0.2,6,9,0.667,1,9,10,8,1,0,7,2,21,15,0,Kobe Bryant,Regular Season,2009-10
22009,977,0020900952,"Mar 09, 2010",LAL vs. TOR,W,37,11,20,0.55,0,1,0.0,10,11,0.909,1,5,6,6,1,0,4,4,32,3,0,Kobe Bryant,Regular Season,2009-10
22009,977,0020900935,"Mar 07, 2010",LAL @ ORL,L,40,12,30,0.4,2,5,0.4,8,8,1.0,2,5,7,7,3,0,1,3,34,-2,0,Kobe Bryant,Regular Season,2009-10
22009,977,0020900914,"Mar 05, 2010",LAL @ CHA,L,42,9,21,0.429,0,4,0.0,8,9,0.889,2,3,5,2,0,0,3,4,26,-14,0,Kobe Bryant,Regular Season,2009-10
22009,977,0020900912,"Mar 04, 2010",LAL @ MIA,L,46,15,28,0.536,2,7,0.286,7,10,0.7,0,2,2,4,1,1,2,3,39,3,0,Kobe Bryant,Regular Season,2009-10
22009,977,0020900898,"Mar 02, 2010",LAL vs. IND,W,30,5,14,0.357,0,4,0.0,14,15,0.933,0,4,4,6,2,0,3,1,24,18,0,Kobe Bryant,Regular Season,2009-10
22009,977,0020900879,"Feb 28, 2010",LAL vs. DEN,W,43,3,17,0.176,0,2,0.0,8,8,1.0,1,4,5,12,3,2,5,1,14,11,0,Kobe Bryant,Regular Season,2009-10
22009,977,0020900869,"Feb 26, 2010",LAL vs. PHI,W,42,7,16,0.438,0,1,0.0,5,6,0.833,1,3,4,8,2,0,3,2,19,9,0,Kobe Bryant,Regular Season,2009-10
22009,977,0020900852,"Feb 24, 2010",LAL @ DAL,L,40,9,23,0.391,0,3,0.0,2,2,1.0,1,4,5,2,2,0,2,4,20,-3,0,Kobe Bryant,Regular Season,2009-10
22009,977,0020900841,"Feb 23, 2010",LAL @ MEM,W,40,13,19,0.684,3,4,0.75,3,3,1.0,0,7,7,6,3,2,2,2,32,3,0,Kobe Bryant,Regular Season,2009-10
22009,977,0020900740,"Feb 05, 2010",LAL vs. DEN,L,39,11,22,0.5,4,8,0.5,7,8,0.875,0,9,9,0,1,0,5,4,33,4,0,Kobe Bryant,Regular Season,2009-10
22009,977,0020900727,"Feb 03, 2010",LAL vs. CHA,W,37,2,12,0.167,1,5,0.2,0,2,0.0,0,2,2,6,2,0,0,4,5,1,0,Kobe Bryant,Regular Season,2009-10
22009,977,0020900706,"Feb 01, 2010",LAL @ MEM,L,40,16,28,0.571,4,7,0.571,8,13,0.615,0,3,3,3,0,0,3,1,44,5,0,Kobe Bryant,Regular Season,2009-10
22009,977,0020900696,"Jan 31, 2010",LAL @ BOS,W,45,8,20,0.4,1,3,0.333,2,4,0.5,0,3,3,6,0,0,4,1,19,6,0,Kobe Bryant,Regular Season,2009-10
22009,977,0020900678,"Jan 29, 2010",LAL @ PHI,W,40,10,22,0.455,0,4,0.0,4,6,0.667,1,3,4,3,4,2,3,3,24,4,0,Kobe Bryant,Regular Season,2009-10
22009,977,0020900664,"Jan 27, 2010",LAL @ IND,W,35,10,15,0.667,3,4,0.75,6,8,0.75,2,7,9,7,1,1,1,1,29,15,0,Kobe Bryant,Regular Season,2009-10
22009,977,0020900658,"Jan 26, 2010",LAL @ WAS,W,37,8,15,0.533,2,7,0.286,8,9,0.889,0,4,4,8,1,0,6,2,26,13,0,Kobe Bryant,Regular Season,2009-10
22009,977,0020900648,"Jan 24, 2010",LAL @ TOR,L,40,11,24,0.458,1,6,0.167,4,4,1.0,3,13,16,9,1,1,4,1,27,0,0,Kobe Bryant,Regular Season,2009-10
22009,977,0020900632,"Jan 22, 2010",LAL @ NYK,W,42,8,24,0.333,3,9,0.333,8,8,1.0,0,5,5,6,1,0,3,4,27,8,0,Kobe Bryant,Regular Season,2009-10
22009,977,0020900621,"Jan 21, 2010",LAL @ CLE,L,40,12,31,0.387,2,6,0.333,5,8,0.625,1,1,2,4,0,0,3,2,31,-8,0,Kobe Bryant,Regular Season,2009-10
22009,977,0020900605,"Jan 18, 2010",LAL vs. ORL,W,44,4,19,0.211,0,3,0.0,3,4,0.75,0,5,5,7,0,0,2,2,11,-3,0,Kobe Bryant,Regular Season,2009-10
22009,977,0020900582,"Jan 15, 2010",LAL vs. LAC,W,37,10,20,0.5,4,7,0.571,6,8,0.75,0,2,2,3,1,0,1,2,30,41,0,Kobe Bryant,Regular Season,2009-10
22009,977,0020900564,"Jan 13, 2010",LAL @ DAL,W,35,5,11,0.455,0,2,0.0,0,0,0.0,0,2,2,1,1,0,0,2,10,4,0,Kobe Bryant,Regular Season,2009-10
22009,977,0020900556,"Jan 12, 2010",LAL @ SAS,L,32,7,10,0.7,1,1,1.0,1,1,1.0,0,1,1,3,0,0,3,0,16,-6,0,Kobe Bryant,Regular Season,2009-10
22009,977,0020900543,"Jan 10, 2010",LAL vs. MIL,W,29,4,21,0.19,0,3,0.0,4,6,0.667,2,3,5,1,2,0,1,4,12,14,0,Kobe Bryant,Regular Season,2009-10
22009,977,0020900527,"Jan 08, 2010",LAL @ POR,L,41,14,37,0.378,2,8,0.25,2,4,0.5,3,4,7,7,0,1,5,4,32,-5,0,Kobe Bryant,Regular Season,2009-10
22009,977,0020900516,"Jan 06, 2010",LAL @ LAC,L,40,10,30,0.333,2,7,0.286,11,15,0.733,1,2,3,8,3,0,2,0,33,-15,0,Kobe Bryant,Regular Season,2009-10
22009,977,0020900506,"Jan 05, 2010",LAL vs. HOU,W,43,9,23,0.391,1,1,1.0,3,4,0.75,0,3,3,3,1,1,4,4,22,14,0,Kobe Bryant,Regular Season,2009-10
22009,977,0020900493,"Jan 03, 2010",LAL vs. DAL,W,32,6,12,0.5,1,4,0.25,2,2,1.0,0,3,3,8,0,1,4,2,15,39,0,Kobe Bryant,Regular Season,2009-10
22009,977,0020900476,"Jan 01, 2010",LAL vs. SAC,W,47,13,27,0.481,5,7,0.714,8,11,0.727,0,5,5,5,1,0,3,3,39,1,0,Kobe Bryant,Regular Season,2009-10
22009,977,0020900458,"Dec 29, 2009",LAL vs. GSW,W,43,13,27,0.481,2,6,0.333,16,16,1.0,1,3,4,11,1,0,1,2,44,7,0,Kobe Bryant,Regular Season,2009-10
22009,977,0020900448,"Dec 28, 2009",LAL @ PHX,L,36,14,26,0.538,1,5,0.2,5,6,0.833,0,7,7,2,0,0,1,0,34,-7,0,Kobe Bryant,Regular Season,2009-10
22009,977,0020900437,"Dec 26, 2009",LAL @ SAC,W,51,16,30,0.533,4,8,0.5,2,2,1.0,1,6,7,4,4,0,5,4,38,9,0,Kobe Bryant,Regular Season,2009-10
22009,977,0020900426,"Dec 25, 2009",LAL vs. CLE,L,45,11,33,0.333,1,3,0.333,12,12,1.0,3,7,10,8,1,1,4,3,35,-18,0,Kobe Bryant,Regular Season,2009-10
22009,977,0020900413,"Dec 22, 2009",LAL vs. OKC,W,44,14,26,0.538,0,3,0.0,12,14,0.857,1,7,8,6,2,0,5,5,40,5,0,Kobe Bryant,Regular Season,2009-10
22009,977,0020900396,"Dec 20, 2009",LAL @ DET,W,39,11,23,0.478,1,4,0.25,5,8,0.625,1,2,3,4,5,0,2,2,28,19,0,Kobe Bryant,Regular Season,2009-10
22009,977,0020900388,"Dec 19, 2009",LAL @ NJN,W,35,12,23,0.522,1,5,0.2,4,6,0.667,2,8,10,5,2,1,2,3,29,24,0,Kobe Bryant,Regular Season,2009-10
22009,977,0020900363,"Dec 16, 2009",LAL @ MIL,W,50,13,28,0.464,1,3,0.333,12,12,1.0,0,7,7,4,0,0,7,4,39,2,0,Kobe Bryant,Regular Season,2009-10
22009,977,0020900354,"Dec 15, 2009",LAL @ CHI,W,39,15,26,0.577,1,5,0.2,11,15,0.733,0,2,2,3,3,0,8,2,42,-3,0,Kobe Bryant,Regular Season,2009-10
22009,977,0020900337,"Dec 12, 2009",LAL @ UTA,L,37,7,24,0.292,1,9,0.111,1,1,1.0,1,5,6,5,1,0,1,2,16,6,0,Kobe Bryant,Regular Season,2009-10
22009,977,0020900329,"Dec 11, 2009",LAL vs. MIN,W,34,8,18,0.444,1,3,0.333,3,4,0.75,0,5,5,5,1,0,4,2,20,3,0,Kobe Bryant,Regular Season,2009-10
22009,977,0020900316,"Dec 09, 2009",LAL vs. UTA,W,38,10,19,0.526,1,3,0.333,6,8,0.75,0,6,6,8,2,2,2,2,27,14,0,Kobe Bryant,Regular Season,2009-10
22009,977,0020900295,"Dec 06, 2009",LAL vs. PHX,W,36,9,16,0.563,2,4,0.5,6,8,0.75,2,5,7,3,1,0,1,2,26,12,0,Kobe Bryant,Regular Season,2009-10
22009,977,0020900281,"Dec 04, 2009",LAL vs. MIA,W,42,12,25,0.48,2,3,0.667,7,8,0.875,3,4,7,3,3,0,2,5,33,4,0,Kobe Bryant,Regular Season,2009-10
22009,977,0020900258,"Dec 01, 2009",LAL vs. NOH,W,33,5,11,0.455,2,5,0.4,6,6,1.0,0,3,3,4,2,0,1,3,18,16,0,Kobe Bryant,Regular Season,2009-10
22009,977,0020900248,"Nov 29, 2009",LAL vs. NJN,W,29,11,17,0.647,5,8,0.625,3,5,0.6,0,8,8,7,2,1,4,5,30,25,0,Kobe Bryant,Regular Season,2009-10
22009,977,0020900238,"Nov 28, 2009",LAL @ GSW,W,32,8,20,0.4,1,3,0.333,3,3,1.0,2,4,6,6,5,0,2,3,20,18,0,Kobe Bryant,Regular Season,2009-10
22009,977,0020900207,"Nov 24, 2009",LAL vs. NYK,W,41,14,20,0.7,1,4,0.25,5,7,0.714,0,5,5,4,3,0,4,0,34,25,0,Kobe Bryant,Regular Season,2009-10
22009,977,0020900197,"Nov 22, 2009",LAL vs. OKC,W,32,11,23,0.478,0,2,0.0,4,4,1.0,2,4,6,7,2,0,0,1,26,30,0,Kobe Bryant,Regular Season,2009-10
22009,977,0020900172,"Nov 19, 2009",LAL vs. CHI,W,38,7,21,0.333,0,2,0.0,7,8,0.875,1,8,9,8,0,1,2,3,21,17,0,Kobe Bryant,Regular Season,2009-10
22009,977,0020900157,"Nov 17, 2009",LAL vs. DET,W,39,17,29,0.586,1,3,0.333,5,5,1.0,4,1,5,5,3,0,3,5,40,18,0,Kobe Bryant,Regular Season,2009-10
22009,977,0020900146,"Nov 15, 2009",LAL vs. HOU,L,39,5,20,0.25,0,3,0.0,8,9,0.889,1,0,1,3,3,0,4,0,18,-7,0,Kobe Bryant,Regular Season,2009-10
22009,977,0020900131,"Nov 13, 2009",LAL @ DEN,L,34,7,17,0.412,1,3,0.333,4,4,1.0,2,1,3,2,1,0,4,1,19,-14,0,Kobe Bryant,Regular Season,2009-10
22009,977,0020900123,"Nov 12, 2009",LAL vs. PHX,W,33,13,21,0.619,0,0,0.0,3,4,0.75,1,3,4,4,0,0,4,4,29,24,0,Kobe Bryant,Regular Season,2009-10
22009,977,0020900097,"Nov 08, 2009",LAL vs. NOH,W,34,11,21,0.524,0,2,0.0,6,6,1.0,0,2,2,1,1,0,5,3,28,20,0,Kobe Bryant,Regular Season,2009-10
22009,977,0020900083,"Nov 06, 2009",LAL vs. MEM,W,34,19,30,0.633,0,0,0.0,3,4,0.75,1,3,4,1,1,0,0,2,41,16,0,Kobe Bryant,Regular Season,2009-10
22009,977,0020900066,"Nov 04, 2009",LAL @ HOU,W,48,15,30,0.5,0,3,0.0,11,15,0.733,1,5,6,4,4,0,2,2,41,2,0,Kobe Bryant,Regular Season,2009-10
22009,977,0020900057,"Nov 03, 2009",LAL @ OKC,W,46,9,22,0.409,1,3,0.333,12,14,0.857,1,5,6,4,3,1,7,5,31,5,0,Kobe Bryant,Regular Season,2009-10
22009,977,0020900045,"Nov 01, 2009",LAL vs. ATL,W,38,15,29,0.517,1,2,0.5,10,11,0.909,3,5,8,3,5,0,3,4,41,12,0,Kobe Bryant,Regular Season,2009-10
22009,977,0020900031,"Oct 30, 2009",LAL vs. DAL,L,37,6,19,0.316,1,4,0.25,7,9,0.778,3,3,6,2,0,0,3,2,20,-20,0,Kobe Bryant,Regular Season,2009-10
22009,977,0020900004,"Oct 27, 2009",LAL vs. LAC,W,38,11,26,0.423,0,1,0.0,11,12,0.917,4,4,8,3,4,1,2,2,33,9,0,Kobe Bryant,Regular Season,2009-10
42009,977,0040900407,"Jun 17, 2010",LAL vs. BOS,W,45,6,24,0.25,0,6,0.0,11,15,0.733,4,11,15,2,1,0,4,4,23,0,0,Kobe Bryant,Playoffs,2009-10
42009,977,0040900406,"Jun 15, 2010",LAL vs. BOS,W,40,9,19,0.474,1,4,0.25,7,7,1.0,3,8,11,3,4,0,2,2,26,15,0,Kobe Bryant,Playoffs,2009-10
42009,977,0040900405,"Jun 13, 2010",LAL @ BOS,L,44,13,27,0.481,4,10,0.4,8,9,0.889,2,3,5,4,1,1,4,5,38,-6,0,Kobe Bryant,Playoffs,2009-10
42009,977,0040900404,"Jun 10, 2010",LAL @ BOS,L,43,10,22,0.455,6,11,0.545,7,8,0.875,0,6,6,2,2,0,7,5,33,-8,0,Kobe Bryant,Playoffs,2009-10
42009,977,0040900403,"Jun 08, 2010",LAL @ BOS,W,44,10,29,0.345,1,7,0.143,8,8,1.0,2,5,7,4,2,3,1,2,29,10,0,Kobe Bryant,Playoffs,2009-10
42009,977,0040900402,"Jun 06, 2010",LAL vs. BOS,L,34,8,20,0.4,2,7,0.286,3,3,1.0,0,5,5,6,4,0,5,5,21,-9,0,Kobe Bryant,Playoffs,2009-10
42009,977,0040900401,"Jun 03, 2010",LAL vs. BOS,W,39,10,22,0.455,1,2,0.5,9,10,0.9,1,6,7,6,1,1,4,4,30,8,0,Kobe Bryant,Playoffs,2009-10
42009,977,0040900316,"May 29, 2010",LAL @ PHX,W,41,12,25,0.48,3,8,0.375,10,11,0.909,2,4,6,2,2,0,2,1,37,19,0,Kobe Bryant,Playoffs,2009-10
42009,977,0040900315,"May 27, 2010",LAL vs. PHX,W,43,12,27,0.444,4,10,0.4,2,3,0.667,3,8,11,9,0,4,2,3,30,4,0,Kobe Bryant,Playoffs,2009-10
42009,977,0040900314,"May 25, 2010",LAL @ PHX,L,45,15,22,0.682,6,9,0.667,2,4,0.5,1,6,7,10,1,1,2,3,38,-4,0,Kobe Bryant,Playoffs,2009-10
42009,977,0040900313,"May 23, 2010",LAL @ PHX,L,43,13,24,0.542,2,8,0.25,8,8,1.0,2,7,9,11,1,1,5,3,36,-12,0,Kobe Bryant,Playoffs,2009-10
42009,977,0040900312,"May 19, 2010",LAL vs. PHX,W,43,8,19,0.421,1,3,0.333,4,4,1.0,2,3,5,13,0,1,2,2,21,14,0,Kobe Bryant,Playoffs,2009-10
42009,977,0040900311,"May 17, 2010",LAL vs. PHX,W,35,13,23,0.565,3,6,0.5,11,12,0.917,0,5,5,5,1,0,2,1,40,22,0,Kobe Bryant,Playoffs,2009-10
42009,977,0040900234,"May 10, 2010",LAL @ UTA,W,42,11,23,0.478,0,2,0.0,10,12,0.833,0,3,3,4,1,0,3,3,32,9,0,Kobe Bryant,Playoffs,2009-10
42009,977,0040900233,"May 08, 2010",LAL @ UTA,W,43,13,24,0.542,3,7,0.429,6,8,0.75,0,4,4,7,1,0,2,3,35,1,0,Kobe Bryant,Playoffs,2009-10
42009,977,0040900232,"May 04, 2010",LAL vs. UTA,W,42,10,22,0.455,0,1,0.0,10,11,0.909,0,5,5,8,1,3,7,3,30,5,0,Kobe Bryant,Playoffs,2009-10
42009,977,0040900231,"May 02, 2010",LAL vs. UTA,W,37,12,19,0.632,0,2,0.0,7,7,1.0,0,3,3,4,0,0,4,3,31,8,0,Kobe Bryant,Playoffs,2009-10
42009,977,0040900146,"Apr 30, 2010",LAL @ OKC,W,36,12,25,0.48,3,4,0.75,5,7,0.714,1,6,7,3,0,0,5,4,32,1,0,Kobe Bryant,Playoffs,2009-10
42009,977,0040900145,"Apr 27, 2010",LAL vs. OKC,W,29,4,9,0.444,0,2,0.0,5,7,0.714,0,3,3,7,2,0,4,3,13,27,0,Kobe Bryant,Playoffs,2009-10
42009,977,0040900144,"Apr 24, 2010",LAL @ OKC,L,32,5,10,0.5,1,1,1.0,1,2,0.5,1,2,3,4,0,0,3,3,12,-14,0,Kobe Bryant,Playoffs,2009-10
42009,977,0040900143,"Apr 22, 2010",LAL @ OKC,L,41,10,29,0.345,4,11,0.364,0,0,0.0,0,4,4,8,2,0,3,4,24,1,0,Kobe Bryant,Playoffs,2009-10
42009,977,0040900142,"Apr 20, 2010",LAL vs. OKC,W,41,12,28,0.429,2,5,0.4,13,15,0.867,1,4,5,1,2,0,4,4,39,-2,0,Kobe Bryant,Playoffs,2009-10
42009,977,0040900141,"Apr 18, 2010",LAL vs. OKC,W,41,6,19,0.316,2,5,0.4,7,12,0.583,1,1,2,3,2,1,2,5,21,9,0,Kobe Bryant,Playoffs,2009-10
22010,977,0021001230,"Apr 13, 2011",LAL @ SAC,W,38,13,24,0.542,1,2,0.5,9,10,0.9,2,7,9,6,1,1,2,1,36,3,0,Kobe Bryant,Regular Season,2010-11
22010,977,0021001215,"Apr 12, 2011",LAL vs. SAS,W,37,8,21,0.381,2,6,0.333,9,9,1.0,2,4,6,4,0,0,4,5,27,10,0,Kobe Bryant,Regular Season,2010-11
22010,977,0021001201,"Apr 10, 2011",LAL vs. OKC,L,31,10,19,0.526,2,4,0.5,9,10,0.9,2,2,4,4,3,1,4,3,31,-12,0,Kobe Bryant,Regular Season,2010-11
22010,977,0021001187,"Apr 08, 2011",LAL @ POR,L,32,10,25,0.4,4,8,0.5,0,3,0.0,1,1,2,4,0,0,3,2,24,-25,0,Kobe Bryant,Regular Season,2010-11
22010,977,0021001173,"Apr 06, 2011",LAL @ GSW,L,32,10,20,0.5,1,5,0.2,4,6,0.667,0,2,2,2,4,0,3,1,25,2,0,Kobe Bryant,Regular Season,2010-11
22010,977,0021001161,"Apr 05, 2011",LAL vs. UTA,L,34,6,18,0.333,2,6,0.333,6,6,1.0,1,2,3,5,0,0,7,5,20,0,0,Kobe Bryant,Regular Season,2010-11
22010,977,0021001139,"Apr 03, 2011",LAL vs. DEN,L,38,10,27,0.37,0,4,0.0,8,9,0.889,1,3,4,4,3,0,2,1,28,3,0,Kobe Bryant,Regular Season,2010-11
22010,977,0021001132,"Apr 01, 2011",LAL @ UTA,W,31,6,14,0.429,2,4,0.5,7,10,0.7,0,5,5,4,0,0,1,1,21,4,0,Kobe Bryant,Regular Season,2010-11
22010,977,0021001119,"Mar 31, 2011",LAL vs. DAL,W,30,8,21,0.381,1,5,0.2,11,15,0.733,1,4,5,4,2,0,4,1,28,15,0,Kobe Bryant,Regular Season,2010-11
22010,977,0021001094,"Mar 27, 2011",LAL vs. NOH,W,36,11,25,0.44,1,6,0.167,7,8,0.875,1,2,3,5,2,0,0,2,30,21,0,Kobe Bryant,Regular Season,2010-11
22010,977,0021001080,"Mar 25, 2011",LAL vs. LAC,W,35,11,21,0.524,1,5,0.2,14,17,0.824,1,3,4,6,2,0,4,1,37,20,0,Kobe Bryant,Regular Season,2010-11
22010,977,0021001053,"Mar 22, 2011",LAL vs. PHX,W,48,15,31,0.484,3,5,0.6,9,11,0.818,2,10,12,9,1,0,3,1,42,15,0,Kobe Bryant,Regular Season,2010-11
22010,977,0021001043,"Mar 20, 2011",LAL vs. POR,W,33,9,20,0.45,2,7,0.286,2,2,1.0,0,4,4,3,1,1,3,1,22,3,0,Kobe Bryant,Regular Season,2010-11
22010,977,0021001028,"Mar 18, 2011",LAL vs. MIN,W,28,6,17,0.353,2,5,0.4,4,5,0.8,0,4,4,5,1,0,4,2,18,13,0,Kobe Bryant,Regular Season,2010-11
22010,977,0021000999,"Mar 14, 2011",LAL vs. ORL,W,31,7,19,0.368,0,1,0.0,2,2,1.0,1,4,5,4,1,0,1,1,16,7,0,Kobe Bryant,Regular Season,2010-11
22010,977,0021000982,"Mar 12, 2011",LAL @ DAL,W,33,6,20,0.3,0,3,0.0,4,4,1.0,2,3,5,4,3,0,2,1,16,-2,0,Kobe Bryant,Regular Season,2010-11
22010,977,0021000964,"Mar 10, 2011",LAL @ MIA,L,40,8,21,0.381,4,8,0.5,4,5,0.8,0,2,2,2,1,0,3,3,24,4,0,Kobe Bryant,Regular Season,2010-11
22010,977,0021000947,"Mar 08, 2011",LAL @ ATL,W,32,8,18,0.444,1,4,0.25,9,11,0.818,1,5,6,4,1,1,1,0,26,22,0,Kobe Bryant,Regular Season,2010-11
22010,977,0021000932,"Mar 06, 2011",LAL @ SAS,W,31,12,25,0.48,1,3,0.333,1,1,1.0,3,4,7,5,1,0,1,2,26,28,0,Kobe Bryant,Regular Season,2010-11
22010,977,0021000924,"Mar 04, 2011",LAL vs. CHA,W,31,10,25,0.4,2,5,0.4,5,6,0.833,0,2,2,3,0,0,3,2,27,14,0,Kobe Bryant,Regular Season,2010-11
22010,977,0021000900,"Mar 01, 2011",LAL @ MIN,W,32,8,18,0.444,1,4,0.25,7,8,0.875,0,4,4,3,0,0,3,2,24,4,0,Kobe Bryant,Regular Season,2010-11
22010,977,0021000880,"Feb 27, 2011",LAL @ OKC,W,37,8,22,0.364,1,6,0.167,0,0,0.0,0,2,2,7,1,0,4,3,17,1,0,Kobe Bryant,Regular Season,2010-11
22010,977,0021000871,"Feb 25, 2011",LAL vs. LAC,W,27,10,16,0.625,2,5,0.4,2,3,0.667,0,2,2,5,0,0,1,1,24,20,0,Kobe Bryant,Regular Season,2010-11
22010,977,0021000858,"Feb 23, 2011",LAL @ POR,W,45,14,31,0.452,3,6,0.5,6,7,0.857,1,8,9,6,3,0,3,4,37,8,0,Kobe Bryant,Regular Season,2010-11
22010,977,0021000846,"Feb 22, 2011",LAL vs. ATL,W,26,5,11,0.455,2,4,0.5,8,8,1.0,0,3,3,5,2,0,1,3,20,28,0,Kobe Bryant,Regular Season,2010-11
22010,977,0021000827,"Feb 16, 2011",LAL @ CLE,L,39,8,24,0.333,1,6,0.167,0,0,0.0,1,11,12,2,0,1,7,4,17,5,0,Kobe Bryant,Regular Season,2010-11
22010,977,0021000812,"Feb 14, 2011",LAL @ CHA,L,35,8,20,0.4,1,4,0.25,3,4,0.75,2,3,5,2,0,1,5,5,20,-16,0,Kobe Bryant,Regular Season,2010-11
22010,977,0021000805,"Feb 13, 2011",LAL @ ORL,L,33,8,18,0.444,1,4,0.25,0,0,0.0,1,3,4,5,1,0,2,0,17,-16,0,Kobe Bryant,Regular Season,2010-11
22010,977,0021000793,"Feb 11, 2011",LAL @ NYK,W,29,12,17,0.706,4,7,0.571,5,8,0.625,4,6,10,2,0,0,5,2,33,4,0,Kobe Bryant,Regular Season,2010-11
22010,977,0021000783,"Feb 10, 2011",LAL @ BOS,W,38,9,17,0.529,0,1,0.0,5,6,0.833,1,4,5,4,0,1,3,3,23,12,0,Kobe Bryant,Regular Season,2010-11
22010,977,0021000759,"Feb 07, 2011",LAL @ MEM,W,38,6,17,0.353,0,1,0.0,7,7,1.0,1,6,7,6,2,0,6,1,19,-4,0,Kobe Bryant,Regular Season,2010-11
22010,977,0021000748,"Feb 05, 2011",LAL @ NOH,W,43,10,22,0.455,4,5,0.8,8,8,1.0,2,7,9,5,0,1,1,3,32,11,0,Kobe Bryant,Regular Season,2010-11
22010,977,0021000732,"Feb 03, 2011",LAL vs. SAS,L,35,5,18,0.278,0,3,0.0,6,6,1.0,2,7,9,10,0,0,3,3,16,-3,0,Kobe Bryant,Regular Season,2010-11
22010,977,0021000718,"Feb 01, 2011",LAL vs. HOU,W,45,13,25,0.52,0,3,0.0,6,7,0.857,1,5,6,11,1,0,4,2,32,2,0,Kobe Bryant,Regular Season,2010-11
22010,977,0021000702,"Jan 30, 2011",LAL vs. BOS,L,38,16,29,0.552,3,5,0.6,6,7,0.857,0,3,3,0,0,0,2,5,41,-9,0,Kobe Bryant,Regular Season,2010-11
22010,977,0021000692,"Jan 28, 2011",LAL vs. SAC,L,39,13,27,0.481,2,8,0.25,10,12,0.833,0,4,4,7,3,0,4,2,38,2,0,Kobe Bryant,Regular Season,2010-11
22010,977,0021000667,"Jan 25, 2011",LAL vs. UTA,W,26,7,11,0.636,0,2,0.0,7,8,0.875,0,1,1,6,2,0,3,2,21,21,0,Kobe Bryant,Regular Season,2010-11
22010,977,0021000637,"Jan 21, 2011",LAL @ DEN,W,33,8,15,0.533,0,2,0.0,2,3,0.667,1,5,6,7,1,0,1,1,18,-2,0,Kobe Bryant,Regular Season,2010-11
22010,977,0021000621,"Jan 19, 2011",LAL @ DAL,L,36,10,18,0.556,0,2,0.0,1,2,0.5,1,3,4,10,0,0,3,1,21,-3,0,Kobe Bryant,Regular Season,2010-11
22010,977,0021000610,"Jan 17, 2011",LAL vs. OKC,W,33,7,12,0.583,1,1,1.0,6,11,0.545,3,2,5,7,1,0,5,2,21,11,0,Kobe Bryant,Regular Season,2010-11
22010,977,0021000596,"Jan 16, 2011",LAL @ LAC,L,37,8,17,0.471,1,7,0.143,10,13,0.769,2,7,9,5,2,0,3,0,27,-19,0,Kobe Bryant,Regular Season,2010-11
22010,977,0021000586,"Jan 14, 2011",LAL vs. NJN,W,36,10,19,0.526,0,1,0.0,7,9,0.778,1,3,4,4,0,0,0,2,27,13,0,Kobe Bryant,Regular Season,2010-11
22010,977,0021000571,"Jan 12, 2011",LAL @ GSW,W,36,13,21,0.619,2,5,0.4,11,11,1.0,1,5,6,4,3,0,6,1,39,-2,0,Kobe Bryant,Regular Season,2010-11
22010,977,0021000560,"Jan 11, 2011",LAL vs. CLE,W,25,5,10,0.5,1,2,0.5,2,2,1.0,0,5,5,8,2,0,0,2,13,46,0,Kobe Bryant,Regular Season,2010-11
22010,977,0021000550,"Jan 09, 2011",LAL vs. NYK,W,36,10,28,0.357,3,6,0.5,4,4,1.0,0,10,10,5,0,0,4,2,27,26,0,Kobe Bryant,Regular Season,2010-11
22010,977,0021000535,"Jan 07, 2011",LAL vs. NOH,W,39,10,19,0.526,1,4,0.25,4,5,0.8,0,1,1,4,1,0,0,2,25,1,0,Kobe Bryant,Regular Season,2010-11
22010,977,0021000521,"Jan 05, 2011",LAL @ PHX,W,36,9,17,0.529,2,6,0.333,4,6,0.667,2,5,7,5,1,0,3,0,24,4,0,Kobe Bryant,Regular Season,2010-11
22010,977,0021000511,"Jan 04, 2011",LAL vs. DET,W,30,6,18,0.333,0,1,0.0,5,8,0.625,2,5,7,8,1,0,1,3,17,15,0,Kobe Bryant,Regular Season,2010-11
22010,977,0021000498,"Jan 02, 2011",LAL vs. MEM,L,31,10,22,0.455,1,7,0.143,7,8,0.875,0,2,2,2,2,0,3,2,28,-10,0,Kobe Bryant,Regular Season,2010-11
22010,977,0021000483,"Dec 31, 2010",LAL vs. PHI,W,35,13,24,0.542,1,3,0.333,6,8,0.75,1,3,4,2,2,0,4,1,33,11,0,Kobe Bryant,Regular Season,2010-11
22010,977,0021000467,"Dec 29, 2010",LAL @ NOH,W,28,8,14,0.571,0,3,0.0,4,7,0.571,0,3,3,4,2,0,7,5,20,9,0,Kobe Bryant,Regular Season,2010-11
22010,977,0021000460,"Dec 28, 2010",LAL @ SAS,L,31,8,27,0.296,3,7,0.429,2,2,1.0,1,4,5,1,1,0,5,2,21,-15,0,Kobe Bryant,Regular Season,2010-11
22010,977,0021000435,"Dec 25, 2010",LAL vs. MIA,L,40,6,16,0.375,1,3,0.333,4,5,0.8,1,5,6,7,1,0,4,5,17,-21,0,Kobe Bryant,Regular Season,2010-11
22010,977,0021000420,"Dec 21, 2010",LAL vs. MIL,L,32,9,16,0.563,0,2,0.0,3,3,1.0,1,2,3,2,1,0,4,1,21,-22,0,Kobe Bryant,Regular Season,2010-11
22010,977,0021000402,"Dec 19, 2010",LAL @ TOR,W,28,6,12,0.5,0,2,0.0,8,9,0.889,1,2,3,4,0,0,2,3,20,3,0,Kobe Bryant,Regular Season,2010-11
22010,977,0021000383,"Dec 17, 2010",LAL @ PHI,W,36,3,11,0.273,0,3,0.0,3,3,1.0,0,4,4,4,2,0,3,1,9,-1,0,Kobe Bryant,Regular Season,2010-11
22010,977,0021000367,"Dec 15, 2010",LAL @ IND,W,34,11,18,0.611,4,8,0.5,5,5,1.0,0,3,3,6,0,0,0,3,31,16,0,Kobe Bryant,Regular Season,2010-11
22010,977,0021000362,"Dec 14, 2010",LAL @ WAS,W,24,7,13,0.538,4,6,0.667,6,10,0.6,0,5,5,4,1,0,1,3,24,6,0,Kobe Bryant,Regular Season,2010-11
22010,977,0021000351,"Dec 12, 2010",LAL @ NJN,W,35,9,19,0.474,3,6,0.5,11,13,0.846,0,4,4,6,4,0,6,3,32,5,0,Kobe Bryant,Regular Season,2010-11
22010,977,0021000333,"Dec 10, 2010",LAL @ CHI,L,38,9,23,0.391,1,4,0.25,4,6,0.667,0,5,5,7,3,1,1,3,23,-5,0,Kobe Bryant,Regular Season,2010-11
22010,977,0021000326,"Dec 08, 2010",LAL @ LAC,W,31,9,15,0.6,1,2,0.5,5,7,0.714,0,2,2,4,1,0,4,0,24,-3,0,Kobe Bryant,Regular Season,2010-11
22010,977,0021000315,"Dec 07, 2010",LAL vs. WAS,W,35,12,23,0.522,1,6,0.167,7,9,0.778,3,2,5,3,2,0,4,2,32,20,0,Kobe Bryant,Regular Season,2010-11
22010,977,0021000287,"Dec 03, 2010",LAL vs. SAC,W,27,9,18,0.5,0,0,0.0,4,8,0.5,1,2,3,4,2,0,1,1,22,19,0,Kobe Bryant,Regular Season,2010-11
22010,977,0021000269,"Dec 01, 2010",LAL @ HOU,L,31,10,24,0.417,0,3,0.0,7,7,1.0,2,2,4,4,4,0,2,4,27,-20,0,Kobe Bryant,Regular Season,2010-11
22010,977,0021000258,"Nov 30, 2010",LAL @ MEM,L,37,9,25,0.36,1,6,0.167,10,12,0.833,4,3,7,5,1,0,3,2,29,1,0,Kobe Bryant,Regular Season,2010-11
22010,977,0021000249,"Nov 28, 2010",LAL vs. IND,L,40,14,33,0.424,3,8,0.375,10,13,0.769,2,3,5,4,0,0,3,2,41,-1,0,Kobe Bryant,Regular Season,2010-11
22010,977,0021000231,"Nov 26, 2010",LAL @ UTA,L,34,10,21,0.476,3,5,0.6,8,9,0.889,1,2,3,3,1,0,3,2,31,1,0,Kobe Bryant,Regular Season,2010-11
22010,977,0021000208,"Nov 23, 2010",LAL vs. CHI,W,37,8,18,0.444,1,2,0.5,3,3,1.0,0,2,2,5,1,0,4,1,20,3,0,Kobe Bryant,Regular Season,2010-11
22010,977,0021000194,"Nov 21, 2010",LAL vs. GSW,W,27,7,16,0.438,0,2,0.0,6,6,1.0,3,3,6,5,0,0,0,3,20,21,0,Kobe Bryant,Regular Season,2010-11
22010,977,0021000176,"Nov 19, 2010",LAL @ MIN,W,31,8,27,0.296,1,4,0.25,6,7,0.857,1,7,8,2,1,1,4,1,23,8,0,Kobe Bryant,Regular Season,2010-11
22010,977,0021000161,"Nov 17, 2010",LAL @ DET,W,32,11,20,0.55,3,6,0.5,8,8,1.0,1,8,9,4,2,0,3,1,33,24,0,Kobe Bryant,Regular Season,2010-11
22010,977,0021000155,"Nov 16, 2010",LAL @ MIL,W,33,10,23,0.435,0,4,0.0,11,11,1.0,0,7,7,3,1,0,3,2,31,3,0,Kobe Bryant,Regular Season,2010-11
22010,977,0021000143,"Nov 14, 2010",LAL vs. PHX,L,38,11,20,0.55,1,4,0.25,2,2,1.0,2,7,9,14,1,0,8,3,25,-8,0,Kobe Bryant,Regular Season,2010-11
22010,977,0021000120,"Nov 11, 2010",LAL @ DEN,L,41,11,32,0.344,3,10,0.3,9,13,0.692,1,2,3,5,1,0,2,4,34,4,0,Kobe Bryant,Regular Season,2010-11
22010,977,0021000107,"Nov 09, 2010",LAL vs. MIN,W,35,12,28,0.429,2,5,0.4,7,8,0.875,2,4,6,2,2,0,4,2,33,1,0,Kobe Bryant,Regular Season,2010-11
22010,977,0021000094,"Nov 07, 2010",LAL vs. POR,W,25,3,11,0.273,0,2,0.0,6,7,0.857,0,2,2,1,0,1,3,4,12,18,0,Kobe Bryant,Regular Season,2010-11
22010,977,0021000079,"Nov 05, 2010",LAL vs. TOR,W,34,6,12,0.5,0,3,0.0,11,12,0.917,0,4,4,6,3,1,3,2,23,1,0,Kobe Bryant,Regular Season,2010-11
22010,977,0021000065,"Nov 03, 2010",LAL @ SAC,W,36,9,22,0.409,3,6,0.5,9,10,0.9,1,9,10,12,1,0,1,2,30,22,0,Kobe Bryant,Regular Season,2010-11
22010,977,0021000053,"Nov 02, 2010",LAL vs. MEM,W,26,7,13,0.538,3,5,0.6,6,8,0.75,1,4,5,1,1,0,2,2,23,6,0,Kobe Bryant,Regular Season,2010-11
22010,977,0021000043,"Oct 31, 2010",LAL vs. GSW,W,27,8,16,0.5,1,4,0.25,3,4,0.75,2,5,7,2,0,0,4,1,20,21,0,Kobe Bryant,Regular Season,2010-11
22010,977,0021000030,"Oct 29, 2010",LAL @ PHX,W,34,9,19,0.474,2,5,0.4,5,5,1.0,1,6,7,3,0,0,3,1,25,9,0,Kobe Bryant,Regular Season,2010-11
22010,977,0021000003,"Oct 26, 2010",LAL vs. HOU,W,37,8,20,0.4,0,3,0.0,11,12,0.917,0,5,5,7,1,0,1,1,27,-8,0,Kobe Bryant,Regular Season,2010-11
42010,977,0041000234,"May 08, 2011",LAL @ DAL,L,37,7,18,0.389,0,5,0.0,3,4,0.75,1,2,3,1,0,0,5,1,17,-29,0,Kobe Bryant,Playoffs,2010-11
42010,977,0041000233,"May 06, 2011",LAL @ DAL,L,38,8,16,0.5,0,3,0.0,1,1,1.0,1,3,4,6,1,0,2,3,17,-6,0,Kobe Bryant,Playoffs,2010-11
42010,977,0041000232,"May 04, 2011",LAL vs. DAL,L,38,9,20,0.45,1,5,0.2,4,5,0.8,0,0,0,3,5,0,1,1,23,-8,0,Kobe Bryant,Playoffs,2010-11
42010,977,0041000231,"May 02, 2011",LAL vs. DAL,L,35,14,29,0.483,4,9,0.444,4,5,0.8,0,5,5,0,1,1,3,2,36,6,0,Kobe Bryant,Playoffs,2010-11
42010,977,0041000156,"Apr 28, 2011",LAL @ NOH,W,30,6,16,0.375,2,4,0.5,10,10,1.0,1,0,1,2,3,0,4,1,24,15,0,Kobe Bryant,Playoffs,2010-11
42010,977,0041000155,"Apr 26, 2011",LAL vs. NOH,W,29,8,13,0.615,0,1,0.0,3,4,0.75,1,1,2,4,1,0,3,3,19,9,0,Kobe Bryant,Playoffs,2010-11
42010,977,0041000154,"Apr 24, 2011",LAL @ NOH,L,36,5,18,0.278,0,3,0.0,7,9,0.778,1,5,6,8,1,0,2,4,17,-1,0,Kobe Bryant,Playoffs,2010-11
42010,977,0041000153,"Apr 22, 2011",LAL @ NOH,W,34,10,20,0.5,4,7,0.571,6,7,0.857,0,6,6,2,3,1,4,2,30,15,0,Kobe Bryant,Playoffs,2010-11
42010,977,0041000152,"Apr 20, 2011",LAL vs. NOH,W,35,3,10,0.3,0,2,0.0,5,8,0.625,2,1,3,2,1,0,2,4,11,1,0,Kobe Bryant,Playoffs,2010-11
42010,977,0041000151,"Apr 17, 2011",LAL vs. NOH,L,42,13,26,0.5,1,2,0.5,7,8,0.875,1,3,4,5,0,1,5,2,34,2,0,Kobe Bryant,Playoffs,2010-11
22011,977,0021100952,"Apr 22, 2012",LAL vs. OKC,W,49,9,26,0.346,2,3,0.667,6,7,0.857,1,5,6,8,1,0,3,1,26,8,0,Kobe Bryant,Regular Season,2011-12
22011,977,0021100941,"Apr 20, 2012",LAL @ SAS,L,30,7,12,0.583,1,3,0.333,3,4,0.75,0,2,2,1,0,0,1,2,18,-24,0,Kobe Bryant,Regular Season,2011-12
22011,977,0021100825,"Apr 06, 2012",LAL vs. HOU,L,37,8,20,0.4,1,4,0.25,11,11,1.0,0,2,2,0,0,0,1,1,28,-16,0,Kobe Bryant,Regular Season,2011-12
22011,977,0021100810,"Apr 04, 2012",LAL @ LAC,W,37,13,19,0.684,2,3,0.667,3,5,0.6,1,4,5,6,0,1,2,2,31,8,0,Kobe Bryant,Regular Season,2011-12
22011,977,0021100798,"Apr 03, 2012",LAL vs. NJN,W,36,10,16,0.625,3,6,0.5,1,1,1.0,0,7,7,3,1,0,3,1,24,1,0,Kobe Bryant,Regular Season,2011-12
22011,977,0021100784,"Apr 01, 2012",LAL vs. GSW,W,37,16,28,0.571,3,3,1.0,5,7,0.714,0,3,3,5,0,0,3,3,40,13,0,Kobe Bryant,Regular Season,2011-12
22011,977,0021100769,"Mar 31, 2012",LAL vs. NOH,W,38,3,21,0.143,1,8,0.125,4,5,0.8,1,2,3,5,3,0,1,4,11,4,0,Kobe Bryant,Regular Season,2011-12
22011,977,0021100756,"Mar 29, 2012",LAL vs. OKC,L,41,7,25,0.28,1,3,0.333,8,10,0.8,1,8,9,2,0,0,0,1,23,2,0,Kobe Bryant,Regular Season,2011-12
22011,977,0021100742,"Mar 27, 2012",LAL @ GSW,W,37,9,24,0.375,1,5,0.2,11,12,0.917,2,3,5,5,0,0,3,1,30,3,0,Kobe Bryant,Regular Season,2011-12
22011,977,0021100726,"Mar 25, 2012",LAL vs. MEM,L,38,7,15,0.467,1,4,0.25,3,3,1.0,1,2,3,3,2,0,3,3,18,-6,0,Kobe Bryant,Regular Season,2011-12
22011,977,0021100709,"Mar 23, 2012",LAL vs. POR,W,36,5,17,0.294,1,7,0.143,7,8,0.875,2,3,5,4,1,0,4,1,18,2,0,Kobe Bryant,Regular Season,2011-12
22011,977,0021100692,"Mar 21, 2012",LAL @ DAL,W,35,11,18,0.611,1,2,0.5,7,7,1.0,1,4,5,4,1,0,4,2,30,9,0,Kobe Bryant,Regular Season,2011-12
22011,977,0021100679,"Mar 20, 2012",LAL @ HOU,L,35,10,27,0.37,2,7,0.286,7,7,1.0,1,2,3,4,1,0,1,2,29,-3,0,Kobe Bryant,Regular Season,2011-12
22011,977,0021100669,"Mar 18, 2012",LAL vs. UTA,L,37,3,20,0.15,1,6,0.167,8,9,0.889,2,4,6,4,2,0,7,4,15,-11,0,Kobe Bryant,Regular Season,2011-12
22011,977,0021100652,"Mar 16, 2012",LAL vs. MIN,W,38,9,20,0.45,5,8,0.625,5,7,0.714,0,4,4,3,1,2,4,1,28,4,0,Kobe Bryant,Regular Season,2011-12
22011,977,0021100631,"Mar 14, 2012",LAL @ NOH,W,49,10,23,0.435,2,8,0.25,11,11,1.0,1,3,4,5,2,0,4,1,33,8,0,Kobe Bryant,Regular Season,2011-12
22011,977,0021100621,"Mar 13, 2012",LAL @ MEM,W,52,11,25,0.44,1,4,0.25,11,12,0.917,1,8,9,5,1,0,3,0,34,-1,0,Kobe Bryant,Regular Season,2011-12
22011,977,0021100604,"Mar 11, 2012",LAL vs. BOS,W,41,9,20,0.45,3,6,0.5,5,7,0.714,1,2,3,7,1,1,5,2,26,0,0,Kobe Bryant,Regular Season,2011-12
22011,977,0021100589,"Mar 09, 2012",LAL @ MIN,W,38,11,26,0.423,2,6,0.333,10,10,1.0,1,3,4,1,1,2,4,3,34,-3,0,Kobe Bryant,Regular Season,2011-12
22011,977,0021100571,"Mar 07, 2012",LAL @ WAS,L,40,9,31,0.29,3,9,0.333,9,9,1.0,1,4,5,4,4,1,1,3,30,5,0,Kobe Bryant,Regular Season,2011-12
22011,977,0021100567,"Mar 06, 2012",LAL @ DET,L,43,8,26,0.308,2,9,0.222,4,6,0.667,1,4,5,7,0,0,3,1,22,1,0,Kobe Bryant,Regular Season,2011-12
22011,977,0021100547,"Mar 04, 2012",LAL vs. MIA,W,39,14,23,0.609,0,2,0.0,5,7,0.714,1,2,3,1,0,0,3,0,33,8,0,Kobe Bryant,Regular Season,2011-12
22011,977,0021100538,"Mar 02, 2012",LAL vs. SAC,W,37,13,24,0.542,1,2,0.5,11,14,0.786,4,4,8,3,1,1,3,0,38,13,0,Kobe Bryant,Regular Season,2011-12
22011,977,0021100523,"Feb 29, 2012",LAL vs. MIN,W,33,11,23,0.478,0,4,0.0,9,10,0.9,1,6,7,8,1,0,5,0,31,28,0,Kobe Bryant,Regular Season,2011-12
22011,977,0021100502,"Feb 23, 2012",LAL @ OKC,L,40,7,24,0.292,0,3,0.0,10,11,0.909,1,5,6,3,1,0,1,3,24,-13,0,Kobe Bryant,Regular Season,2011-12
22011,977,0021100497,"Feb 22, 2012",LAL @ DAL,W,38,4,15,0.267,2,5,0.4,5,9,0.556,1,4,5,4,1,0,7,1,15,3,0,Kobe Bryant,Regular Season,2011-12
22011,977,0021100479,"Feb 20, 2012",LAL vs. POR,W,36,13,26,0.5,1,3,0.333,1,2,0.5,1,2,3,3,4,0,4,3,28,15,0,Kobe Bryant,Regular Season,2011-12
22011,977,0021100469,"Feb 19, 2012",LAL @ PHX,L,40,11,24,0.458,1,8,0.125,9,12,0.75,1,6,7,5,2,0,10,0,32,-9,0,Kobe Bryant,Regular Season,2011-12
22011,977,0021100455,"Feb 17, 2012",LAL vs. PHX,W,35,14,25,0.56,1,2,0.5,7,9,0.778,0,9,9,6,4,1,3,1,36,4,0,Kobe Bryant,Regular Season,2011-12
22011,977,0021100428,"Feb 14, 2012",LAL vs. ATL,W,34,5,18,0.278,0,3,0.0,0,0,0.0,1,3,4,4,0,0,5,3,10,3,0,Kobe Bryant,Regular Season,2011-12
22011,977,0021100408,"Feb 12, 2012",LAL @ TOR,W,34,9,23,0.391,3,7,0.429,6,8,0.75,0,2,2,1,2,0,4,1,27,7,0,Kobe Bryant,Regular Season,2011-12
22011,977,0021100395,"Feb 10, 2012",LAL @ NYK,L,42,11,29,0.379,1,5,0.2,11,13,0.846,3,7,10,1,1,0,3,0,34,-4,0,Kobe Bryant,Regular Season,2011-12
22011,977,0021100384,"Feb 09, 2012",LAL @ BOS,W,44,11,24,0.458,0,2,0.0,5,5,1.0,0,5,5,4,0,0,1,1,27,2,0,Kobe Bryant,Regular Season,2011-12
22011,977,0021100357,"Feb 06, 2012",LAL @ PHI,L,44,10,26,0.385,4,10,0.4,4,4,1.0,3,2,5,6,2,0,5,3,28,1,0,Kobe Bryant,Regular Season,2011-12
22011,977,0021100351,"Feb 04, 2012",LAL @ UTA,L,38,6,16,0.375,3,6,0.5,11,12,0.917,1,0,1,1,0,0,4,4,26,-6,0,Kobe Bryant,Regular Season,2011-12
22011,977,0021100341,"Feb 03, 2012",LAL @ DEN,W,38,7,23,0.304,1,4,0.25,5,7,0.714,1,5,6,9,2,0,2,1,20,6,0,Kobe Bryant,Regular Season,2011-12
22011,977,0021100313,"Jan 31, 2012",LAL vs. CHA,W,28,9,21,0.429,2,11,0.182,4,5,0.8,0,3,3,1,1,0,4,1,24,8,0,Kobe Bryant,Regular Season,2011-12
22011,977,0021100297,"Jan 29, 2012",LAL @ MIN,W,42,14,29,0.483,5,9,0.556,2,2,1.0,3,11,14,2,0,2,3,2,35,3,0,Kobe Bryant,Regular Season,2011-12
22011,977,0021100288,"Jan 28, 2012",LAL @ MIL,L,42,10,21,0.476,1,5,0.2,6,7,0.857,3,5,8,9,2,0,4,4,27,1,0,Kobe Bryant,Regular Season,2011-12
22011,977,0021100268,"Jan 25, 2012",LAL vs. LAC,W,39,7,17,0.412,2,4,0.5,8,10,0.8,1,6,7,6,0,0,7,2,24,2,0,Kobe Bryant,Regular Season,2011-12
22011,977,0021100241,"Jan 22, 2012",LAL vs. IND,L,36,14,30,0.467,0,3,0.0,5,6,0.833,4,4,8,4,0,0,3,2,33,-3,0,Kobe Bryant,Regular Season,2011-12
22011,977,0021100223,"Jan 20, 2012",LAL @ ORL,L,44,11,22,0.5,1,3,0.333,7,7,1.0,2,1,3,8,0,0,3,1,30,-7,0,Kobe Bryant,Regular Season,2011-12
22011,977,0021100213,"Jan 19, 2012",LAL @ MIA,L,41,8,21,0.381,3,6,0.5,5,5,1.0,1,4,5,7,3,0,2,1,24,-2,0,Kobe Bryant,Regular Season,2011-12
22011,977,0021100194,"Jan 16, 2012",LAL vs. DAL,W,38,7,22,0.318,0,3,0.0,0,1,0.0,0,3,3,7,3,1,4,0,14,5,0,Kobe Bryant,Regular Season,2011-12
22011,977,0021100180,"Jan 14, 2012",LAL @ LAC,L,44,14,28,0.5,2,5,0.4,12,14,0.857,0,7,7,4,2,1,2,3,42,-9,0,Kobe Bryant,Regular Season,2011-12
22011,977,0021100169,"Jan 13, 2012",LAL vs. CLE,W,41,15,31,0.484,4,7,0.571,8,10,0.8,3,2,5,3,3,0,6,3,42,11,0,Kobe Bryant,Regular Season,2011-12
22011,977,0021100151,"Jan 11, 2012",LAL @ UTA,W,43,14,31,0.452,1,3,0.333,11,11,1.0,1,7,8,4,1,1,3,3,40,10,0,Kobe Bryant,Regular Season,2011-12
22011,977,0021100141,"Jan 10, 2012",LAL vs. PHX,W,39,18,31,0.581,0,3,0.0,12,13,0.923,0,5,5,3,3,0,2,2,48,16,0,Kobe Bryant,Regular Season,2011-12
22011,977,0021100125,"Jan 08, 2012",LAL vs. MEM,W,38,11,22,0.5,1,5,0.2,3,6,0.5,1,1,2,9,0,1,4,0,26,8,0,Kobe Bryant,Regular Season,2011-12
22011,977,0021100109,"Jan 06, 2012",LAL vs. GSW,W,41,13,28,0.464,1,3,0.333,12,14,0.857,1,3,4,7,0,0,3,1,39,13,0,Kobe Bryant,Regular Season,2011-12
22011,977,0021100097,"Jan 05, 2012",LAL @ POR,L,36,13,24,0.542,0,4,0.0,4,5,0.8,2,6,8,3,0,0,4,2,30,-3,0,Kobe Bryant,Regular Season,2011-12
22011,977,0021100081,"Jan 03, 2012",LAL vs. HOU,W,37,14,29,0.483,2,7,0.286,7,9,0.778,2,6,8,6,0,1,2,0,37,1,0,Kobe Bryant,Regular Season,2011-12
22011,977,0021100063,"Jan 01, 2012",LAL @ DEN,L,37,6,28,0.214,1,8,0.125,3,4,0.75,0,2,2,4,1,0,6,3,16,-17,0,Kobe Bryant,Regular Season,2011-12
22011,977,0021100050,"Dec 31, 2011",LAL vs. DEN,W,33,6,18,0.333,0,5,0.0,5,6,0.833,2,8,10,9,1,0,4,4,17,10,0,Kobe Bryant,Regular Season,2011-12
22011,977,0021100038,"Dec 29, 2011",LAL vs. NYK,W,34,10,17,0.588,1,3,0.333,7,10,0.7,0,4,4,6,1,1,5,3,28,7,0,Kobe Bryant,Regular Season,2011-12
22011,977,0021100022,"Dec 27, 2011",LAL vs. UTA,W,31,8,17,0.471,3,5,0.6,7,8,0.875,0,8,8,5,1,1,3,1,26,33,0,Kobe Bryant,Regular Season,2011-12
22011,977,0021100015,"Dec 26, 2011",LAL @ SAC,L,38,10,24,0.417,0,4,0.0,9,10,0.9,2,3,5,6,2,0,2,4,29,-4,0,Kobe Bryant,Regular Season,2011-12
22011,977,0021100003,"Dec 25, 2011",LAL vs. CHI,L,35,11,23,0.478,0,1,0.0,6,7,0.857,0,7,7,6,2,0,8,3,28,-7,0,Kobe Bryant,Regular Season,2011-12
42011,977,0041100235,"May 21, 2012",LAL @ OKC,L,41,18,33,0.545,1,6,0.167,5,7,0.714,0,5,5,0,2,0,2,3,42,-14,0,Kobe Bryant,Playoffs,2011-12
42011,977,0041100234,"May 19, 2012",LAL vs. OKC,L,40,12,28,0.429,0,2,0.0,14,17,0.824,3,5,8,5,0,0,2,1,38,-9,0,Kobe Bryant,Playoffs,2011-12
42011,977,0041100233,"May 18, 2012",LAL vs. OKC,W,39,9,25,0.36,0,1,0.0,18,18,1.0,2,5,7,6,2,0,2,4,36,11,0,Kobe Bryant,Playoffs,2011-12
42011,977,0041100232,"May 16, 2012",LAL @ OKC,L,43,9,25,0.36,0,6,0.0,2,2,1.0,1,2,3,4,4,0,2,4,20,5,0,Kobe Bryant,Playoffs,2011-12
42011,977,0041100231,"May 14, 2012",LAL @ OKC,L,32,7,18,0.389,1,3,0.333,5,7,0.714,0,3,3,2,0,0,3,3,20,-27,0,Kobe Bryant,Playoffs,2011-12
42011,977,0041100167,"May 12, 2012",LAL vs. DEN,W,45,7,16,0.438,2,2,1.0,1,4,0.25,1,0,1,8,0,1,3,2,17,9,0,Kobe Bryant,Playoffs,2011-12
42011,977,0041100166,"May 10, 2012",LAL @ DEN,L,37,13,23,0.565,1,4,0.25,4,4,1.0,0,2,2,4,1,0,3,3,31,-28,0,Kobe Bryant,Playoffs,2011-12
42011,977,0041100165,"May 08, 2012",LAL vs. DEN,L,43,14,32,0.438,5,11,0.455,10,11,0.909,1,5,6,5,2,0,3,2,43,-6,0,Kobe Bryant,Playoffs,2011-12
42011,977,0041100164,"May 06, 2012",LAL @ DEN,W,39,10,25,0.4,2,7,0.286,0,1,0.0,2,6,8,6,1,0,5,0,22,0,0,Kobe Bryant,Playoffs,2011-12
42011,977,0041100163,"May 04, 2012",LAL @ DEN,L,41,7,23,0.304,3,10,0.3,5,6,0.833,3,3,6,6,0,0,6,4,22,-12,0,Kobe Bryant,Playoffs,2011-12
42011,977,0041100162,"May 01, 2012",LAL vs. DEN,W,40,15,29,0.517,2,6,0.333,6,7,0.857,2,2,4,2,3,1,1,3,38,4,0,Kobe Bryant,Playoffs,2011-12
42011,977,0041100161,"Apr 29, 2012",LAL vs. DEN,W,37,11,24,0.458,0,2,0.0,9,11,0.818,1,4,5,4,1,0,2,4,31,26,0,Kobe Bryant,Playoffs,2011-12
22012,977,0021201189,"Apr 12, 2013",LAL vs. GSW,W,45,9,21,0.429,4,8,0.5,12,16,0.75,0,5,5,4,0,0,5,3,34,0,1,Kobe Bryant,Regular Season,2012-13
22012,977,0021201171,"Apr 10, 2013",LAL @ POR,W,48,14,27,0.519,1,5,0.2,18,18,1.0,0,8,8,5,3,4,1,4,47,7,1,Kobe Bryant,Regular Season,2012-13
22012,977,0021201162,"Apr 09, 2013",LAL vs. NOH,W,41,9,18,0.5,2,7,0.286,10,11,0.909,1,5,6,6,5,1,5,2,30,7,1,Kobe Bryant,Regular Season,2012-13
22012,977,0021201146,"Apr 07, 2013",LAL @ LAC,L,47,6,19,0.316,1,5,0.2,12,14,0.857,1,6,7,10,0,0,4,3,25,-14,1,Kobe Bryant,Regular Season,2012-13
22012,977,0021201137,"Apr 05, 2013",LAL vs. MEM,W,43,10,23,0.435,0,5,0.0,4,4,1.0,0,5,5,9,1,0,4,3,24,6,1,Kobe Bryant,Regular Season,2012-13
22012,977,0021201110,"Apr 02, 2013",LAL vs. DAL,W,47,8,18,0.444,0,3,0.0,7,8,0.875,1,10,11,11,4,2,4,3,23,20,1,Kobe Bryant,Regular Season,2012-13
22012,977,0021201093,"Mar 30, 2013",LAL @ SAC,W,48,5,18,0.278,0,4,0.0,9,11,0.818,1,8,9,14,2,0,1,2,19,5,1,Kobe Bryant,Regular Season,2012-13
22012,977,0021201071,"Mar 28, 2013",LAL @ MIL,L,36,6,17,0.353,0,3,0.0,18,20,0.9,0,2,2,3,0,0,6,2,30,-16,1,Kobe Bryant,Regular Season,2012-13
22012,977,0021201066,"Mar 27, 2013",LAL @ MIN,W,38,12,21,0.571,3,7,0.429,4,6,0.667,0,3,3,7,1,1,6,4,31,2,1,Kobe Bryant,Regular Season,2012-13
22012,977,0021201053,"Mar 25, 2013",LAL @ GSW,L,42,11,27,0.407,2,10,0.2,12,16,0.75,1,7,8,3,0,0,0,1,36,-1,1,Kobe Bryant,Regular Season,2012-13
22012,977,0021201032,"Mar 22, 2013",LAL vs. WAS,L,38,8,18,0.444,1,2,0.5,4,7,0.571,1,3,4,11,2,0,6,3,21,1,1,Kobe Bryant,Regular Season,2012-13
22012,977,0021200971,"Mar 15, 2013",LAL @ IND,W,12,0,4,0.0,0,1,0.0,0,0,0.0,0,1,1,2,0,0,1,1,0,-3,1,Kobe Bryant,Regular Season,2012-13
22012,977,0021200960,"Mar 13, 2013",LAL @ ATL,L,38,11,33,0.333,2,8,0.25,7,8,0.875,1,6,7,5,2,0,5,1,31,-3,1,Kobe Bryant,Regular Season,2012-13
22012,977,0021200949,"Mar 12, 2013",LAL @ ORL,W,36,4,14,0.286,2,6,0.333,1,2,0.5,1,6,7,8,2,0,3,1,11,0,1,Kobe Bryant,Regular Season,2012-13
22012,977,0021200935,"Mar 10, 2013",LAL vs. CHI,W,40,7,16,0.438,1,4,0.25,4,6,0.667,1,6,7,9,2,0,2,2,19,16,1,Kobe Bryant,Regular Season,2012-13
22012,977,0021200925,"Mar 08, 2013",LAL vs. TOR,W,44,11,22,0.5,5,10,0.5,14,16,0.875,1,5,6,12,2,0,9,0,41,0,1,Kobe Bryant,Regular Season,2012-13
22012,977,0021200906,"Mar 06, 2013",LAL @ NOH,W,42,14,21,0.667,3,7,0.429,11,14,0.786,0,7,7,12,0,1,6,0,42,16,1,Kobe Bryant,Regular Season,2012-13
22012,977,0021200897,"Mar 05, 2013",LAL @ OKC,L,39,8,19,0.421,3,7,0.429,11,12,0.917,1,2,3,2,0,0,2,3,30,-11,1,Kobe Bryant,Regular Season,2012-13
22012,977,0021200888,"Mar 03, 2013",LAL vs. ATL,W,39,13,27,0.481,2,5,0.4,6,8,0.75,1,5,6,4,2,0,5,1,34,6,1,Kobe Bryant,Regular Season,2012-13
22012,977,0021200863,"Feb 28, 2013",LAL vs. MIN,W,32,13,22,0.591,4,8,0.5,3,7,0.429,1,4,5,5,2,0,3,1,33,17,1,Kobe Bryant,Regular Season,2012-13
22012,977,0021200841,"Feb 25, 2013",LAL @ DEN,L,39,12,23,0.522,0,1,0.0,5,6,0.833,0,6,6,9,0,0,4,3,29,-1,1,Kobe Bryant,Regular Season,2012-13
22012,977,0021200830,"Feb 24, 2013",LAL @ DAL,W,38,13,21,0.619,4,5,0.8,8,10,0.8,1,11,12,7,0,1,5,2,38,7,1,Kobe Bryant,Regular Season,2012-13
22012,977,0021200821,"Feb 22, 2013",LAL vs. POR,W,36,15,23,0.652,1,3,0.333,9,9,1.0,2,5,7,4,2,0,5,1,40,2,1,Kobe Bryant,Regular Season,2012-13
22012,977,0021200807,"Feb 20, 2013",LAL vs. BOS,W,33,5,15,0.333,0,4,0.0,6,7,0.857,1,3,4,7,0,0,3,5,16,11,1,Kobe Bryant,Regular Season,2012-13
22012,977,0021200788,"Feb 14, 2013",LAL vs. LAC,L,39,7,13,0.538,0,0,0.0,6,6,1.0,3,2,5,11,0,0,6,2,20,-35,0,Kobe Bryant,Regular Season,2012-13
22012,977,0021200773,"Feb 12, 2013",LAL vs. PHX,W,36,1,8,0.125,0,4,0.0,2,2,1.0,1,4,5,9,1,1,8,1,4,-2,1,Kobe Bryant,Regular Season,2012-13
22012,977,0021200753,"Feb 10, 2013",LAL @ MIA,L,37,11,19,0.579,0,0,0.0,6,8,0.75,1,5,6,9,1,0,4,2,28,-14,1,Kobe Bryant,Regular Season,2012-13
22012,977,0021200736,"Feb 08, 2013",LAL @ CHA,W,38,6,15,0.4,0,2,0.0,8,8,1.0,0,7,7,8,0,1,3,0,20,-2,1,Kobe Bryant,Regular Season,2012-13
22012,977,0021200733,"Feb 07, 2013",LAL @ BOS,L,30,9,15,0.6,0,1,0.0,9,9,1.0,3,4,7,0,0,0,4,2,27,-20,1,Kobe Bryant,Regular Season,2012-13
22012,977,0021200716,"Feb 05, 2013",LAL @ BKN,W,37,9,24,0.375,0,2,0.0,3,3,1.0,1,7,8,4,4,1,5,1,21,5,1,Kobe Bryant,Regular Season,2012-13
22012,977,0021200706,"Feb 03, 2013",LAL @ DET,W,37,8,20,0.4,0,3,0.0,2,3,0.667,0,3,3,5,2,0,3,0,18,1,1,Kobe Bryant,Regular Season,2012-13
22012,977,0021200695,"Feb 01, 2013",LAL @ MIN,W,39,4,13,0.308,1,4,0.25,8,10,0.8,2,10,12,8,0,0,4,2,17,-3,1,Kobe Bryant,Regular Season,2012-13
22012,977,0021200681,"Jan 30, 2013",LAL @ PHX,L,39,7,17,0.412,0,3,0.0,3,4,0.75,0,5,5,9,2,0,6,0,17,-8,1,Kobe Bryant,Regular Season,2012-13
22012,977,0021200669,"Jan 29, 2013",LAL vs. NOH,W,34,5,12,0.417,0,4,0.0,4,4,1.0,3,5,8,11,0,0,2,1,14,-5,1,Kobe Bryant,Regular Season,2012-13
22012,977,0021200653,"Jan 27, 2013",LAL vs. OKC,W,39,8,12,0.667,0,0,0.0,5,6,0.833,0,9,9,14,1,1,3,1,21,11,0,Kobe Bryant,Regular Season,2012-13
22012,977,0021200641,"Jan 25, 2013",LAL vs. UTA,W,35,7,10,0.7,0,0,0.0,0,0,0.0,0,9,9,14,3,1,3,0,14,15,1,Kobe Bryant,Regular Season,2012-13
22012,977,0021200621,"Jan 23, 2013",LAL @ MEM,L,39,11,23,0.478,0,1,0.0,7,8,0.875,0,3,3,3,1,0,2,1,29,-13,1,Kobe Bryant,Regular Season,2012-13
22012,977,0021200612,"Jan 21, 2013",LAL @ CHI,L,42,7,22,0.318,0,6,0.0,2,3,0.667,0,4,4,5,0,0,3,2,16,-12,1,Kobe Bryant,Regular Season,2012-13
22012,977,0021200601,"Jan 20, 2013",LAL @ TOR,L,43,10,32,0.313,3,12,0.25,3,3,1.0,0,4,4,5,2,1,6,1,26,0,1,Kobe Bryant,Regular Season,2012-13
22012,977,0021200583,"Jan 17, 2013",LAL vs. MIA,L,43,8,25,0.32,4,9,0.444,2,2,1.0,1,3,4,1,1,0,6,4,22,-9,1,Kobe Bryant,Regular Season,2012-13
22012,977,0021200569,"Jan 15, 2013",LAL vs. MIL,W,37,12,19,0.632,3,5,0.6,4,4,1.0,1,1,2,6,1,0,1,2,31,23,0,Kobe Bryant,Regular Season,2012-13
22012,977,0021200555,"Jan 13, 2013",LAL vs. CLE,W,28,9,14,0.643,3,4,0.75,2,4,0.5,0,2,2,6,0,0,4,4,23,19,1,Kobe Bryant,Regular Season,2012-13
22012,977,0021200539,"Jan 11, 2013",LAL vs. OKC,L,35,8,23,0.348,2,8,0.25,10,13,0.769,0,4,4,3,2,0,1,2,28,-24,0,Kobe Bryant,Regular Season,2012-13
22012,977,0021200522,"Jan 09, 2013",LAL @ SAS,L,39,10,24,0.417,3,8,0.375,4,7,0.571,0,4,4,5,0,0,1,3,27,-4,1,Kobe Bryant,Regular Season,2012-13
22012,977,0021200514,"Jan 08, 2013",LAL @ HOU,L,41,8,22,0.364,2,8,0.25,2,2,1.0,2,3,5,7,3,0,5,3,20,-15,1,Kobe Bryant,Regular Season,2012-13
22012,977,0021200503,"Jan 06, 2013",LAL vs. DEN,L,42,11,26,0.423,3,8,0.375,4,4,1.0,1,4,5,7,0,0,2,2,29,-12,1,Kobe Bryant,Regular Season,2012-13
22012,977,0021200488,"Jan 04, 2013",LAL @ LAC,L,44,15,25,0.6,1,6,0.167,7,8,0.875,0,0,0,3,5,0,1,3,38,6,1,Kobe Bryant,Regular Season,2012-13
22012,977,0021200463,"Jan 01, 2013",LAL vs. PHI,L,42,14,29,0.483,1,6,0.167,7,10,0.7,4,2,6,0,1,0,3,2,36,-4,1,Kobe Bryant,Regular Season,2012-13
22012,977,0021200435,"Dec 28, 2012",LAL vs. POR,W,31,9,18,0.5,1,6,0.167,8,11,0.727,2,3,5,4,2,0,1,3,27,21,1,Kobe Bryant,Regular Season,2012-13
22012,977,0021200419,"Dec 26, 2012",LAL @ DEN,L,44,13,24,0.542,5,9,0.556,9,11,0.818,0,4,4,6,0,2,2,2,40,-7,1,Kobe Bryant,Regular Season,2012-13
22012,977,0021200406,"Dec 25, 2012",LAL vs. NYK,W,44,14,24,0.583,1,5,0.2,5,7,0.714,1,4,5,1,0,1,1,2,34,11,1,Kobe Bryant,Regular Season,2012-13
22012,977,0021200398,"Dec 22, 2012",LAL @ GSW,W,44,16,41,0.39,2,8,0.25,0,1,0.0,3,7,10,5,1,0,3,5,34,0,1,Kobe Bryant,Regular Season,2012-13
22012,977,0021200364,"Dec 18, 2012",LAL vs. CHA,W,43,11,24,0.458,2,5,0.4,6,7,0.857,0,6,6,7,1,1,2,1,30,-7,1,Kobe Bryant,Regular Season,2012-13
22012,977,0021200347,"Dec 16, 2012",LAL @ PHI,W,40,12,21,0.571,2,6,0.333,8,9,0.889,0,4,4,6,1,0,5,0,34,10,1,Kobe Bryant,Regular Season,2012-13
22012,977,0021200326,"Dec 14, 2012",LAL @ WAS,W,44,9,29,0.31,1,8,0.125,11,13,0.846,3,4,7,7,2,1,3,1,30,17,1,Kobe Bryant,Regular Season,2012-13
22012,977,0021200323,"Dec 13, 2012",LAL @ NYK,L,44,10,24,0.417,5,11,0.455,6,6,1.0,2,8,10,6,1,1,5,5,31,0,1,Kobe Bryant,Regular Season,2012-13
22012,977,0021200305,"Dec 11, 2012",LAL @ CLE,L,41,16,28,0.571,3,9,0.333,7,10,0.7,1,4,5,2,1,1,5,1,42,-9,1,Kobe Bryant,Regular Season,2012-13
22012,977,0021200297,"Dec 09, 2012",LAL vs. UTA,L,43,9,24,0.375,4,9,0.444,12,14,0.857,0,0,0,3,1,0,2,2,34,-2,1,Kobe Bryant,Regular Season,2012-13
22012,977,0021200280,"Dec 07, 2012",LAL @ OKC,L,44,11,24,0.458,4,5,0.8,9,10,0.9,0,3,3,7,3,2,5,5,35,-2,0,Kobe Bryant,Regular Season,2012-13
22012,977,0021200263,"Dec 05, 2012",LAL @ NOH,W,34,10,17,0.588,1,4,0.25,8,9,0.889,1,5,6,4,3,0,1,1,29,15,1,Kobe Bryant,Regular Season,2012-13
22012,977,0021200256,"Dec 04, 2012",LAL @ HOU,L,35,14,31,0.452,2,9,0.222,9,12,0.75,1,5,6,2,2,0,3,4,39,-4,1,Kobe Bryant,Regular Season,2012-13
22012,977,0021200244,"Dec 02, 2012",LAL vs. ORL,L,39,12,27,0.444,0,2,0.0,10,11,0.909,1,6,7,5,1,0,2,2,34,-17,1,Kobe Bryant,Regular Season,2012-13
22012,977,0021200232,"Nov 30, 2012",LAL vs. DEN,W,37,5,15,0.333,0,3,0.0,4,4,1.0,1,1,2,8,2,0,4,5,14,9,1,Kobe Bryant,Regular Season,2012-13
22012,977,0021200208,"Nov 27, 2012",LAL vs. IND,L,44,12,28,0.429,5,11,0.455,11,13,0.846,0,10,10,3,3,0,10,2,40,-4,1,Kobe Bryant,Regular Season,2012-13
22012,977,0021200187,"Nov 24, 2012",LAL @ DAL,W,33,6,11,0.545,1,2,0.5,6,8,0.75,1,2,3,5,1,0,6,3,19,25,1,Kobe Bryant,Regular Season,2012-13
22012,977,0021200177,"Nov 23, 2012",LAL @ MEM,L,37,7,23,0.304,3,8,0.375,13,14,0.929,0,3,3,4,1,0,2,4,30,-22,1,Kobe Bryant,Regular Season,2012-13
22012,977,0021200169,"Nov 21, 2012",LAL @ SAC,L,39,11,20,0.55,5,9,0.556,11,13,0.846,0,3,3,3,2,0,7,3,38,1,1,Kobe Bryant,Regular Season,2012-13
22012,977,0021200156,"Nov 20, 2012",LAL vs. BKN,W,39,8,15,0.533,1,4,0.25,8,10,0.8,0,4,4,5,1,0,3,4,25,20,1,Kobe Bryant,Regular Season,2012-13
22012,977,0021200146,"Nov 18, 2012",LAL vs. HOU,W,35,9,18,0.5,1,3,0.333,3,5,0.6,1,10,11,11,3,0,3,4,22,14,1,Kobe Bryant,Regular Season,2012-13
22012,977,0021200130,"Nov 16, 2012",LAL vs. PHX,W,38,10,24,0.417,1,5,0.2,10,11,0.909,1,1,2,6,1,0,1,2,31,7,1,Kobe Bryant,Regular Season,2012-13
22012,977,0021200108,"Nov 13, 2012",LAL vs. SAS,L,38,12,19,0.632,2,4,0.5,2,2,1.0,0,4,4,8,1,0,2,0,28,10,1,Kobe Bryant,Regular Season,2012-13
22012,977,0021200094,"Nov 11, 2012",LAL vs. SAC,W,34,6,15,0.4,2,5,0.4,6,6,1.0,2,4,6,6,1,0,2,2,20,18,1,Kobe Bryant,Regular Season,2012-13
22012,977,0021200080,"Nov 09, 2012",LAL vs. GSW,W,33,10,18,0.556,2,4,0.5,5,6,0.833,1,8,9,7,2,0,4,2,27,18,1,Kobe Bryant,Regular Season,2012-13
22012,977,0021200062,"Nov 07, 2012",LAL @ UTA,L,37,7,17,0.412,0,4,0.0,15,17,0.882,0,5,5,4,3,0,6,3,29,4,1,Kobe Bryant,Regular Season,2012-13
22012,977,0021200041,"Nov 04, 2012",LAL vs. DET,W,32,5,10,0.5,3,5,0.6,2,2,1.0,0,7,7,8,1,0,1,4,15,38,1,Kobe Bryant,Regular Season,2012-13
22012,977,0021200025,"Nov 02, 2012",LAL vs. LAC,L,43,14,23,0.609,2,3,0.667,10,10,1.0,2,4,6,1,2,0,6,1,40,-7,1,Kobe Bryant,Regular Season,2012-13
22012,977,0021200012,"Oct 31, 2012",LAL @ POR,L,38,10,20,0.5,4,9,0.444,6,7,0.857,2,4,6,3,0,0,7,5,30,9,1,Kobe Bryant,Regular Season,2012-13
22012,977,0021200003,"Oct 30, 2012",LAL vs. DAL,L,35,11,14,0.786,0,0,0.0,0,0,0.0,0,1,1,0,1,0,2,3,22,-1,1,Kobe Bryant,Regular Season,2012-13
22013,977,0021300366,"Dec 17, 2013",LAL @ MEM,W,33,9,18,0.5,1,1,1.0,2,2,1.0,1,4,5,4,1,1,4,1,21,2,1,Kobe Bryant,Regular Season,2013-14
22013,977,0021300357,"Dec 16, 2013",LAL @ ATL,L,32,4,14,0.286,0,5,0.0,0,1,0.0,0,3,3,6,2,0,5,1,8,-4,1,Kobe Bryant,Regular Season,2013-14
22013,977,0021300342,"Dec 14, 2013",LAL @ CHA,W,32,8,15,0.533,2,5,0.4,3,3,1.0,0,7,7,8,0,0,7,1,21,5,1,Kobe Bryant,Regular Season,2013-14
22013,977,0021300336,"Dec 13, 2013",LAL @ OKC,L,23,2,6,0.333,0,0,0.0,0,0,0.0,0,1,1,13,2,0,7,1,4,-16,1,Kobe Bryant,Regular Season,2013-14
22013,977,0021300317,"Dec 10, 2013",LAL vs. PHX,L,29,6,11,0.545,0,2,0.0,8,8,1.0,0,2,2,3,0,0,3,2,20,-3,1,Kobe Bryant,Regular Season,2013-14
22013,977,0021300303,"Dec 08, 2013",LAL vs. TOR,L,28,2,9,0.222,0,3,0.0,5,7,0.714,1,7,8,4,2,0,8,3,9,-16,1,Kobe Bryant,Regular Season,2013-14
22014,977,0021400632,"Jan 21, 2015",LAL @ NOP,L,30,6,14,0.429,1,5,0.2,1,1,1.0,0,7,7,2,0,1,4,2,14,-11,1,Kobe Bryant,Regular Season,2014-15
22014,977,0021400586,"Jan 15, 2015",LAL vs. CLE,L,32,7,14,0.5,3,6,0.5,2,3,0.667,1,5,6,17,0,0,3,0,19,3,1,Kobe Bryant,Regular Season,2014-15
22014,977,0021400573,"Jan 13, 2015",LAL vs. MIA,L,31,3,19,0.158,2,9,0.222,4,4,1.0,0,6,6,7,1,0,2,0,12,-6,1,Kobe Bryant,Regular Season,2014-15
22014,977,0021400534,"Jan 07, 2015",LAL @ LAC,L,28,2,12,0.167,0,3,0.0,0,0,0.0,0,8,8,7,1,0,6,1,4,-34,1,Kobe Bryant,Regular Season,2014-15
22014,977,0021400508,"Jan 04, 2015",LAL vs. IND,W,32,7,14,0.5,2,3,0.667,4,4,1.0,0,6,6,6,3,0,2,2,20,-1,1,Kobe Bryant,Regular Season,2014-15
22014,977,0021400494,"Jan 02, 2015",LAL vs. MEM,L,33,6,14,0.429,2,4,0.5,1,1,1.0,1,8,9,8,0,1,2,2,15,5,1,Kobe Bryant,Regular Season,2014-15
22014,977,0021400471,"Dec 30, 2014",LAL @ DEN,W,32,6,11,0.545,3,5,0.6,8,11,0.727,1,10,11,11,2,1,9,1,23,12,1,Kobe Bryant,Regular Season,2014-15
22014,977,0021400458,"Dec 28, 2014",LAL vs. PHX,L,32,4,10,0.4,1,3,0.333,1,1,1.0,0,8,8,7,2,0,5,1,10,-9,1,Kobe Bryant,Regular Season,2014-15
22014,977,0021400402,"Dec 21, 2014",LAL @ SAC,L,38,8,30,0.267,3,8,0.375,6,6,1.0,3,2,5,3,2,0,9,3,25,-17,1,Kobe Bryant,Regular Season,2014-15
22014,977,0021400392,"Dec 19, 2014",LAL vs. OKC,L,35,3,15,0.2,0,3,0.0,3,4,0.75,0,8,8,8,0,0,3,0,9,-6,1,Kobe Bryant,Regular Season,2014-15
22014,977,0021400356,"Dec 15, 2014",LAL @ IND,L,30,8,26,0.308,2,8,0.25,3,3,1.0,0,4,4,3,2,0,3,4,21,-26,1,Kobe Bryant,Regular Season,2014-15
22014,977,0021400351,"Dec 14, 2014",LAL @ MIN,W,35,7,20,0.35,2,7,0.286,10,13,0.769,1,5,6,2,1,0,2,2,26,0,1,Kobe Bryant,Regular Season,2014-15
22014,977,0021400339,"Dec 12, 2014",LAL @ SAS,W,40,7,22,0.318,1,4,0.25,7,8,0.875,1,4,5,9,4,0,5,1,22,-1,1,Kobe Bryant,Regular Season,2014-15
22014,977,0021400315,"Dec 09, 2014",LAL vs. SAC,W,36,11,27,0.407,2,6,0.333,8,8,1.0,3,0,3,6,2,0,3,2,32,-1,1,Kobe Bryant,Regular Season,2014-15
22014,977,0021400300,"Dec 07, 2014",LAL vs. NOP,L,32,6,18,0.333,0,5,0.0,2,2,1.0,0,3,3,4,0,0,3,2,14,-18,1,Kobe Bryant,Regular Season,2014-15
22014,977,0021400279,"Dec 05, 2014",LAL @ BOS,L,33,9,21,0.429,1,3,0.333,3,3,1.0,0,3,3,3,1,0,3,1,22,-29,1,Kobe Bryant,Regular Season,2014-15
22014,977,0021400264,"Dec 03, 2014",LAL @ WAS,L,34,8,22,0.364,2,6,0.333,11,14,0.786,0,4,4,3,1,0,4,4,29,-30,1,Kobe Bryant,Regular Season,2014-15
22014,977,0021400255,"Dec 02, 2014",LAL @ DET,W,33,4,11,0.364,1,3,0.333,3,3,1.0,0,5,5,13,2,0,10,2,12,15,1,Kobe Bryant,Regular Season,2014-15
22014,977,0021400248,"Nov 30, 2014",LAL vs. TOR,W,42,11,24,0.458,0,1,0.0,9,13,0.692,1,10,11,12,0,1,2,2,31,2,1,Kobe Bryant,Regular Season,2014-15
22014,977,0021400234,"Nov 28, 2014",LAL vs. MIN,L,35,10,18,0.556,0,1,0.0,6,10,0.6,1,4,5,5,5,0,2,1,26,3,1,Kobe Bryant,Regular Season,2014-15
22014,977,0021400222,"Nov 26, 2014",LAL vs. MEM,L,35,5,15,0.333,2,5,0.4,10,10,1.0,2,2,4,2,0,0,4,1,22,-1,1,Kobe Bryant,Regular Season,2014-15
22014,977,0021400197,"Nov 23, 2014",LAL vs. DEN,L,44,10,24,0.417,0,2,0.0,7,10,0.7,2,4,6,4,0,0,4,1,27,-5,1,Kobe Bryant,Regular Season,2014-15
22014,977,0021400180,"Nov 21, 2014",LAL @ DAL,L,31,6,22,0.273,1,4,0.25,4,4,1.0,2,3,5,7,1,0,2,2,17,-29,1,Kobe Bryant,Regular Season,2014-15
22014,977,0021400169,"Nov 19, 2014",LAL @ HOU,W,40,10,28,0.357,1,7,0.143,8,10,0.8,0,5,5,7,1,0,3,0,29,9,1,Kobe Bryant,Regular Season,2014-15
22014,977,0021400155,"Nov 18, 2014",LAL @ ATL,W,37,10,18,0.556,3,7,0.429,5,5,1.0,0,4,4,3,1,0,3,4,28,11,1,Kobe Bryant,Regular Season,2014-15
22014,977,0021400145,"Nov 16, 2014",LAL vs. GSW,L,31,15,34,0.441,3,12,0.25,11,16,0.688,1,4,5,3,0,0,2,3,44,-34,1,Kobe Bryant,Regular Season,2014-15
22014,977,0021400131,"Nov 14, 2014",LAL vs. SAS,L,36,1,14,0.071,0,5,0.0,7,9,0.778,0,4,4,6,1,2,4,1,9,-16,1,Kobe Bryant,Regular Season,2014-15
22014,977,0021400114,"Nov 12, 2014",LAL @ NOP,L,36,10,28,0.357,5,11,0.455,8,8,1.0,0,4,4,5,1,0,1,1,33,-14,1,Kobe Bryant,Regular Season,2014-15
22014,977,0021400104,"Nov 11, 2014",LAL @ MEM,L,37,10,26,0.385,3,10,0.3,5,6,0.833,1,6,7,6,4,0,3,3,28,8,1,Kobe Bryant,Regular Season,2014-15
22014,977,0021400097,"Nov 09, 2014",LAL vs. CHA,W,34,7,20,0.35,1,5,0.2,6,7,0.857,0,6,6,4,1,0,4,1,21,7,1,Kobe Bryant,Regular Season,2014-15
22014,977,0021400056,"Nov 04, 2014",LAL vs. PHX,L,44,14,37,0.378,3,7,0.429,8,12,0.667,3,6,9,1,1,1,3,0,39,-5,1,Kobe Bryant,Regular Season,2014-15
22014,977,0021400038,"Nov 01, 2014",LAL @ GSW,L,36,12,28,0.429,1,6,0.167,3,6,0.5,1,5,6,1,2,0,7,3,28,-30,1,Kobe Bryant,Regular Season,2014-15
22014,977,0021400026,"Oct 31, 2014",LAL vs. LAC,L,35,6,15,0.4,1,5,0.2,8,11,0.727,0,4,4,7,2,0,3,5,21,-9,1,Kobe Bryant,Regular Season,2014-15
22014,977,0021400013,"Oct 29, 2014",LAL @ PHX,L,28,11,25,0.44,2,4,0.5,7,7,1.0,1,3,4,3,2,0,2,2,31,-26,1,Kobe Bryant,Regular Season,2014-15
22014,977,0021400003,"Oct 28, 2014",LAL vs. HOU,L,29,6,17,0.353,0,1,0.0,7,8,0.875,0,3,3,2,1,0,1,5,19,-11,1,Kobe Bryant,Regular Season,2014-15
22015,977,0021501228,"Apr 13, 2016",LAL vs. UTA,W,42,22,50,0.44,6,21,0.286,10,12,0.833,0,4,4,4,1,1,2,1,60,7,1,Kobe Bryant,Regular Season,2015-16
22015,977,0021501209,"Apr 11, 2016",LAL @ OKC,L,19,4,12,0.333,3,9,0.333,2,2,1.0,0,1,1,0,1,0,2,2,13,-24,1,Kobe Bryant,Regular Season,2015-16
22015,977,0021501195,"Apr 10, 2016",LAL @ HOU,L,27,10,22,0.455,4,11,0.364,11,11,1.0,0,2,2,1,2,0,4,1,35,-10,1,Kobe Bryant,Regular Season,2015-16
22015,977,0021501184,"Apr 08, 2016",LAL @ NOP,L,22,4,15,0.267,3,9,0.333,3,3,1.0,0,3,3,4,1,0,2,0,14,-16,1,Kobe Bryant,Regular Season,2015-16
22015,977,0021501172,"Apr 06, 2016",LAL vs. LAC,L,28,6,19,0.316,1,6,0.167,4,4,1.0,0,3,3,1,1,0,1,1,17,-15,1,Kobe Bryant,Regular Season,2015-16
22015,977,0021501164,"Apr 05, 2016",LAL @ LAC,L,22,2,12,0.167,0,2,0.0,2,2,1.0,1,1,2,0,2,0,2,1,6,-25,1,Kobe Bryant,Regular Season,2015-16
22015,977,0021501153,"Apr 03, 2016",LAL vs. BOS,L,33,11,28,0.393,4,11,0.364,8,10,0.8,1,3,4,1,3,0,0,4,34,-4,1,Kobe Bryant,Regular Season,2015-16
22015,977,0021501121,"Mar 30, 2016",LAL vs. MIA,W,9,1,7,0.143,0,2,0.0,0,0,0.0,1,1,2,0,0,0,1,0,2,-13,1,Kobe Bryant,Regular Season,2015-16
22015,977,0021501104,"Mar 28, 2016",LAL @ UTA,L,28,1,11,0.091,0,4,0.0,3,3,1.0,0,0,0,2,1,0,0,0,5,-43,1,Kobe Bryant,Regular Season,2015-16
22015,977,0021501096,"Mar 27, 2016",LAL vs. WAS,L,23,6,15,0.4,3,7,0.429,2,2,1.0,0,1,1,2,1,0,2,0,17,-11,1,Kobe Bryant,Regular Season,2015-16
22015,977,0021501081,"Mar 25, 2016",LAL vs. DEN,L,29,10,22,0.455,4,9,0.444,4,5,0.8,0,4,4,0,0,0,1,2,28,-6,1,Kobe Bryant,Regular Season,2015-16
22015,977,0021501065,"Mar 23, 2016",LAL @ PHX,L,28,5,13,0.385,3,8,0.375,4,4,1.0,0,3,3,2,0,1,1,1,17,-23,1,Kobe Bryant,Regular Season,2015-16
22015,977,0021501055,"Mar 22, 2016",LAL vs. MEM,W,30,7,18,0.389,2,5,0.4,4,4,1.0,0,2,2,1,1,1,4,4,20,11,1,Kobe Bryant,Regular Season,2015-16
22015,977,0021500987,"Mar 13, 2016",LAL vs. NYK,L,27,5,15,0.333,1,4,0.25,3,4,0.75,0,2,2,0,1,0,1,2,14,-18,1,Kobe Bryant,Regular Season,2015-16
22015,977,0021500962,"Mar 10, 2016",LAL vs. CLE,L,32,11,16,0.688,3,4,0.75,1,2,0.5,1,4,5,2,1,1,0,1,26,-8,1,Kobe Bryant,Regular Season,2015-16
22015,977,0021500931,"Mar 06, 2016",LAL vs. GSW,W,24,4,14,0.286,0,5,0.0,4,4,1.0,0,2,2,3,0,0,3,2,12,14,1,Kobe Bryant,Regular Season,2015-16
22015,977,0021500906,"Mar 02, 2016",LAL @ DEN,L,11,1,2,0.5,1,2,0.5,2,3,0.667,1,1,2,1,0,0,0,1,5,1,1,Kobe Bryant,Regular Season,2015-16
22015,977,0021500851,"Feb 24, 2016",LAL @ MEM,L,29,5,14,0.357,2,7,0.286,1,2,0.5,0,1,1,2,1,0,1,2,13,-7,1,Kobe Bryant,Regular Season,2015-16
22015,977,0021500837,"Feb 22, 2016",LAL @ MIL,L,24,3,12,0.25,1,5,0.2,8,9,0.889,0,5,5,2,1,0,2,3,15,-20,1,Kobe Bryant,Regular Season,2015-16
22015,977,0021500831,"Feb 21, 2016",LAL @ CHI,L,27,8,20,0.4,1,7,0.143,5,7,0.714,2,2,4,1,0,0,0,1,22,-1,1,Kobe Bryant,Regular Season,2015-16
22015,977,0021500818,"Feb 19, 2016",LAL vs. SAS,L,29,10,25,0.4,1,8,0.125,4,5,0.8,1,3,4,3,1,0,3,0,25,-3,1,Kobe Bryant,Regular Season,2015-16
22015,977,0021500795,"Feb 10, 2016",LAL @ CLE,L,33,5,16,0.313,3,7,0.429,4,4,1.0,0,6,6,3,1,0,3,2,17,-19,1,Kobe Bryant,Regular Season,2015-16
22015,977,0021500776,"Feb 08, 2016",LAL @ IND,L,33,6,25,0.24,4,14,0.286,3,4,0.75,1,4,5,0,0,0,0,0,19,-6,1,Kobe Bryant,Regular Season,2015-16
22015,977,0021500767,"Feb 06, 2016",LAL @ SAS,L,33,9,28,0.321,4,14,0.286,3,3,1.0,1,1,2,4,0,1,2,4,25,-2,1,Kobe Bryant,Regular Season,2015-16
22015,977,0021500747,"Feb 04, 2016",LAL @ NOP,W,32,10,24,0.417,4,11,0.364,3,4,0.75,3,9,12,2,2,0,1,0,27,16,1,Kobe Bryant,Regular Season,2015-16
22015,977,0021500734,"Feb 02, 2016",LAL vs. MIN,W,33,10,21,0.476,7,11,0.636,11,12,0.917,2,3,5,5,2,0,2,3,38,6,1,Kobe Bryant,Regular Season,2015-16
22015,977,0021500720,"Jan 31, 2016",LAL vs. CHA,L,23,8,18,0.444,4,8,0.5,3,3,1.0,1,7,8,3,2,0,0,1,23,1,1,Kobe Bryant,Regular Season,2015-16
22015,977,0021500697,"Jan 28, 2016",LAL vs. CHI,L,25,4,13,0.308,2,7,0.286,0,0,0.0,0,4,4,3,2,0,2,2,10,-9,1,Kobe Bryant,Regular Season,2015-16
22015,977,0021500662,"Jan 23, 2016",LAL @ POR,L,25,5,9,0.556,0,1,0.0,0,0,0.0,0,2,2,1,0,0,5,1,10,-17,1,Kobe Bryant,Regular Season,2015-16
22015,977,0021500653,"Jan 22, 2016",LAL vs. SAS,L,27,2,9,0.222,1,4,0.25,0,0,0.0,1,1,2,6,0,1,3,2,5,-15,1,Kobe Bryant,Regular Season,2015-16
22015,977,0021500638,"Jan 20, 2016",LAL vs. SAC,L,31,4,13,0.308,2,7,0.286,5,5,1.0,2,2,4,3,1,0,2,4,15,-13,1,Kobe Bryant,Regular Season,2015-16
22015,977,0021500614,"Jan 17, 2016",LAL vs. HOU,L,24,2,5,0.4,1,2,0.5,0,0,0.0,0,2,2,9,1,0,4,0,5,-12,1,Kobe Bryant,Regular Season,2015-16
22015,977,0021500608,"Jan 16, 2016",LAL @ UTA,L,15,2,8,0.25,0,3,0.0,1,1,1.0,1,0,1,2,0,0,0,0,5,-15,1,Kobe Bryant,Regular Season,2015-16
22015,977,0021500592,"Jan 14, 2016",LAL @ GSW,L,27,4,15,0.267,0,4,0.0,0,0,0.0,2,4,6,3,2,1,2,2,8,-11,1,Kobe Bryant,Regular Season,2015-16
22015,977,0021500576,"Jan 12, 2016",LAL vs. NOP,W,16,3,9,0.333,0,5,0.0,1,2,0.5,0,3,3,1,1,0,1,2,7,-6,1,Kobe Bryant,Regular Season,2015-16
22015,977,0021500549,"Jan 08, 2016",LAL vs. OKC,L,28,8,20,0.4,1,5,0.2,2,2,1.0,2,2,4,6,1,0,2,3,19,-14,1,Kobe Bryant,Regular Season,2015-16
22015,977,0021500539,"Jan 07, 2016",LAL @ SAC,L,31,10,19,0.526,2,6,0.333,6,8,0.75,1,1,2,3,0,1,3,2,28,-14,1,Kobe Bryant,Regular Season,2015-16
22015,977,0021500476,"Dec 30, 2015",LAL @ BOS,W,33,5,18,0.278,2,5,0.4,3,5,0.6,1,10,11,3,0,0,4,3,15,12,1,Kobe Bryant,Regular Season,2015-16
22015,977,0021500458,"Dec 28, 2015",LAL @ CHA,L,32,5,20,0.25,3,12,0.25,7,8,0.875,1,3,4,2,0,0,3,2,20,-13,1,Kobe Bryant,Regular Season,2015-16
22015,977,0021500455,"Dec 27, 2015",LAL @ MEM,L,24,6,15,0.4,2,8,0.25,5,6,0.833,0,2,2,3,0,0,3,2,19,-14,1,Kobe Bryant,Regular Season,2015-16
22015,977,0021500440,"Dec 25, 2015",LAL vs. LAC,L,26,4,10,0.4,3,5,0.6,1,4,0.25,0,3,3,3,2,0,3,0,12,-17,1,Kobe Bryant,Regular Season,2015-16
22015,977,0021500435,"Dec 23, 2015",LAL vs. OKC,L,28,7,22,0.318,2,7,0.286,3,3,1.0,1,0,1,3,1,0,2,3,19,-36,1,Kobe Bryant,Regular Season,2015-16
22015,977,0021500422,"Dec 22, 2015",LAL @ DEN,W,32,10,22,0.455,2,9,0.222,9,11,0.818,1,2,3,5,1,1,1,2,31,11,1,Kobe Bryant,Regular Season,2015-16
22015,977,0021500385,"Dec 17, 2015",LAL vs. HOU,L,32,9,16,0.563,2,6,0.333,2,7,0.286,1,7,8,3,0,1,2,2,22,-24,1,Kobe Bryant,Regular Season,2015-16
22015,977,0021500370,"Dec 15, 2015",LAL vs. MIL,W,27,7,15,0.467,3,7,0.429,5,5,1.0,0,3,3,6,0,0,2,2,22,20,1,Kobe Bryant,Regular Season,2015-16
22015,977,0021500349,"Dec 12, 2015",LAL @ HOU,L,31,9,16,0.563,4,9,0.444,3,3,1.0,2,5,7,6,3,0,0,0,25,3,1,Kobe Bryant,Regular Season,2015-16
22015,977,0021500342,"Dec 11, 2015",LAL @ SAS,L,29,5,12,0.417,1,5,0.2,1,2,0.5,1,5,6,4,0,0,2,1,12,-18,1,Kobe Bryant,Regular Season,2015-16
22015,977,0021500325,"Dec 09, 2015",LAL @ MIN,L,25,5,13,0.385,1,2,0.5,0,0,0.0,0,1,1,1,1,0,2,2,11,-12,1,Kobe Bryant,Regular Season,2015-16
22015,977,0021500308,"Dec 07, 2015",LAL @ TOR,L,32,8,16,0.5,1,4,0.25,4,5,0.8,0,8,8,4,2,0,4,3,21,-11,1,Kobe Bryant,Regular Season,2015-16
22015,977,0021500301,"Dec 06, 2015",LAL @ DET,L,26,2,15,0.133,1,6,0.167,0,0,0.0,0,3,3,1,1,0,3,2,5,-22,1,Kobe Bryant,Regular Season,2015-16
22015,977,0021500286,"Dec 04, 2015",LAL @ ATL,L,35,4,19,0.211,2,10,0.2,4,5,0.8,0,3,3,5,2,2,2,2,14,-15,1,Kobe Bryant,Regular Season,2015-16
22015,977,0021500269,"Dec 02, 2015",LAL @ WAS,W,36,10,24,0.417,4,11,0.364,7,8,0.875,0,2,2,3,1,0,2,1,31,-5,1,Kobe Bryant,Regular Season,2015-16
22015,977,0021500263,"Dec 01, 2015",LAL @ PHI,L,32,7,26,0.269,4,17,0.235,2,4,0.5,1,4,5,2,1,0,3,3,20,-21,1,Kobe Bryant,Regular Season,2015-16
22015,977,0021500253,"Nov 29, 2015",LAL vs. IND,L,33,4,20,0.2,2,7,0.286,3,4,0.75,1,3,4,3,1,0,1,1,13,-6,1,Kobe Bryant,Regular Season,2015-16
22015,977,0021500244,"Nov 28, 2015",LAL @ POR,L,34,7,20,0.35,1,5,0.2,6,7,0.857,0,2,2,2,0,0,1,1,21,-12,1,Kobe Bryant,Regular Season,2015-16
22015,977,0021500214,"Nov 24, 2015",LAL @ GSW,L,25,1,14,0.071,1,7,0.143,1,2,0.5,0,6,6,2,2,0,3,0,4,-20,1,Kobe Bryant,Regular Season,2015-16
22015,977,0021500201,"Nov 22, 2015",LAL vs. POR,L,31,6,22,0.273,0,5,0.0,6,7,0.857,1,3,4,4,1,1,0,1,18,-8,1,Kobe Bryant,Regular Season,2015-16
22015,977,0021500188,"Nov 20, 2015",LAL vs. TOR,L,37,5,13,0.385,0,5,0.0,0,0,0.0,0,4,4,5,2,0,3,2,10,-1,1,Kobe Bryant,Regular Season,2015-16
22015,977,0021500151,"Nov 15, 2015",LAL vs. DET,W,36,6,19,0.316,1,4,0.25,4,4,1.0,0,8,8,9,2,0,4,3,17,14,1,Kobe Bryant,Regular Season,2015-16
22015,977,0021500135,"Nov 13, 2015",LAL @ DAL,L,32,7,15,0.467,3,8,0.375,2,2,1.0,0,5,5,3,0,0,6,2,19,7,1,Kobe Bryant,Regular Season,2015-16
22015,977,0021500095,"Nov 08, 2015",LAL @ NYK,L,32,6,19,0.316,2,10,0.2,4,7,0.571,0,2,2,3,1,0,1,2,18,-1,1,Kobe Bryant,Regular Season,2015-16
22015,977,0021500077,"Nov 06, 2015",LAL @ BKN,W,31,5,16,0.313,1,4,0.25,7,8,0.875,0,3,3,3,0,0,3,3,18,-6,1,Kobe Bryant,Regular Season,2015-16
22015,977,0021500059,"Nov 03, 2015",LAL vs. DEN,L,29,4,11,0.364,1,5,0.2,2,3,0.667,1,1,2,5,2,0,1,5,11,-4,1,Kobe Bryant,Regular Season,2015-16
22015,977,0021500045,"Nov 01, 2015",LAL vs. DAL,L,31,3,15,0.2,2,8,0.25,7,7,1.0,2,3,5,1,0,0,1,5,15,-2,1,Kobe Bryant,Regular Season,2015-16
22015,977,0021500031,"Oct 30, 2015",LAL @ SAC,L,22,5,12,0.417,1,8,0.125,2,3,0.667,2,2,4,3,0,0,3,2,13,-18,1,Kobe Bryant,Regular Season,2015-16
22015,977,0021500017,"Oct 28, 2015",LAL vs. MIN,L,29,8,24,0.333,3,13,0.231,5,5,1.0,0,4,4,1,2,0,0,1,24,-6,1,Kobe Bryant,Regular Season,2015-16
22003,2544,0020301179,"Apr 14, 2004",CLE @ NYK,W,35,8,17,0.471,0,3,0.0,1,1,1.0,0,1,1,5,3,0,5,1,17,-6,0,LeBron James,Regular Season,2003-04
22003,2544,0020301162,"Apr 12, 2004",CLE vs. MIL,W,45,9,20,0.45,1,4,0.25,8,11,0.727,1,6,7,9,2,0,1,1,27,11,0,LeBron James,Regular Season,2003-04
22003,2544,0020301151,"Apr 10, 2004",CLE vs. MIA,W,32,4,11,0.364,0,2,0.0,2,5,0.4,1,2,3,11,0,0,2,3,10,14,0,LeBron James,Regular Season,2003-04
22003,2544,0020301137,"Apr 09, 2004",CLE @ MIA,L,42,6,14,0.429,1,1,1.0,11,15,0.733,1,6,7,8,1,0,8,2,24,-16,0,LeBron James,Regular Season,2003-04
22003,2544,0020301128,"Apr 07, 2004",CLE @ MEM,L,36,4,11,0.364,0,0,0.0,6,7,0.857,0,3,3,5,3,0,2,4,14,-11,0,LeBron James,Regular Season,2003-04
22003,2544,0020301115,"Apr 06, 2004",CLE vs. TOR,L,46,5,17,0.294,0,0,0.0,11,14,0.786,1,5,6,4,3,0,3,2,21,2,0,LeBron James,Regular Season,2003-04
22003,2544,0020301102,"Apr 03, 2004",CLE vs. GSW,L,46,12,28,0.429,3,5,0.6,7,11,0.636,3,5,8,10,1,1,3,1,34,-3,0,LeBron James,Regular Season,2003-04
22003,2544,0020301097,"Apr 02, 2004",CLE @ MIL,L,36,9,19,0.474,0,0,0.0,2,2,1.0,0,7,7,7,5,0,5,3,20,-13,0,LeBron James,Regular Season,2003-04
22003,2544,0020301073,"Mar 30, 2004",CLE @ DAL,L,42,13,22,0.591,0,2,0.0,2,4,0.5,1,4,5,6,4,0,3,2,28,-10,0,LeBron James,Regular Season,2003-04
22003,2544,0020301069,"Mar 29, 2004",CLE @ SAS,L,32,9,20,0.45,0,1,0.0,0,0,0.0,0,2,2,4,0,1,2,0,18,-14,0,LeBron James,Regular Season,2003-04
22003,2544,0020301050,"Mar 27, 2004",CLE vs. NJN,W,43,15,29,0.517,1,2,0.5,10,10,1.0,2,4,6,13,3,0,2,1,41,10,0,LeBron James,Regular Season,2003-04
22003,2544,0020301038,"Mar 26, 2004",CLE @ PHI,L,33,5,13,0.385,1,2,0.5,5,9,0.556,2,1,3,7,0,1,5,1,16,-24,0,LeBron James,Regular Season,2003-04
22003,2544,0020301018,"Mar 23, 2004",CLE vs. PHX,L,42,8,21,0.381,2,5,0.4,7,9,0.778,1,1,2,6,3,1,5,0,25,-12,0,LeBron James,Regular Season,2003-04
22003,2544,0020301008,"Mar 21, 2004",CLE vs. DET,L,36,5,17,0.294,1,4,0.25,4,5,0.8,2,5,7,3,0,2,4,4,15,-21,0,LeBron James,Regular Season,2003-04
22003,2544,0020300989,"Mar 19, 2004",CLE vs. UTA,L,33,4,14,0.286,0,2,0.0,6,10,0.6,0,0,0,7,2,1,2,3,14,-2,0,LeBron James,Regular Season,2003-04
22003,2544,0020300967,"Mar 16, 2004",CLE vs. CHI,W,32,5,16,0.313,2,3,0.667,5,8,0.625,3,2,5,8,0,5,4,1,17,24,0,LeBron James,Regular Season,2003-04
22003,2544,0020300957,"Mar 14, 2004",CLE vs. IND,W,44,12,22,0.545,0,2,0.0,2,4,0.5,0,3,3,4,3,1,4,3,26,5,0,LeBron James,Regular Season,2003-04
22003,2544,0020300928,"Mar 10, 2004",CLE @ TOR,W,34,4,13,0.308,0,0,0.0,6,7,0.857,1,2,3,4,1,0,2,2,14,16,0,LeBron James,Regular Season,2003-04
22003,2544,0020300914,"Mar 08, 2004",CLE @ ATL,W,45,11,23,0.478,1,4,0.25,11,13,0.846,2,4,6,7,1,0,2,1,34,11,0,LeBron James,Regular Season,2003-04
22003,2544,0020300899,"Mar 06, 2004",CLE vs. MIL,W,43,11,24,0.458,0,3,0.0,2,3,0.667,2,5,7,10,4,1,2,3,24,9,0,LeBron James,Regular Season,2003-04
22003,2544,0020300890,"Mar 05, 2004",CLE @ NOH,W,37,7,17,0.412,2,2,1.0,3,4,0.75,2,4,6,4,2,0,4,5,19,1,0,LeBron James,Regular Season,2003-04
22003,2544,0020300876,"Mar 03, 2004",CLE vs. ATL,W,28,9,17,0.529,1,2,0.5,5,6,0.833,1,6,7,3,1,1,1,0,24,22,0,LeBron James,Regular Season,2003-04
22003,2544,0020300865,"Mar 01, 2004",CLE @ CHI,L,41,7,17,0.412,0,2,0.0,4,6,0.667,0,3,3,3,4,1,3,2,18,-4,0,LeBron James,Regular Season,2003-04
22003,2544,0020300838,"Feb 27, 2004",CLE @ ORL,W,49,11,19,0.579,1,1,1.0,7,8,0.875,1,10,11,3,3,1,5,1,30,7,0,LeBron James,Regular Season,2003-04
22003,2544,0020300830,"Feb 25, 2004",CLE @ HOU,L,39,5,18,0.278,0,2,0.0,1,3,0.333,2,5,7,5,2,1,2,1,11,-5,0,LeBron James,Regular Season,2003-04
22003,2544,0020300812,"Feb 23, 2004",CLE vs. NOH,W,36,7,16,0.438,1,5,0.2,6,6,1.0,0,4,4,6,2,5,1,3,21,4,0,LeBron James,Regular Season,2003-04
22003,2544,0020300802,"Feb 22, 2004",CLE @ NYK,W,44,7,20,0.35,0,0,0.0,8,12,0.667,1,4,5,3,1,0,1,2,22,11,0,LeBron James,Regular Season,2003-04
22003,2544,0020300789,"Feb 20, 2004",CLE vs. SAS,W,39,14,23,0.609,0,0,0.0,4,4,1.0,2,9,11,2,2,1,2,0,32,3,0,LeBron James,Regular Season,2003-04
22003,2544,0020300775,"Feb 18, 2004",CLE vs. DAL,L,34,6,12,0.5,0,0,0.0,4,4,1.0,2,2,4,9,0,1,5,2,16,-15,0,LeBron James,Regular Season,2003-04
22003,2544,0020300752,"Feb 11, 2004",CLE vs. NJN,L,29,2,13,0.154,0,1,0.0,5,5,1.0,1,1,2,5,1,0,5,0,9,-12,0,LeBron James,Regular Season,2003-04
22003,2544,0020300737,"Feb 09, 2004",CLE vs. BOS,W,43,9,25,0.36,1,6,0.167,5,6,0.833,0,6,6,3,2,1,1,3,24,19,0,LeBron James,Regular Season,2003-04
22003,2544,0020300725,"Feb 07, 2004",CLE vs. WAS,L,34,6,16,0.375,0,0,0.0,2,2,1.0,0,0,0,6,4,1,3,2,14,-24,0,LeBron James,Regular Season,2003-04
22003,2544,0020300715,"Feb 06, 2004",CLE @ MIN,L,44,6,18,0.333,1,3,0.333,1,4,0.25,1,8,9,5,0,0,3,2,14,-16,0,LeBron James,Regular Season,2003-04
22003,2544,0020300703,"Feb 04, 2004",CLE vs. LAL,L,43,12,26,0.462,4,4,1.0,4,5,0.8,0,4,4,4,0,0,0,0,32,-2,0,LeBron James,Regular Season,2003-04
22003,2544,0020300694,"Feb 03, 2004",CLE @ DET,W,38,5,19,0.263,0,1,0.0,2,2,1.0,1,3,4,6,2,0,1,2,12,-1,0,LeBron James,Regular Season,2003-04
22003,2544,0020300680,"Feb 01, 2004",CLE @ WAS,W,43,14,27,0.519,1,2,0.5,9,11,0.818,3,3,6,4,0,2,6,4,38,0,0,LeBron James,Regular Season,2003-04
22003,2544,0020300666,"Jan 30, 2004",CLE @ MIL,L,37,7,25,0.28,1,6,0.167,5,8,0.625,2,6,8,3,1,0,5,5,20,3,0,LeBron James,Regular Season,2003-04
22003,2544,0020300647,"Jan 28, 2004",CLE vs. MIA,W,44,10,25,0.4,0,1,0.0,7,10,0.7,0,5,5,4,2,1,1,1,27,2,0,LeBron James,Regular Season,2003-04
22003,2544,0020300635,"Jan 26, 2004",CLE vs. ORL,W,30,7,19,0.368,1,2,0.5,1,2,0.5,0,5,5,3,0,2,3,4,16,-10,0,LeBron James,Regular Season,2003-04
22003,2544,0020300573,"Jan 17, 2004",CLE @ UTA,W,45,12,28,0.429,2,4,0.5,3,5,0.6,1,6,7,2,2,1,4,2,29,8,0,LeBron James,Regular Season,2003-04
22003,2544,0020300556,"Jan 15, 2004",CLE @ GSW,L,43,8,21,0.381,2,5,0.4,11,13,0.846,2,4,6,6,3,0,2,0,29,-14,0,LeBron James,Regular Season,2003-04
22003,2544,0020300541,"Jan 13, 2004",CLE @ SEA,W,44,11,26,0.423,0,1,0.0,5,6,0.833,4,5,9,9,2,0,4,2,27,11,0,LeBron James,Regular Season,2003-04
22003,2544,0020300531,"Jan 12, 2004",CLE @ LAL,L,37,6,20,0.3,0,3,0.0,4,5,0.8,1,4,5,7,1,1,6,3,16,3,0,LeBron James,Regular Season,2003-04
22003,2544,0020300508,"Jan 09, 2004",CLE @ BOS,L,43,7,19,0.368,0,3,0.0,5,7,0.714,0,3,3,6,3,0,5,1,19,-30,0,LeBron James,Regular Season,2003-04
22003,2544,0020300494,"Jan 07, 2004",CLE @ TOR,L,38,10,23,0.435,0,3,0.0,1,2,0.5,0,2,2,5,0,0,2,3,21,-2,0,LeBron James,Regular Season,2003-04
22003,2544,0020300485,"Jan 06, 2004",CLE vs. NYK,W,41,6,17,0.353,0,2,0.0,2,2,1.0,0,4,4,10,1,1,4,1,14,10,0,LeBron James,Regular Season,2003-04
22003,2544,0020300455,"Jan 02, 2004",CLE @ NJN,L,37,6,19,0.316,0,4,0.0,2,4,0.5,1,3,4,9,1,0,3,2,14,-14,0,LeBron James,Regular Season,2003-04
22003,2544,0020300440,"Dec 30, 2003",CLE vs. IND,L,38,9,20,0.45,0,4,0.0,4,6,0.667,2,8,10,4,0,0,4,2,22,-2,0,LeBron James,Regular Season,2003-04
22003,2544,0020300424,"Dec 28, 2003",CLE vs. POR,W,39,15,23,0.652,0,2,0.0,2,2,1.0,3,7,10,9,3,0,5,1,32,11,0,LeBron James,Regular Season,2003-04
22003,2544,0020300405,"Dec 26, 2003",CLE vs. CHI,L,34,7,24,0.292,1,4,0.25,3,4,0.75,1,2,3,4,1,2,5,0,18,-12,0,LeBron James,Regular Season,2003-04
22003,2544,0020300401,"Dec 25, 2003",CLE @ ORL,L,47,13,28,0.464,4,10,0.4,4,5,0.8,1,1,2,6,2,1,8,0,34,-9,0,LeBron James,Regular Season,2003-04
22003,2544,0020300389,"Dec 23, 2003",CLE vs. NOH,W,39,7,22,0.318,1,6,0.167,7,8,0.875,2,4,6,2,6,1,5,1,22,9,0,LeBron James,Regular Season,2003-04
22003,2544,0020300374,"Dec 20, 2003",CLE @ CHI,W,42,11,22,0.5,0,5,0.0,10,12,0.833,1,5,6,10,2,2,4,2,32,9,0,LeBron James,Regular Season,2003-04
22003,2544,0020300360,"Dec 19, 2003",CLE @ PHI,W,42,14,24,0.583,5,7,0.714,3,3,1.0,1,3,4,5,4,0,4,1,36,9,0,LeBron James,Regular Season,2003-04
22003,2544,0020300348,"Dec 17, 2003",CLE vs. HOU,L,36,7,19,0.368,2,4,0.5,1,2,0.5,0,1,1,3,0,0,2,2,17,-9,0,LeBron James,Regular Season,2003-04
22003,2544,0020300334,"Dec 15, 2003",CLE @ IND,L,44,10,16,0.625,0,3,0.0,7,8,0.875,1,3,4,6,3,3,6,1,27,-12,0,LeBron James,Regular Season,2003-04
22003,2544,0020300322,"Dec 13, 2003",CLE vs. BOS,L,45,10,20,0.5,1,5,0.2,16,18,0.889,1,2,3,4,0,0,2,2,37,-2,0,LeBron James,Regular Season,2003-04
22003,2544,0020300306,"Dec 11, 2003",CLE vs. DET,W,43,8,21,0.381,1,3,0.333,6,8,0.75,1,2,3,9,1,1,4,3,23,9,0,LeBron James,Regular Season,2003-04
22003,2544,0020300289,"Dec 09, 2003",CLE vs. TOR,L,37,7,16,0.438,0,0,0.0,4,4,1.0,0,5,5,3,1,0,2,2,18,-2,0,LeBron James,Regular Season,2003-04
22003,2544,0020300273,"Dec 06, 2003",CLE vs. ATL,W,36,4,12,0.333,0,2,0.0,0,0,0.0,1,5,6,5,2,1,3,2,8,-5,0,LeBron James,Regular Season,2003-04
22003,2544,0020300255,"Dec 03, 2003",CLE @ LAC,L,34,2,13,0.154,0,3,0.0,0,0,0.0,4,2,6,8,2,0,5,2,4,3,0,LeBron James,Regular Season,2003-04
22003,2544,0020300245,"Dec 02, 2003",CLE @ DEN,L,33,6,19,0.316,2,3,0.667,5,7,0.714,3,3,6,5,2,0,2,4,19,-12,0,LeBron James,Regular Season,2003-04
22003,2544,0020300227,"Nov 29, 2003",CLE vs. MEM,L,55,14,28,0.5,3,6,0.5,2,3,0.667,2,14,16,7,1,1,8,1,33,-10,0,LeBron James,Regular Season,2003-04
22003,2544,0020300214,"Nov 28, 2003",CLE @ DET,L,36,2,8,0.25,0,2,0.0,2,3,0.667,0,2,2,7,0,0,4,3,6,-10,0,LeBron James,Regular Season,2003-04
22003,2544,0020300203,"Nov 26, 2003",CLE @ NOH,L,39,5,17,0.294,1,4,0.25,4,4,1.0,2,6,8,9,0,0,4,1,15,-13,0,LeBron James,Regular Season,2003-04
22003,2544,0020300177,"Nov 22, 2003",CLE @ ATL,L,42,3,16,0.188,0,1,0.0,9,10,0.9,2,4,6,4,2,1,3,1,15,-6,0,LeBron James,Regular Season,2003-04
22003,2544,0020300166,"Nov 21, 2003",CLE vs. MIN,L,35,8,19,0.421,0,2,0.0,3,3,1.0,2,7,9,2,1,0,1,4,19,-3,0,LeBron James,Regular Season,2003-04
22003,2544,0020300153,"Nov 19, 2003",CLE @ WAS,L,39,10,18,0.556,2,4,0.5,6,8,0.75,2,5,7,8,2,1,4,2,28,-5,0,LeBron James,Regular Season,2003-04
22003,2544,0020300144,"Nov 18, 2003",CLE vs. LAC,W,39,6,16,0.375,0,2,0.0,2,4,0.5,2,5,7,8,0,1,3,2,14,1,0,LeBron James,Regular Season,2003-04
22003,2544,0020300130,"Nov 15, 2003",CLE vs. PHI,W,47,10,19,0.526,0,1,0.0,2,4,0.5,0,5,5,8,1,2,5,2,22,8,0,LeBron James,Regular Season,2003-04
22003,2544,0020300115,"Nov 14, 2003",CLE @ BOS,L,35,3,12,0.25,2,4,0.5,2,4,0.5,1,4,5,3,0,0,4,3,10,-1,0,LeBron James,Regular Season,2003-04
22003,2544,0020300106,"Nov 12, 2003",CLE @ MIA,L,42,6,15,0.4,2,5,0.4,4,6,0.667,1,2,3,7,2,1,4,3,18,-4,0,LeBron James,Regular Season,2003-04
22003,2544,0020300090,"Nov 10, 2003",CLE vs. NYK,W,34,7,12,0.583,3,3,1.0,0,0,0.0,1,4,5,4,1,1,2,0,17,20,0,LeBron James,Regular Season,2003-04
22003,2544,0020300078,"Nov 08, 2003",CLE vs. WAS,W,45,8,19,0.421,0,0,0.0,1,4,0.25,5,3,8,9,1,1,2,1,17,14,0,LeBron James,Regular Season,2003-04
22003,2544,0020300068,"Nov 07, 2003",CLE @ IND,L,44,8,18,0.444,1,2,0.5,6,7,0.857,0,5,5,3,0,0,7,2,23,-7,0,LeBron James,Regular Season,2003-04
22003,2544,0020300057,"Nov 05, 2003",CLE vs. DEN,L,41,3,11,0.273,0,2,0.0,1,1,1.0,2,9,11,7,2,3,2,1,7,-3,0,LeBron James,Regular Season,2003-04
22003,2544,0020300038,"Nov 01, 2003",CLE @ POR,L,39,3,12,0.25,0,1,0.0,2,2,1.0,0,4,4,6,2,0,2,3,8,-21,0,LeBron James,Regular Season,2003-04
22003,2544,0020300018,"Oct 30, 2003",CLE @ PHX,L,41,8,17,0.471,1,5,0.2,4,7,0.571,2,10,12,8,1,0,7,1,21,-3,0,LeBron James,Regular Season,2003-04
22003,2544,0020300014,"Oct 29, 2003",CLE @ SAC,L,42,12,20,0.6,0,2,0.0,1,3,0.333,2,4,6,9,4,0,2,3,25,-9,0,LeBron James,Regular Season,2003-04
22004,2544,0020401218,"Apr 20, 2005",CLE @ TOR,W,48,10,23,0.435,2,8,0.25,5,10,0.5,2,12,14,14,0,1,2,1,27,9,0,LeBron James,Regular Season,2004-05
22004,2544,0020401209,"Apr 19, 2005",CLE vs. BOS,W,47,13,27,0.481,2,3,0.667,4,5,0.8,1,7,8,6,5,0,3,3,32,13,0,LeBron James,Regular Season,2004-05
22004,2544,0020401194,"Apr 17, 2005",CLE @ DET,L,45,12,35,0.343,2,7,0.286,11,14,0.786,3,8,11,6,0,1,1,0,37,-6,0,LeBron James,Regular Season,2004-05
22004,2544,0020401174,"Apr 15, 2005",CLE @ WAS,L,48,16,33,0.485,1,6,0.167,5,8,0.625,2,4,6,6,1,0,1,3,38,-8,0,LeBron James,Regular Season,2004-05
22004,2544,0020401171,"Apr 14, 2005",CLE vs. NYK,L,42,7,25,0.28,4,13,0.308,9,14,0.643,1,17,18,7,2,2,4,3,27,1,0,LeBron James,Regular Season,2004-05
22004,2544,0020401148,"Apr 11, 2005",CLE @ ORL,W,48,12,23,0.522,1,6,0.167,8,10,0.8,1,6,7,6,5,1,2,4,33,8,0,LeBron James,Regular Season,2004-05
22004,2544,0020401134,"Apr 09, 2005",CLE vs. MIL,W,47,15,26,0.577,7,13,0.538,3,3,1.0,1,9,10,10,2,1,3,2,40,13,0,LeBron James,Regular Season,2004-05
22004,2544,0020401120,"Apr 08, 2005",CLE @ PHI,L,48,12,30,0.4,2,6,0.333,11,11,1.0,4,9,13,7,5,0,5,1,37,-5,0,LeBron James,Regular Season,2004-05
22004,2544,0020401110,"Apr 06, 2005",CLE @ IND,L,33,9,18,0.5,0,3,0.0,2,4,0.5,2,2,4,3,1,0,2,2,20,-15,0,LeBron James,Regular Season,2004-05
22004,2544,0020401096,"Apr 05, 2005",CLE vs. NJN,L,40,9,19,0.474,3,6,0.5,3,6,0.5,2,7,9,4,2,2,6,2,24,-21,0,LeBron James,Regular Season,2004-05
22004,2544,0020401085,"Apr 03, 2005",CLE vs. DAL,W,48,10,23,0.435,4,8,0.5,13,13,1.0,2,8,10,7,2,1,6,3,37,20,0,LeBron James,Regular Season,2004-05
22004,2544,0020401072,"Apr 01, 2005",CLE vs. SAC,L,44,13,21,0.619,2,4,0.5,7,10,0.7,0,8,8,9,2,0,7,2,35,-15,0,LeBron James,Regular Season,2004-05
22004,2544,0020401064,"Mar 31, 2005",CLE @ CHI,L,53,10,28,0.357,1,4,0.25,5,11,0.455,4,2,6,7,4,2,3,5,26,-12,0,LeBron James,Regular Season,2004-05
22004,2544,0020401048,"Mar 29, 2005",CLE vs. LAC,W,41,7,20,0.35,2,8,0.25,6,7,0.857,0,7,7,5,2,1,1,0,22,11,0,LeBron James,Regular Season,2004-05
22004,2544,0020401041,"Mar 28, 2005",CLE @ NOK,W,53,16,29,0.552,3,10,0.3,9,11,0.818,2,4,6,3,4,0,10,3,44,1,0,LeBron James,Regular Season,2004-05
22004,2544,0020401029,"Mar 26, 2005",CLE @ DAL,L,36,7,17,0.412,0,2,0.0,5,6,0.833,1,3,4,6,0,0,3,1,19,-24,0,LeBron James,Regular Season,2004-05
22004,2544,0020401008,"Mar 24, 2005",CLE @ HOU,L,42,7,22,0.318,1,4,0.25,4,7,0.571,0,4,4,8,1,0,2,1,19,-17,0,LeBron James,Regular Season,2004-05
22004,2544,0020400990,"Mar 22, 2005",CLE vs. DET,W,43,11,24,0.458,2,7,0.286,5,8,0.625,1,5,6,6,1,0,0,1,29,21,0,LeBron James,Regular Season,2004-05
22004,2544,0020400977,"Mar 20, 2005",CLE @ TOR,L,48,18,36,0.5,6,12,0.5,14,15,0.933,2,8,10,5,2,0,4,0,56,-7,0,LeBron James,Regular Season,2004-05
22004,2544,0020400959,"Mar 18, 2005",CLE vs. PHI,L,46,3,20,0.15,0,4,0.0,10,12,0.833,0,8,8,8,4,0,4,0,16,-8,0,LeBron James,Regular Season,2004-05
22004,2544,0020400948,"Mar 16, 2005",CLE @ MIL,L,45,13,26,0.5,4,9,0.444,4,7,0.571,1,6,7,6,1,0,5,0,34,-14,0,LeBron James,Regular Season,2004-05
22004,2544,0020400938,"Mar 15, 2005",CLE vs. UTA,W,35,11,15,0.733,2,5,0.4,12,16,0.75,2,7,9,2,0,1,1,1,36,22,0,LeBron James,Regular Season,2004-05
22004,2544,0020400928,"Mar 13, 2005",CLE vs. IND,W,44,12,23,0.522,1,5,0.2,10,11,0.909,2,3,5,5,1,0,4,1,35,12,0,LeBron James,Regular Season,2004-05
22004,2544,0020400887,"Mar 08, 2005",CLE vs. ORL,W,40,9,22,0.409,2,6,0.333,3,4,0.75,0,7,7,8,1,1,1,3,23,18,0,LeBron James,Regular Season,2004-05
22004,2544,0020400878,"Mar 06, 2005",CLE vs. MIA,L,41,9,19,0.474,0,1,0.0,5,7,0.714,0,4,4,5,2,0,1,1,23,-17,0,LeBron James,Regular Season,2004-05
22004,2544,0020400854,"Mar 04, 2005",CLE @ PHI,L,40,12,21,0.571,0,1,0.0,10,12,0.833,1,6,7,7,4,0,6,1,34,-10,0,LeBron James,Regular Season,2004-05
22004,2544,0020400844,"Mar 02, 2005",CLE vs. SEA,L,41,11,20,0.55,5,7,0.714,5,8,0.625,0,5,5,5,0,0,4,2,32,-7,0,LeBron James,Regular Season,2004-05
22004,2544,0020400830,"Feb 28, 2005",CLE vs. SAS,L,45,6,22,0.273,1,4,0.25,7,10,0.7,1,7,8,7,0,0,2,3,20,2,0,LeBron James,Regular Season,2004-05
22004,2544,0020400820,"Feb 27, 2005",CLE @ NJN,L,45,9,20,0.45,1,2,0.5,9,10,0.9,1,3,4,7,2,0,5,4,28,-10,0,LeBron James,Regular Season,2004-05
22004,2544,0020400805,"Feb 25, 2005",CLE @ IND,L,41,9,25,0.36,0,1,0.0,3,4,0.75,3,4,7,5,2,1,2,0,21,-11,0,LeBron James,Regular Season,2004-05
22004,2544,0020400791,"Feb 23, 2005",CLE vs. CHI,W,44,8,17,0.471,1,1,1.0,10,15,0.667,1,5,6,11,5,0,3,2,27,7,0,LeBron James,Regular Season,2004-05
22004,2544,0020400780,"Feb 17, 2005",CLE @ MIN,L,41,10,19,0.526,1,2,0.5,5,6,0.833,2,5,7,8,1,0,2,0,26,-1,0,LeBron James,Regular Season,2004-05
22004,2544,0020400773,"Feb 16, 2005",CLE vs. ATL,W,37,11,20,0.55,2,2,1.0,4,5,0.8,0,5,5,6,3,0,3,0,28,27,0,LeBron James,Regular Season,2004-05
22004,2544,0020400746,"Feb 13, 2005",CLE vs. LAL,W,46,8,20,0.4,0,0,0.0,9,10,0.9,2,6,8,9,3,1,3,3,25,9,0,LeBron James,Regular Season,2004-05
22004,2544,0020400736,"Feb 11, 2005",CLE vs. DEN,L,43,12,29,0.414,1,6,0.167,10,12,0.833,2,4,6,6,1,0,4,2,35,-13,0,LeBron James,Regular Season,2004-05
22004,2544,0020400710,"Feb 08, 2005",CLE vs. TOR,W,36,6,14,0.429,0,3,0.0,3,4,0.75,1,7,8,11,3,0,2,1,15,15,0,LeBron James,Regular Season,2004-05
22004,2544,0020400693,"Feb 05, 2005",CLE vs. ORL,W,45,9,21,0.429,0,3,0.0,12,13,0.923,0,6,6,9,2,0,1,2,30,10,0,LeBron James,Regular Season,2004-05
22004,2544,0020400677,"Feb 03, 2005",CLE @ MIA,L,46,11,23,0.478,1,3,0.333,8,12,0.667,2,0,2,10,3,0,2,2,31,-8,0,LeBron James,Regular Season,2004-05
22004,2544,0020400660,"Feb 01, 2005",CLE @ ORL,L,43,10,20,0.5,0,3,0.0,8,13,0.615,2,3,5,7,0,1,3,2,28,-3,0,LeBron James,Regular Season,2004-05
22004,2544,0020400615,"Jan 26, 2005",CLE vs. MEM,W,42,10,16,0.625,4,6,0.667,3,4,0.75,1,8,9,15,3,2,5,1,27,7,0,LeBron James,Regular Season,2004-05
22004,2544,0020400599,"Jan 24, 2005",CLE vs. WAS,L,48,12,26,0.462,1,1,1.0,6,10,0.6,4,6,10,8,2,1,5,3,31,-9,0,LeBron James,Regular Season,2004-05
22004,2544,0020400591,"Jan 22, 2005",CLE @ GSW,W,43,13,24,0.542,0,1,0.0,2,2,1.0,1,11,12,10,1,1,3,1,28,19,0,LeBron James,Regular Season,2004-05
22004,2544,0020400572,"Jan 20, 2005",CLE @ SAC,L,37,9,19,0.474,0,1,0.0,0,1,0.0,1,7,8,6,1,0,3,0,18,-24,0,LeBron James,Regular Season,2004-05
22004,2544,0020400568,"Jan 19, 2005",CLE @ POR,W,44,11,16,0.688,1,1,1.0,4,6,0.667,1,10,11,10,4,0,2,4,27,0,0,LeBron James,Regular Season,2004-05
22004,2544,0020400543,"Jan 16, 2005",CLE @ SEA,L,44,14,30,0.467,3,7,0.429,4,6,0.667,2,3,5,11,4,1,1,4,35,-7,0,LeBron James,Regular Season,2004-05
22004,2544,0020400539,"Jan 15, 2005",CLE @ UTA,W,41,9,20,0.45,0,1,0.0,9,14,0.643,1,7,8,5,5,0,3,2,27,11,0,LeBron James,Regular Season,2004-05
22004,2544,0020400518,"Jan 13, 2005",CLE @ LAL,L,44,12,26,0.462,1,4,0.25,3,4,0.75,3,10,13,9,1,1,4,1,28,-1,0,LeBron James,Regular Season,2004-05
22004,2544,0020400497,"Jan 11, 2005",CLE vs. CHA,W,49,11,24,0.458,2,5,0.4,5,7,0.714,1,7,8,9,2,1,8,1,29,7,0,LeBron James,Regular Season,2004-05
22004,2544,0020400478,"Jan 08, 2005",CLE vs. NYK,W,32,10,14,0.714,0,0,0.0,2,2,1.0,1,2,3,4,0,2,8,2,22,5,0,LeBron James,Regular Season,2004-05
22004,2544,0020400457,"Jan 05, 2005",CLE vs. ATL,W,40,7,14,0.5,2,5,0.4,4,6,0.667,1,5,6,9,1,1,2,4,20,10,0,LeBron James,Regular Season,2004-05
22004,2544,0020400442,"Jan 03, 2005",CLE @ CHA,W,41,11,19,0.579,0,3,0.0,4,6,0.667,2,6,8,6,2,0,1,3,26,14,0,LeBron James,Regular Season,2004-05
22004,2544,0020400411,"Dec 29, 2004",CLE vs. HOU,L,17,0,5,0.0,0,1,0.0,3,5,0.6,0,3,3,5,0,0,0,0,3,-10,0,LeBron James,Regular Season,2004-05
22004,2544,0020400401,"Dec 28, 2004",CLE @ ATL,W,46,13,25,0.52,3,5,0.6,11,14,0.786,1,8,9,7,1,0,1,2,40,8,0,LeBron James,Regular Season,2004-05
22004,2544,0020400384,"Dec 26, 2004",CLE vs. NOK,W,45,7,16,0.438,0,1,0.0,8,9,0.889,1,8,9,14,4,1,5,2,22,8,0,LeBron James,Regular Season,2004-05
22004,2544,0020400370,"Dec 22, 2004",CLE @ NJN,L,42,7,18,0.389,1,1,1.0,8,10,0.8,1,8,9,9,1,0,4,2,23,-3,0,LeBron James,Regular Season,2004-05
22004,2544,0020400361,"Dec 21, 2004",CLE vs. MIN,W,43,10,18,0.556,0,1,0.0,6,8,0.75,0,6,6,12,1,0,2,2,26,13,0,LeBron James,Regular Season,2004-05
22004,2544,0020400343,"Dec 18, 2004",CLE vs. BOS,L,40,12,25,0.48,3,5,0.6,4,8,0.5,1,4,5,4,3,1,4,6,31,-1,0,LeBron James,Regular Season,2004-05
22004,2544,0020400326,"Dec 16, 2004",CLE @ DET,L,45,4,21,0.19,0,2,0.0,3,5,0.6,1,8,9,7,4,1,3,2,11,-8,0,LeBron James,Regular Season,2004-05
22004,2544,0020400319,"Dec 15, 2004",CLE vs. POR,W,37,10,18,0.556,2,3,0.667,3,3,1.0,2,9,11,7,3,2,3,1,25,18,0,LeBron James,Regular Season,2004-05
22004,2544,0020400303,"Dec 13, 2004",CLE @ MEM,W,46,14,22,0.636,1,3,0.333,2,4,0.5,0,5,5,8,7,0,3,2,31,10,0,LeBron James,Regular Season,2004-05
22004,2544,0020400292,"Dec 11, 2004",CLE @ SAS,L,42,10,19,0.526,1,3,0.333,2,2,1.0,3,3,6,10,4,0,3,2,23,-18,0,LeBron James,Regular Season,2004-05
22004,2544,0020400269,"Dec 08, 2004",CLE @ CHI,L,38,5,15,0.333,0,2,0.0,9,12,0.75,0,2,2,6,1,1,4,2,19,-22,0,LeBron James,Regular Season,2004-05
22004,2544,0020400256,"Dec 07, 2004",CLE vs. NJN,W,46,11,22,0.5,0,1,0.0,5,6,0.833,0,2,2,8,3,0,3,4,27,6,0,LeBron James,Regular Season,2004-05
22004,2544,0020400236,"Dec 04, 2004",CLE vs. TOR,W,43,10,17,0.588,1,3,0.333,6,7,0.857,0,6,6,10,2,1,3,2,27,15,0,LeBron James,Regular Season,2004-05
22004,2544,0020400223,"Dec 02, 2004",CLE @ DEN,W,41,8,17,0.471,0,0,0.0,1,2,0.5,1,7,8,9,2,1,5,3,17,23,0,LeBron James,Regular Season,2004-05
22004,2544,0020400218,"Dec 01, 2004",CLE @ PHO,L,40,6,19,0.316,0,2,0.0,3,4,0.75,1,2,3,6,2,1,6,2,15,-17,0,LeBron James,Regular Season,2004-05
22004,2544,0020400201,"Nov 29, 2004",CLE @ LAC,L,42,9,19,0.474,0,2,0.0,4,5,0.8,1,6,7,5,6,1,3,2,22,-16,0,LeBron James,Regular Season,2004-05
22004,2544,0020400187,"Nov 27, 2004",CLE vs. CHI,W,32,11,17,0.647,1,2,0.5,3,4,0.75,1,6,7,7,1,0,2,0,26,25,0,LeBron James,Regular Season,2004-05
22004,2544,0020400172,"Nov 26, 2004",CLE @ BOS,W,43,9,13,0.692,0,2,0.0,2,3,0.667,0,6,6,8,3,1,2,2,20,6,0,LeBron James,Regular Season,2004-05
22004,2544,0020400163,"Nov 24, 2004",CLE vs. DET,W,38,15,22,0.682,2,3,0.667,11,12,0.917,3,3,6,5,3,1,3,3,43,12,0,LeBron James,Regular Season,2004-05
22004,2544,0020400141,"Nov 21, 2004",CLE @ NYK,L,40,5,15,0.333,1,3,0.333,2,3,0.667,2,7,9,10,1,1,5,3,13,1,0,LeBron James,Regular Season,2004-05
22004,2544,0020400131,"Nov 20, 2004",CLE vs. CHA,W,38,11,20,0.55,0,2,0.0,3,4,0.75,5,3,8,2,3,1,7,0,25,24,0,LeBron James,Regular Season,2004-05
22004,2544,0020400118,"Nov 18, 2004",CLE @ CHA,W,30,8,14,0.571,2,3,0.667,1,2,0.5,1,5,6,9,0,0,1,3,19,21,0,LeBron James,Regular Season,2004-05
22004,2544,0020400096,"Nov 15, 2004",CLE vs. GOS,W,42,12,22,0.545,3,5,0.6,6,8,0.75,2,10,12,4,2,1,1,1,33,15,0,LeBron James,Regular Season,2004-05
22004,2544,0020400081,"Nov 13, 2004",CLE vs. WAS,W,38,10,20,0.5,0,3,0.0,4,5,0.8,1,8,9,4,3,2,4,0,24,25,0,LeBron James,Regular Season,2004-05
22004,2544,0020400063,"Nov 10, 2004",CLE vs. PHX,W,48,13,24,0.542,1,2,0.5,11,12,0.917,3,7,10,6,3,3,3,1,38,14,0,LeBron James,Regular Season,2004-05
22004,2544,0020400051,"Nov 09, 2004",CLE @ ATL,W,48,8,17,0.471,1,4,0.25,8,12,0.667,1,9,10,4,4,2,3,2,25,14,0,LeBron James,Regular Season,2004-05
22004,2544,0020400037,"Nov 06, 2004",CLE @ MIL,L,42,8,20,0.4,0,3,0.0,15,22,0.682,2,6,8,6,3,0,4,0,31,-12,0,LeBron James,Regular Season,2004-05
22004,2544,0020400018,"Nov 04, 2004",CLE @ MIA,L,43,9,22,0.409,2,3,0.667,1,1,1.0,3,3,6,8,1,0,1,0,21,-8,0,LeBron James,Regular Season,2004-05
22004,2544,0020400006,"Nov 03, 2004",CLE vs. IND,L,50,8,19,0.421,2,5,0.4,10,12,0.833,1,4,5,8,1,3,6,2,28,-10,0,LeBron James,Regular Season,2004-05
22005,2544,0020501197,"Apr 16, 2006",CLE @ WAS,L,29,8,16,0.5,0,0,0.0,1,2,0.5,0,5,5,4,1,1,3,2,17,-17,0,LeBron James,Regular Season,2005-06
22005,2544,0020501167,"Apr 12, 2006",CLE @ DET,L,31,8,18,0.444,0,3,0.0,6,8,0.75,0,3,3,1,0,0,2,0,22,-11,0,LeBron James,Regular Season,2005-06
22005,2544,0020501152,"Apr 10, 2006",CLE @ NOK,W,42,12,24,0.5,0,3,0.0,8,12,0.667,1,3,4,6,0,0,2,1,32,3,0,LeBron James,Regular Season,2005-06
22005,2544,0020501133,"Apr 08, 2006",CLE @ NJN,W,44,12,26,0.462,0,3,0.0,13,16,0.813,1,4,5,7,1,0,6,5,37,5,0,LeBron James,Regular Season,2005-06
22005,2544,0020501113,"Apr 05, 2006",CLE @ NYK,L,45,12,24,0.5,4,7,0.571,8,14,0.571,0,2,2,7,3,0,5,3,36,-2,0,LeBron James,Regular Season,2005-06
22005,2544,0020501097,"Apr 04, 2006",CLE vs. PHI,W,35,13,22,0.591,4,10,0.4,7,9,0.778,1,3,4,7,4,0,3,4,37,15,0,LeBron James,Regular Season,2005-06
22005,2544,0020501092,"Apr 02, 2006",CLE @ CHA,W,41,13,24,0.542,2,5,0.4,7,9,0.778,1,11,12,8,1,2,3,5,35,2,0,LeBron James,Regular Season,2005-06
22005,2544,0020501079,"Apr 01, 2006",CLE vs. MIA,W,45,16,25,0.64,2,6,0.333,13,14,0.929,4,8,12,9,2,0,4,3,47,13,0,LeBron James,Regular Season,2005-06
22005,2544,0020501057,"Mar 29, 2006",CLE vs. DAL,W,44,16,23,0.696,4,7,0.571,10,13,0.769,0,5,5,4,3,0,2,3,46,16,0,LeBron James,Regular Season,2005-06
22005,2544,0020501033,"Mar 26, 2006",CLE @ HOU,W,49,14,34,0.412,0,4,0.0,8,11,0.727,3,3,6,5,2,0,2,2,36,4,0,LeBron James,Regular Season,2005-06
22005,2544,0020501022,"Mar 24, 2006",CLE vs. BOS,W,45,13,26,0.5,4,8,0.5,6,8,0.75,3,4,7,8,2,3,0,2,36,8,0,LeBron James,Regular Season,2005-06
22005,2544,0020501004,"Mar 22, 2006",CLE vs. CHA,W,50,10,21,0.476,1,5,0.2,16,23,0.696,0,11,11,12,0,1,5,4,37,5,0,LeBron James,Regular Season,2005-06
22005,2544,0020500981,"Mar 19, 2006",CLE vs. LAL,W,47,10,24,0.417,3,4,0.75,6,10,0.6,1,7,8,7,1,0,7,3,29,0,0,LeBron James,Regular Season,2005-06
22005,2544,0020500970,"Mar 17, 2006",CLE vs. POR,W,45,9,23,0.391,1,6,0.167,8,10,0.8,2,7,9,5,6,0,1,2,27,14,0,LeBron James,Regular Season,2005-06
22005,2544,0020500946,"Mar 14, 2006",CLE @ DAL,L,45,14,27,0.519,0,2,0.0,8,8,1.0,1,11,12,5,0,2,4,1,36,-8,0,LeBron James,Regular Season,2005-06
22005,2544,0020500929,"Mar 12, 2006",CLE @ MIA,L,45,11,27,0.407,1,6,0.167,24,28,0.857,2,5,7,4,0,1,5,2,47,-7,0,LeBron James,Regular Season,2005-06
22005,2544,0020500911,"Mar 10, 2006",CLE @ ORL,L,39,9,22,0.409,2,6,0.333,5,6,0.833,2,5,7,2,2,1,5,0,25,-18,0,LeBron James,Regular Season,2005-06
22005,2544,0020500897,"Mar 08, 2006",CLE @ TOR,W,44,13,24,0.542,1,3,0.333,8,12,0.667,1,5,6,6,1,0,0,2,35,-4,0,LeBron James,Regular Season,2005-06
22005,2544,0020500891,"Mar 07, 2006",CLE vs. TOR,W,44,5,17,0.294,2,6,0.333,5,6,0.833,1,11,12,8,1,0,2,2,17,14,0,LeBron James,Regular Season,2005-06
22005,2544,0020500879,"Mar 05, 2006",CLE vs. CHI,W,47,15,28,0.536,1,3,0.333,6,6,1.0,0,9,9,7,2,0,3,3,37,23,0,LeBron James,Regular Season,2005-06
22005,2544,0020500855,"Mar 02, 2006",CLE @ CHI,W,47,11,27,0.407,0,3,0.0,11,13,0.846,2,9,11,8,0,1,5,4,33,4,0,LeBron James,Regular Season,2005-06
22005,2544,0020500844,"Mar 01, 2006",CLE vs. SAC,L,45,7,21,0.333,1,4,0.25,4,7,0.571,1,6,7,12,1,2,5,1,19,-5,0,LeBron James,Regular Season,2005-06
22005,2544,0020500829,"Feb 27, 2006",CLE vs. DET,L,46,9,22,0.409,0,3,0.0,8,10,0.8,1,3,4,6,0,1,5,0,26,-10,0,LeBron James,Regular Season,2005-06
22005,2544,0020500822,"Feb 26, 2006",CLE @ DET,L,38,9,20,0.45,2,3,0.667,2,3,0.667,1,8,9,7,0,0,3,3,22,-17,0,LeBron James,Regular Season,2005-06
22005,2544,0020500805,"Feb 24, 2006",CLE vs. WAS,L,48,7,21,0.333,3,8,0.375,8,19,0.421,0,7,7,9,1,0,4,2,25,-8,0,LeBron James,Regular Season,2005-06
22005,2544,0020500791,"Feb 22, 2006",CLE @ PHI,L,43,13,24,0.542,1,4,0.25,6,10,0.6,3,3,6,5,2,1,6,3,33,-7,0,LeBron James,Regular Season,2005-06
22005,2544,0020500780,"Feb 21, 2006",CLE vs. ORL,W,43,10,24,0.417,1,5,0.2,5,7,0.714,0,2,2,9,1,2,2,0,26,21,0,LeBron James,Regular Season,2005-06
22005,2544,0020500767,"Feb 15, 2006",CLE @ BOS,W,54,16,32,0.5,0,5,0.0,11,15,0.733,1,11,12,11,2,4,2,5,43,5,0,LeBron James,Regular Season,2005-06
22005,2544,0020500758,"Feb 13, 2006",CLE vs. SAS,W,41,19,33,0.576,1,3,0.333,5,8,0.625,2,1,3,5,4,0,2,0,44,12,0,LeBron James,Regular Season,2005-06
22005,2544,0020500737,"Feb 11, 2006",CLE vs. GSW,L,44,10,17,0.588,5,6,0.833,8,8,1.0,1,4,5,6,1,2,2,5,33,-15,0,LeBron James,Regular Season,2005-06
22005,2544,0020500725,"Feb 10, 2006",CLE @ WAS,L,45,6,23,0.261,0,3,0.0,6,8,0.75,1,8,9,8,1,0,2,2,18,-13,0,LeBron James,Regular Season,2005-06
22005,2544,0020500719,"Feb 08, 2006",CLE @ MIN,W,46,11,34,0.324,1,5,0.2,12,17,0.706,1,10,11,8,1,0,0,3,35,10,0,LeBron James,Regular Season,2005-06
22005,2544,0020500707,"Feb 06, 2006",CLE vs. MIL,W,45,9,20,0.45,2,7,0.286,2,4,0.5,0,9,9,12,0,2,4,4,22,-3,0,LeBron James,Regular Season,2005-06
22005,2544,0020500687,"Feb 04, 2006",CLE vs. PHI,L,47,10,17,0.588,2,7,0.286,9,10,0.9,2,2,4,6,2,1,4,0,31,-7,0,LeBron James,Regular Season,2005-06
22005,2544,0020500674,"Feb 02, 2006",CLE @ MIA,L,39,12,29,0.414,2,5,0.4,3,3,1.0,1,4,5,7,1,0,1,0,29,-15,0,LeBron James,Regular Season,2005-06
22005,2544,0020500663,"Feb 01, 2006",CLE vs. NJN,W,44,8,21,0.381,0,2,0.0,10,12,0.833,0,11,11,10,1,1,4,2,26,5,0,LeBron James,Regular Season,2005-06
22005,2544,0020500648,"Jan 30, 2006",CLE @ CHA,W,32,11,19,0.579,2,6,0.333,6,11,0.545,1,5,6,6,5,1,4,2,30,30,0,LeBron James,Regular Season,2005-06
22005,2544,0020500642,"Jan 29, 2006",CLE vs. PHX,W,43,17,33,0.515,3,7,0.429,7,12,0.583,1,10,11,7,1,1,6,1,44,5,0,LeBron James,Regular Season,2005-06
22005,2544,0020500620,"Jan 27, 2006",CLE @ IND,W,45,12,23,0.522,1,2,0.5,5,8,0.625,1,6,7,9,3,1,6,1,30,4,0,LeBron James,Regular Season,2005-06
22005,2544,0020500605,"Jan 25, 2006",CLE @ ATL,W,46,11,22,0.5,1,5,0.2,15,20,0.75,1,8,9,6,3,1,5,2,38,10,0,LeBron James,Regular Season,2005-06
22005,2544,0020500600,"Jan 24, 2006",CLE vs. IND,W,36,7,21,0.333,2,5,0.4,7,10,0.7,0,7,7,8,2,2,1,0,23,33,0,LeBron James,Regular Season,2005-06
22005,2544,0020500582,"Jan 21, 2006",CLE @ UTA,W,42,19,35,0.543,4,8,0.5,9,11,0.818,0,5,5,8,2,0,3,4,51,19,0,LeBron James,Regular Season,2005-06
22005,2544,0020500575,"Jan 20, 2006",CLE @ GSW,L,36,5,22,0.227,0,3,0.0,4,6,0.667,1,8,9,6,0,0,6,3,14,-9,0,LeBron James,Regular Season,2005-06
22005,2544,0020500559,"Jan 18, 2006",CLE @ DEN,L,41,7,20,0.35,2,6,0.333,8,15,0.533,2,9,11,9,0,0,2,5,24,-3,0,LeBron James,Regular Season,2005-06
22005,2544,0020500535,"Jan 15, 2006",CLE @ POR,L,41,10,26,0.385,1,5,0.2,8,11,0.727,2,11,13,7,1,3,2,3,29,12,0,LeBron James,Regular Season,2005-06
22005,2544,0020500530,"Jan 14, 2006",CLE @ PHX,L,44,18,28,0.643,5,8,0.625,5,5,1.0,0,7,7,8,1,0,1,1,46,-5,0,LeBron James,Regular Season,2005-06
22005,2544,0020500512,"Jan 12, 2006",CLE @ LAL,L,40,11,22,0.5,2,3,0.667,4,9,0.444,0,2,2,9,0,0,5,2,28,5,0,LeBron James,Regular Season,2005-06
22005,2544,0020500492,"Jan 10, 2006",CLE vs. NYK,L,46,14,31,0.452,0,7,0.0,8,11,0.727,0,7,7,7,0,1,1,0,36,-2,0,LeBron James,Regular Season,2005-06
22005,2544,0020500476,"Jan 07, 2006",CLE vs. MIL,W,45,14,22,0.636,3,7,0.429,4,9,0.444,2,5,7,6,0,1,0,1,35,4,0,LeBron James,Regular Season,2005-06
22005,2544,0020500457,"Jan 05, 2006",CLE vs. HOU,L,44,13,19,0.684,3,7,0.429,3,6,0.5,1,8,9,5,1,0,3,4,32,-10,0,LeBron James,Regular Season,2005-06
22005,2544,0020500450,"Jan 04, 2006",CLE @ MIL,W,46,12,29,0.414,2,8,0.25,6,7,0.857,2,9,11,11,5,1,4,1,32,8,0,LeBron James,Regular Season,2005-06
22005,2544,0020500426,"Dec 31, 2005",CLE vs. DET,W,45,11,22,0.5,2,5,0.4,6,7,0.857,1,6,7,7,4,1,5,2,30,5,0,LeBron James,Regular Season,2005-06
22005,2544,0020500398,"Dec 27, 2005",CLE @ NJN,L,40,12,21,0.571,1,5,0.2,6,9,0.667,1,9,10,8,2,0,4,3,31,-2,0,LeBron James,Regular Season,2005-06
22005,2544,0020500389,"Dec 26, 2005",CLE vs. CHI,W,44,12,25,0.48,0,5,0.0,8,12,0.667,1,7,8,6,2,2,2,0,32,14,0,LeBron James,Regular Season,2005-06
22005,2544,0020500377,"Dec 23, 2005",CLE vs. IND,W,44,4,16,0.25,0,1,0.0,6,11,0.545,1,7,8,9,1,0,3,1,14,1,0,LeBron James,Regular Season,2005-06
22005,2544,0020500369,"Dec 22, 2005",CLE @ CHI,W,44,12,25,0.48,4,6,0.667,9,13,0.692,0,5,5,6,4,0,2,2,37,15,0,LeBron James,Regular Season,2005-06
22005,2544,0020500352,"Dec 20, 2005",CLE vs. UTA,W,29,8,12,0.667,1,1,1.0,8,9,0.889,2,4,6,4,3,2,5,1,25,20,0,LeBron James,Regular Season,2005-06
22005,2544,0020500336,"Dec 17, 2005",CLE vs. MIA,W,46,12,19,0.632,2,4,0.5,15,16,0.938,0,5,5,10,1,0,4,3,41,9,0,LeBron James,Regular Season,2005-06
22005,2544,0020500319,"Dec 15, 2005",CLE vs. DEN,W,45,11,18,0.611,1,4,0.25,3,6,0.5,0,4,4,9,1,0,3,3,26,16,0,LeBron James,Regular Season,2005-06
22005,2544,0020500301,"Dec 13, 2005",CLE vs. ATL,L,45,13,23,0.565,3,6,0.5,10,16,0.625,0,10,10,6,2,0,6,5,39,-4,0,LeBron James,Regular Season,2005-06
22005,2544,0020500287,"Dec 10, 2005",CLE @ MIL,L,43,19,29,0.655,5,9,0.556,9,10,0.9,0,7,7,7,2,0,3,5,52,-3,0,LeBron James,Regular Season,2005-06
22005,2544,0020500272,"Dec 09, 2005",CLE vs. NJN,L,45,11,26,0.423,0,4,0.0,10,15,0.667,2,4,6,3,0,1,7,3,32,-4,0,LeBron James,Regular Season,2005-06
22005,2544,0020500256,"Dec 06, 2005",CLE @ SAC,W,44,10,23,0.435,1,5,0.2,9,12,0.75,2,4,6,6,2,3,5,2,30,3,0,LeBron James,Regular Season,2005-06
22005,2544,0020500238,"Dec 03, 2005",CLE @ LAC,L,44,8,25,0.32,3,5,0.6,11,14,0.786,0,5,5,6,1,1,1,3,30,-11,0,LeBron James,Regular Season,2005-06
22005,2544,0020500230,"Dec 02, 2005",CLE @ SEA,L,45,14,27,0.519,0,5,0.0,6,8,0.75,0,3,3,8,1,3,1,1,34,-2,0,LeBron James,Regular Season,2005-06
22005,2544,0020500209,"Nov 30, 2005",CLE vs. LAC,W,50,7,20,0.35,0,3,0.0,14,17,0.824,0,7,7,9,1,1,6,1,28,6,0,LeBron James,Regular Season,2005-06
22005,2544,0020500185,"Nov 26, 2005",CLE vs. MIN,L,44,13,29,0.448,6,11,0.545,6,6,1.0,2,3,5,2,4,0,2,2,38,-3,0,LeBron James,Regular Season,2005-06
22005,2544,0020500167,"Nov 24, 2005",CLE @ IND,L,43,6,20,0.3,0,4,0.0,7,11,0.636,1,9,10,4,5,1,6,4,19,-18,0,LeBron James,Regular Season,2005-06
22005,2544,0020500151,"Nov 22, 2005",CLE vs. BOS,W,41,13,20,0.65,1,3,0.333,9,11,0.818,0,5,5,4,2,2,1,4,36,14,0,LeBron James,Regular Season,2005-06
22005,2544,0020500132,"Nov 19, 2005",CLE @ PHI,W,47,14,24,0.583,0,2,0.0,8,10,0.8,2,9,11,10,1,1,5,1,36,8,0,LeBron James,Regular Season,2005-06
22005,2544,0020500120,"Nov 18, 2005",CLE vs. ORL,W,34,6,17,0.353,0,3,0.0,4,6,0.667,1,5,6,4,2,0,4,2,16,25,0,LeBron James,Regular Season,2005-06
22005,2544,0020500100,"Nov 15, 2005",CLE vs. WAS,W,42,15,23,0.652,2,3,0.667,5,5,1.0,1,9,10,4,0,2,3,1,37,17,0,LeBron James,Regular Season,2005-06
22005,2544,0020500092,"Nov 13, 2005",CLE @ ORL,W,49,9,20,0.45,1,4,0.25,7,11,0.636,0,5,5,3,0,1,2,2,26,7,0,LeBron James,Regular Season,2005-06
22005,2544,0020500076,"Nov 11, 2005",CLE vs. MEM,W,26,5,11,0.455,0,1,0.0,6,6,1.0,1,5,6,2,3,1,3,5,16,24,0,LeBron James,Regular Season,2005-06
22005,2544,0020500058,"Nov 09, 2005",CLE vs. SEA,W,35,10,18,0.556,0,2,0.0,11,11,1.0,1,4,5,1,0,1,4,1,31,25,0,LeBron James,Regular Season,2005-06
22005,2544,0020500046,"Nov 07, 2005",CLE @ TOR,W,36,9,17,0.529,0,2,0.0,9,12,0.75,0,3,3,6,1,2,1,3,27,0,0,LeBron James,Regular Season,2005-06
22005,2544,0020500036,"Nov 05, 2005",CLE @ MEM,L,41,14,29,0.483,4,9,0.444,4,5,0.8,0,2,2,6,2,0,2,2,36,-3,0,LeBron James,Regular Season,2005-06
22005,2544,0020500026,"Nov 04, 2005",CLE @ SAS,L,37,7,16,0.438,0,3,0.0,6,7,0.857,0,6,6,4,0,1,3,3,20,-19,0,LeBron James,Regular Season,2005-06
22005,2544,0020500006,"Nov 02, 2005",CLE vs. NOK,W,33,9,16,0.563,6,7,0.857,7,8,0.875,1,2,3,4,2,0,3,3,31,22,0,LeBron James,Regular Season,2005-06
42005,2544,0040500207,"May 21, 2006",CLE @ DET,L,47,11,24,0.458,0,4,0.0,5,8,0.625,3,5,8,2,1,0,3,2,27,-16,0,LeBron James,Playoffs,2005-06
42005,2544,0040500206,"May 19, 2006",CLE vs. DET,L,48,8,20,0.4,1,5,0.2,15,18,0.833,0,11,11,5,1,1,7,2,32,-2,0,LeBron James,Playoffs,2005-06
42005,2544,0040500205,"May 17, 2006",CLE @ DET,W,47,13,30,0.433,1,4,0.25,5,7,0.714,3,2,5,5,2,1,2,3,32,2,0,LeBron James,Playoffs,2005-06
42005,2544,0040500204,"May 15, 2006",CLE vs. DET,W,48,8,23,0.348,1,2,0.5,5,10,0.5,1,7,8,9,2,2,8,3,22,2,0,LeBron James,Playoffs,2005-06
42005,2544,0040500203,"May 13, 2006",CLE vs. DET,W,48,9,18,0.5,1,4,0.25,2,2,1.0,0,10,10,10,4,1,4,2,21,9,0,LeBron James,Playoffs,2005-06
42005,2544,0040500202,"May 09, 2006",CLE @ DET,L,47,11,23,0.478,2,5,0.4,6,8,0.75,2,12,14,7,0,0,3,4,30,-4,0,LeBron James,Playoffs,2005-06
42005,2544,0040500201,"May 07, 2006",CLE @ DET,L,36,9,18,0.5,2,5,0.4,2,2,1.0,1,3,4,4,0,0,4,3,22,-31,0,LeBron James,Playoffs,2005-06
42005,2544,0040500136,"May 05, 2006",CLE @ WAS,W,53,15,25,0.6,1,6,0.167,1,3,0.333,0,7,7,7,2,1,5,4,32,1,0,LeBron James,Playoffs,2005-06
42005,2544,0040500135,"May 03, 2006",CLE vs. WAS,W,46,14,23,0.609,0,1,0.0,17,18,0.944,5,2,7,6,2,0,4,5,45,-4,0,LeBron James,Playoffs,2005-06
42005,2544,0040500134,"Apr 30, 2006",CLE @ WAS,L,45,13,23,0.565,7,12,0.583,5,7,0.714,1,5,6,5,0,0,7,5,38,-16,0,LeBron James,Playoffs,2005-06
42005,2544,0040500133,"Apr 28, 2006",CLE @ WAS,W,48,16,28,0.571,3,5,0.6,6,9,0.667,1,4,5,3,2,0,4,3,41,1,0,LeBron James,Playoffs,2005-06
42005,2544,0040500132,"Apr 25, 2006",CLE vs. WAS,L,44,7,25,0.28,1,6,0.167,11,15,0.733,2,7,9,2,2,3,10,5,26,-2,0,LeBron James,Playoffs,2005-06
42005,2544,0040500131,"Apr 22, 2006",CLE vs. WAS,W,48,12,27,0.444,1,4,0.25,7,11,0.636,3,8,11,11,0,0,4,3,32,11,0,LeBron James,Playoffs,2005-06
22006,2544,0020601220,"Apr 18, 2007",CLE vs. MIL,W,40,9,18,0.5,1,4,0.25,5,10,0.5,0,5,5,9,2,0,2,2,24,22,0,LeBron James,Regular Season,2006-07
22006,2544,0020601211,"Apr 17, 2007",CLE @ PHI,W,36,7,15,0.467,0,2,0.0,4,7,0.571,1,4,5,6,0,0,1,3,18,-4,0,LeBron James,Regular Season,2006-07
22006,2544,0020601188,"Apr 14, 2007",CLE vs. ATL,W,32,8,16,0.5,3,6,0.5,4,5,0.8,1,4,5,6,1,1,0,1,23,25,0,LeBron James,Regular Season,2006-07
22006,2544,0020601173,"Apr 12, 2007",CLE vs. NJN,W,35,15,27,0.556,0,1,0.0,5,9,0.556,3,5,8,4,2,1,2,1,35,21,0,LeBron James,Regular Season,2006-07
22006,2544,0020601143,"Apr 08, 2007",CLE @ DET,L,43,5,16,0.313,1,4,0.25,9,11,0.818,1,4,5,6,1,0,5,2,20,-11,0,LeBron James,Regular Season,2006-07
22006,2544,0020601126,"Apr 06, 2007",CLE @ WAS,W,44,7,23,0.304,0,3,0.0,11,14,0.786,0,6,6,5,1,1,2,3,25,5,0,LeBron James,Regular Season,2006-07
22006,2544,0020601119,"Apr 05, 2007",CLE vs. MIA,L,49,11,21,0.524,2,5,0.4,11,13,0.846,2,7,9,5,0,0,4,4,35,2,0,LeBron James,Regular Season,2006-07
22006,2544,0020601105,"Apr 03, 2007",CLE @ MIN,W,42,13,24,0.542,0,2,0.0,5,5,1.0,2,10,12,6,4,1,2,1,31,21,0,LeBron James,Regular Season,2006-07
22006,2544,0020601084,"Mar 31, 2007",CLE @ CHI,W,47,14,25,0.56,0,3,0.0,11,13,0.846,1,4,5,9,3,0,7,4,39,4,0,LeBron James,Regular Season,2006-07
22006,2544,0020601063,"Mar 28, 2007",CLE @ NYK,L,44,6,20,0.3,2,5,0.4,10,14,0.714,1,5,6,7,2,0,3,3,24,2,0,LeBron James,Regular Season,2006-07
22006,2544,0020601054,"Mar 27, 2007",CLE @ IND,W,40,8,18,0.444,0,3,0.0,10,14,0.714,1,6,7,6,2,0,3,4,26,11,0,LeBron James,Regular Season,2006-07
22006,2544,0020601042,"Mar 25, 2007",CLE vs. DEN,L,41,8,19,0.421,1,6,0.167,1,1,1.0,0,3,3,8,1,0,5,4,18,-13,0,LeBron James,Regular Season,2006-07
22006,2544,0020601026,"Mar 23, 2007",CLE vs. NYK,W,38,8,16,0.5,0,1,0.0,5,6,0.833,1,2,3,10,2,0,1,1,21,19,0,LeBron James,Regular Season,2006-07
22006,2544,0020601010,"Mar 21, 2007",CLE vs. DAL,L,45,12,28,0.429,1,6,0.167,6,7,0.857,0,6,6,4,2,3,6,3,31,-6,0,LeBron James,Regular Season,2006-07
22006,2544,0020600998,"Mar 20, 2007",CLE @ CHA,L,47,12,31,0.387,2,9,0.222,11,12,0.917,2,4,6,6,1,3,3,4,37,-5,0,LeBron James,Regular Season,2006-07
22006,2544,0020600982,"Mar 17, 2007",CLE vs. UTA,W,44,8,21,0.381,0,6,0.0,8,13,0.615,2,15,17,9,2,2,4,3,24,7,0,LeBron James,Regular Season,2006-07
22006,2544,0020600963,"Mar 14, 2007",CLE @ MEM,W,30,11,17,0.647,4,7,0.571,3,6,0.5,1,5,6,4,3,0,2,0,29,35,0,LeBron James,Regular Season,2006-07
22006,2544,0020600940,"Mar 11, 2007",CLE vs. IND,W,39,10,22,0.455,2,6,0.333,4,5,0.8,3,4,7,6,3,1,2,2,26,23,0,LeBron James,Regular Season,2006-07
22006,2544,0020600932,"Mar 10, 2007",CLE @ MIL,W,36,12,22,0.545,4,6,0.667,4,4,1.0,0,8,8,9,3,1,6,5,32,15,0,LeBron James,Regular Season,2006-07
22006,2544,0020600912,"Mar 07, 2007",CLE @ DET,W,51,17,31,0.548,1,3,0.333,6,8,0.75,2,5,7,8,3,1,4,4,41,8,0,LeBron James,Regular Season,2006-07
22006,2544,0020600895,"Mar 05, 2007",CLE vs. HOU,W,42,12,24,0.5,3,6,0.5,5,9,0.556,1,11,12,8,0,0,3,2,32,-1,0,LeBron James,Regular Season,2006-07
22006,2544,0020600881,"Mar 03, 2007",CLE vs. TOR,W,37,10,20,0.5,1,3,0.333,15,17,0.882,2,3,5,6,0,3,2,1,36,23,0,LeBron James,Regular Season,2006-07
22006,2544,0020600865,"Mar 01, 2007",CLE @ DAL,L,40,17,27,0.63,1,4,0.25,4,8,0.5,0,3,3,5,0,0,2,2,39,-2,0,LeBron James,Regular Season,2006-07
22006,2544,0020600850,"Feb 27, 2007",CLE vs. NOK,W,43,14,22,0.636,3,4,0.75,4,7,0.571,1,4,5,8,2,1,4,1,35,16,0,LeBron James,Regular Season,2006-07
22006,2544,0020600835,"Feb 25, 2007",CLE @ MIA,L,42,10,22,0.455,2,5,0.4,7,12,0.583,0,3,3,7,0,1,2,2,29,6,0,LeBron James,Regular Season,2006-07
22006,2544,0020600812,"Feb 22, 2007",CLE vs. CHI,L,43,13,28,0.464,1,4,0.25,2,8,0.25,3,4,7,2,3,0,3,1,29,3,0,LeBron James,Regular Season,2006-07
22006,2544,0020600800,"Feb 21, 2007",CLE @ TOR,W,37,12,25,0.48,0,1,0.0,5,5,1.0,0,4,4,2,1,1,3,3,29,5,0,LeBron James,Regular Season,2006-07
22006,2544,0020600789,"Feb 15, 2007",CLE @ LAL,W,40,10,16,0.625,0,1,0.0,18,22,0.818,0,4,4,3,3,0,3,4,38,4,0,LeBron James,Regular Season,2006-07
22006,2544,0020600784,"Feb 14, 2007",CLE @ UTA,L,43,9,25,0.36,0,3,0.0,5,9,0.556,3,7,10,4,1,3,0,2,23,10,0,LeBron James,Regular Season,2006-07
22006,2544,0020600759,"Feb 11, 2007",CLE vs. LAL,W,38,5,16,0.313,0,2,0.0,8,12,0.667,1,7,8,5,1,1,1,3,18,3,0,LeBron James,Regular Season,2006-07
22006,2544,0020600744,"Feb 09, 2007",CLE vs. MIA,W,41,12,22,0.545,1,4,0.25,4,8,0.5,1,6,7,6,0,0,2,1,29,22,0,LeBron James,Regular Season,2006-07
22006,2544,0020600729,"Feb 07, 2007",CLE vs. LAC,W,36,4,13,0.308,1,2,0.5,2,2,1.0,0,7,7,3,1,1,2,1,11,15,0,LeBron James,Regular Season,2006-07
22006,2544,0020600711,"Feb 04, 2007",CLE vs. DET,L,43,9,22,0.409,1,4,0.25,2,3,0.667,0,5,5,6,2,0,3,2,21,-12,0,LeBron James,Regular Season,2006-07
22006,2544,0020600694,"Feb 02, 2007",CLE vs. CHA,W,36,7,13,0.538,0,1,0.0,4,8,0.5,1,9,10,3,2,0,1,1,18,17,0,LeBron James,Regular Season,2006-07
22006,2544,0020600687,"Feb 01, 2007",CLE @ MIA,L,36,6,18,0.333,2,7,0.286,3,8,0.375,1,5,6,9,1,0,2,4,17,-12,0,LeBron James,Regular Season,2006-07
22006,2544,0020600655,"Jan 28, 2007",CLE vs. PHX,L,42,12,22,0.545,3,6,0.5,3,6,0.5,2,7,9,5,2,0,3,2,30,-8,0,LeBron James,Regular Season,2006-07
22006,2544,0020600623,"Jan 24, 2007",CLE vs. PHI,L,53,14,26,0.538,3,8,0.375,8,13,0.615,2,8,10,5,1,0,4,2,39,-8,0,LeBron James,Regular Season,2006-07
22006,2544,0020600607,"Jan 22, 2007",CLE vs. ORL,L,43,6,15,0.4,0,3,0.0,6,13,0.462,0,4,4,5,3,0,2,2,18,-2,0,LeBron James,Regular Season,2006-07
22006,2544,0020600601,"Jan 20, 2007",CLE @ GSW,W,45,14,22,0.636,2,7,0.286,2,5,0.4,0,7,7,5,4,0,9,2,32,5,0,LeBron James,Regular Season,2006-07
22006,2544,0020600590,"Jan 19, 2007",CLE @ DEN,L,44,9,23,0.391,0,1,0.0,12,14,0.857,2,8,10,10,2,0,3,2,30,-3,0,LeBron James,Regular Season,2006-07
22006,2544,0020600577,"Jan 17, 2007",CLE @ POR,L,35,8,21,0.381,1,4,0.25,6,13,0.462,3,3,6,2,1,0,4,0,23,-24,0,LeBron James,Regular Season,2006-07
22006,2544,0020600567,"Jan 16, 2007",CLE @ SEA,L,44,8,21,0.381,1,7,0.143,13,15,0.867,1,6,7,8,2,1,4,0,30,-7,0,LeBron James,Regular Season,2006-07
22006,2544,0020600551,"Jan 13, 2007",CLE @ LAC,W,42,10,23,0.435,0,1,0.0,8,8,1.0,1,5,6,6,1,0,2,4,28,14,0,LeBron James,Regular Season,2006-07
22006,2544,0020600529,"Jan 11, 2007",CLE @ PHX,L,39,15,28,0.536,3,9,0.333,1,2,0.5,2,4,6,6,1,0,5,2,34,-20,0,LeBron James,Regular Season,2006-07
22006,2544,0020600515,"Jan 09, 2007",CLE @ SAC,W,44,14,26,0.538,3,7,0.429,3,3,1.0,1,3,4,7,2,1,3,3,34,13,0,LeBron James,Regular Season,2006-07
22006,2544,0020600492,"Jan 06, 2007",CLE vs. NJN,W,44,9,21,0.429,1,3,0.333,0,0,0.0,0,13,13,4,3,3,5,4,19,4,0,LeBron James,Regular Season,2006-07
22006,2544,0020600486,"Jan 05, 2007",CLE @ MIL,W,43,3,13,0.231,0,4,0.0,2,2,1.0,0,5,5,9,1,0,2,1,8,9,0,LeBron James,Regular Season,2006-07
22006,2544,0020600469,"Jan 03, 2007",CLE @ BOS,W,45,11,20,0.55,2,3,0.667,8,10,0.8,1,5,6,4,3,1,3,0,32,3,0,LeBron James,Regular Season,2006-07
22006,2544,0020600461,"Jan 02, 2007",CLE vs. SAS,W,40,7,17,0.412,0,1,0.0,5,11,0.455,0,5,5,5,2,0,3,1,19,6,0,LeBron James,Regular Season,2006-07
22006,2544,0020600446,"Dec 30, 2006",CLE @ CHI,L,40,15,26,0.577,3,4,0.75,0,3,0.0,2,7,9,3,1,0,5,4,33,6,0,LeBron James,Regular Season,2006-07
22006,2544,0020600433,"Dec 29, 2006",CLE vs. MIL,W,44,11,21,0.524,2,6,0.333,8,13,0.615,1,3,4,5,1,1,3,5,32,11,0,LeBron James,Regular Season,2006-07
22006,2544,0020600417,"Dec 27, 2006",CLE @ ATL,W,40,10,25,0.4,1,2,0.5,6,8,0.75,1,8,9,3,1,2,1,1,27,23,0,LeBron James,Regular Season,2006-07
22006,2544,0020600396,"Dec 23, 2006",CLE vs. ORL,W,43,13,21,0.619,2,3,0.667,4,10,0.4,0,7,7,1,0,0,7,1,32,3,0,LeBron James,Regular Season,2006-07
22006,2544,0020600377,"Dec 21, 2006",CLE vs. DET,L,43,9,20,0.45,0,1,0.0,8,8,1.0,2,8,10,5,2,0,1,1,26,-20,0,LeBron James,Regular Season,2006-07
22006,2544,0020600369,"Dec 20, 2006",CLE @ NJN,L,40,10,22,0.455,1,3,0.333,16,21,0.762,0,1,1,8,2,1,3,4,37,8,0,LeBron James,Regular Season,2006-07
22006,2544,0020600343,"Dec 16, 2006",CLE @ ORL,L,41,10,19,0.526,2,5,0.4,7,9,0.778,1,4,5,5,0,1,4,4,29,-7,0,LeBron James,Regular Season,2006-07
22006,2544,0020600333,"Dec 15, 2006",CLE vs. SEA,W,33,9,14,0.643,2,3,0.667,2,3,0.667,0,9,9,7,1,0,4,3,22,22,0,LeBron James,Regular Season,2006-07
22006,2544,0020600317,"Dec 13, 2006",CLE vs. CHA,W,41,6,17,0.353,0,2,0.0,10,11,0.909,1,7,8,7,1,1,6,1,22,3,0,LeBron James,Regular Season,2006-07
22006,2544,0020600305,"Dec 11, 2006",CLE @ NOK,L,42,7,18,0.389,0,3,0.0,1,1,1.0,3,4,7,6,4,0,3,1,15,-4,0,LeBron James,Regular Season,2006-07
22006,2544,0020600290,"Dec 09, 2006",CLE vs. IND,W,32,11,16,0.688,1,3,0.333,4,6,0.667,0,7,7,6,1,1,3,0,27,28,0,LeBron James,Regular Season,2006-07
22006,2544,0020600262,"Dec 06, 2006",CLE vs. TOR,W,40,11,18,0.611,1,2,0.5,3,5,0.6,1,5,6,10,1,0,4,1,26,2,0,LeBron James,Regular Season,2006-07
22006,2544,0020600239,"Dec 02, 2006",CLE @ HOU,L,36,7,22,0.318,2,6,0.333,5,7,0.714,1,4,5,4,0,0,3,2,21,-13,0,LeBron James,Regular Season,2006-07
22006,2544,0020600226,"Dec 01, 2006",CLE @ ATL,W,43,12,23,0.522,1,3,0.333,6,10,0.6,2,5,7,8,3,2,4,4,31,8,0,LeBron James,Regular Season,2006-07
22006,2544,0020600214,"Nov 29, 2006",CLE vs. NYK,L,41,10,22,0.455,0,5,0.0,7,11,0.636,1,6,7,6,0,1,5,1,27,-4,0,LeBron James,Regular Season,2006-07
22006,2544,0020600188,"Nov 25, 2006",CLE vs. PHI,W,41,10,20,0.5,1,4,0.25,4,7,0.571,0,4,4,11,0,1,7,4,25,2,0,LeBron James,Regular Season,2006-07
22006,2544,0020600176,"Nov 24, 2006",CLE @ IND,L,43,6,14,0.429,2,2,1.0,16,20,0.8,1,6,7,5,1,0,3,6,30,1,0,LeBron James,Regular Season,2006-07
22006,2544,0020600158,"Nov 22, 2006",CLE @ TOR,L,40,11,24,0.458,2,7,0.286,6,9,0.667,0,10,10,8,4,0,2,1,30,-7,0,LeBron James,Regular Season,2006-07
22006,2544,0020600152,"Nov 21, 2006",CLE vs. MEM,W,42,7,21,0.333,1,5,0.2,0,1,0.0,0,1,1,9,3,1,3,1,15,3,0,LeBron James,Regular Season,2006-07
22006,2544,0020600129,"Nov 18, 2006",CLE @ WAS,L,33,8,20,0.4,0,1,0.0,4,5,0.8,2,3,5,4,2,0,3,2,20,-22,0,LeBron James,Regular Season,2006-07
22006,2544,0020600122,"Nov 17, 2006",CLE vs. MIN,W,41,12,24,0.5,2,5,0.4,11,14,0.786,2,7,9,6,1,2,4,1,37,12,0,LeBron James,Regular Season,2006-07
22006,2544,0020600109,"Nov 15, 2006",CLE vs. POR,W,39,10,15,0.667,3,6,0.5,9,11,0.818,0,7,7,7,2,1,4,2,32,16,0,LeBron James,Regular Season,2006-07
22006,2544,0020600099,"Nov 13, 2006",CLE @ NYK,W,41,10,19,0.526,3,4,0.75,6,9,0.667,0,4,4,6,2,1,3,2,29,10,0,LeBron James,Regular Season,2006-07
22006,2544,0020600083,"Nov 11, 2006",CLE vs. BOS,W,44,9,17,0.529,1,4,0.25,19,23,0.826,1,7,8,5,3,0,2,4,38,6,0,LeBron James,Regular Season,2006-07
22006,2544,0020600069,"Nov 09, 2006",CLE vs. CHI,W,38,6,13,0.462,0,1,0.0,7,8,0.875,0,4,4,12,3,2,3,0,19,26,0,LeBron James,Regular Season,2006-07
22006,2544,0020600052,"Nov 07, 2006",CLE vs. ATL,L,47,13,26,0.5,3,8,0.375,5,11,0.455,0,7,7,6,2,1,2,1,34,-3,0,LeBron James,Regular Season,2006-07
22006,2544,0020600032,"Nov 04, 2006",CLE @ CHA,L,38,3,13,0.231,1,3,0.333,9,10,0.9,4,5,9,7,0,1,2,0,16,-3,0,LeBron James,Regular Season,2006-07
22006,2544,0020600025,"Nov 03, 2006",CLE @ SAS,W,42,14,26,0.538,1,2,0.5,6,11,0.545,1,9,10,4,1,1,2,3,35,6,0,LeBron James,Regular Season,2006-07
22006,2544,0020600009,"Nov 01, 2006",CLE vs. WAS,W,40,11,24,0.458,2,4,0.5,2,6,0.333,3,7,10,5,0,2,5,2,26,3,0,LeBron James,Regular Season,2006-07
42006,2544,0040600404,"Jun 14, 2007",CLE vs. SAS,L,46,10,30,0.333,2,7,0.286,2,6,0.333,0,6,6,10,0,0,6,1,24,2,0,LeBron James,Playoffs,2006-07
42006,2544,0040600403,"Jun 12, 2007",CLE vs. SAS,L,42,9,23,0.391,0,5,0.0,7,8,0.875,0,8,8,7,2,1,5,3,25,4,0,LeBron James,Playoffs,2006-07
42006,2544,0040600402,"Jun 10, 2007",CLE @ SAS,L,38,9,21,0.429,0,2,0.0,7,11,0.636,3,4,7,6,1,0,6,3,25,-5,0,LeBron James,Playoffs,2006-07
42006,2544,0040600401,"Jun 07, 2007",CLE @ SAS,L,44,4,16,0.25,2,6,0.333,4,4,1.0,1,6,7,4,1,1,6,1,14,-5,0,LeBron James,Playoffs,2006-07
42006,2544,0040600306,"Jun 02, 2007",CLE vs. DET,W,46,3,11,0.273,0,2,0.0,14,19,0.737,2,12,14,8,2,2,3,1,20,13,0,LeBron James,Playoffs,2006-07
42006,2544,0040600305,"May 31, 2007",CLE @ DET,W,50,18,33,0.545,2,3,0.667,10,14,0.714,3,6,9,7,2,0,2,3,48,2,0,LeBron James,Playoffs,2006-07
42006,2544,0040600304,"May 29, 2007",CLE vs. DET,W,44,8,19,0.421,1,5,0.2,8,9,0.889,0,7,7,11,3,0,3,0,25,-4,0,LeBron James,Playoffs,2006-07
42006,2544,0040600303,"May 27, 2007",CLE vs. DET,W,46,12,21,0.571,2,3,0.667,6,9,0.667,1,8,9,9,2,0,3,2,32,6,0,LeBron James,Playoffs,2006-07
42006,2544,0040600302,"May 24, 2007",CLE @ DET,L,45,7,19,0.368,0,1,0.0,5,7,0.714,0,6,6,7,3,0,6,1,19,-6,0,LeBron James,Playoffs,2006-07
42006,2544,0040600301,"May 21, 2007",CLE @ DET,L,45,5,15,0.333,0,0,0.0,0,0,0.0,1,9,10,9,4,1,2,1,10,-5,0,LeBron James,Playoffs,2006-07
42006,2544,0040600216,"May 18, 2007",CLE @ NJN,W,39,8,20,0.4,1,5,0.2,6,9,0.667,1,7,8,8,1,0,2,4,23,26,0,LeBron James,Playoffs,2006-07
42006,2544,0040600215,"May 16, 2007",CLE vs. NJN,L,43,5,14,0.357,0,2,0.0,10,11,0.909,3,6,9,5,2,1,5,4,20,-15,0,LeBron James,Playoffs,2006-07
42006,2544,0040600214,"May 14, 2007",CLE @ NJN,W,46,9,16,0.563,2,3,0.667,10,15,0.667,0,9,9,7,0,0,3,1,30,9,0,LeBron James,Playoffs,2006-07
42006,2544,0040600213,"May 12, 2007",CLE @ NJN,L,44,5,16,0.313,1,5,0.2,7,7,1.0,0,6,6,12,0,0,2,2,18,-12,0,LeBron James,Playoffs,2006-07
42006,2544,0040600212,"May 08, 2007",CLE vs. NJN,W,46,12,24,0.5,3,7,0.429,9,13,0.692,0,1,1,12,3,0,2,2,36,8,0,LeBron James,Playoffs,2006-07
42006,2544,0040600211,"May 06, 2007",CLE vs. NJN,W,46,8,21,0.381,1,4,0.25,4,6,0.667,2,9,11,7,1,1,3,2,21,6,0,LeBron James,Playoffs,2006-07
42006,2544,0040600114,"Apr 30, 2007",CLE @ WAS,W,46,8,22,0.364,1,5,0.2,14,17,0.824,3,8,11,7,3,1,2,3,31,12,0,LeBron James,Playoffs,2006-07
42006,2544,0040600113,"Apr 28, 2007",CLE @ WAS,W,46,11,22,0.5,3,5,0.6,5,7,0.714,0,6,6,9,1,0,2,3,30,6,0,LeBron James,Playoffs,2006-07
42006,2544,0040600112,"Apr 25, 2007",CLE vs. WAS,W,45,8,22,0.364,0,3,0.0,11,13,0.846,4,4,8,7,1,2,2,2,27,12,0,LeBron James,Playoffs,2006-07
42006,2544,0040600111,"Apr 22, 2007",CLE vs. WAS,W,44,7,14,0.5,0,2,0.0,9,11,0.818,2,7,9,7,2,0,1,1,23,17,0,LeBron James,Playoffs,2006-07
22007,2544,0020701204,"Apr 14, 2008",CLE @ PHI,W,42,10,18,0.556,1,2,0.5,6,12,0.5,1,3,4,5,2,1,5,3,27,-5,0,LeBron James,Regular Season,2007-08
22007,2544,0020701197,"Apr 13, 2008",CLE vs. MIA,W,35,3,9,0.333,0,1,0.0,7,9,0.778,0,11,11,7,1,2,5,1,13,-3,0,LeBron James,Regular Season,2007-08
22007,2544,0020701179,"Apr 11, 2008",CLE @ CHI,L,38,13,21,0.619,2,6,0.333,6,12,0.5,0,6,6,2,3,0,3,2,34,-10,0,LeBron James,Regular Season,2007-08
22007,2544,0020701168,"Apr 09, 2008",CLE vs. NJN,W,35,11,21,0.524,1,4,0.25,10,13,0.769,4,3,7,8,1,2,0,2,33,10,0,LeBron James,Regular Season,2007-08
22007,2544,0020701137,"Apr 05, 2008",CLE vs. ORL,L,42,6,22,0.273,1,5,0.2,4,8,0.5,5,2,7,9,2,2,5,1,17,-15,0,LeBron James,Regular Season,2007-08
22007,2544,0020701123,"Apr 03, 2008",CLE vs. CHI,L,39,10,24,0.417,3,7,0.429,10,14,0.714,0,5,5,4,2,2,3,4,33,-1,0,LeBron James,Regular Season,2007-08
22007,2544,0020701114,"Apr 02, 2008",CLE @ CHA,W,31,11,19,0.579,1,4,0.25,6,6,1.0,2,2,4,5,3,2,4,6,29,3,0,LeBron James,Regular Season,2007-08
22007,2544,0020701095,"Mar 30, 2008",CLE vs. PHI,W,42,11,18,0.611,1,2,0.5,3,3,1.0,3,6,9,9,3,1,1,4,26,7,0,LeBron James,Regular Season,2007-08
22007,2544,0020701085,"Mar 29, 2008",CLE @ DET,L,35,4,17,0.235,1,5,0.2,4,6,0.667,0,4,4,5,0,0,5,0,13,-19,0,LeBron James,Regular Season,2007-08
22007,2544,0020701062,"Mar 26, 2008",CLE vs. NOH,L,41,6,14,0.429,1,2,0.5,8,10,0.8,0,3,3,8,2,2,2,2,21,-3,0,LeBron James,Regular Season,2007-08
22007,2544,0020701036,"Mar 22, 2008",CLE @ MIL,L,39,9,25,0.36,3,9,0.333,8,10,0.8,4,7,11,4,2,0,4,3,29,-12,0,LeBron James,Regular Season,2007-08
22007,2544,0020701024,"Mar 21, 2008",CLE vs. TOR,W,41,14,22,0.636,1,3,0.333,0,0,0.0,0,12,12,5,1,0,5,1,29,-3,0,LeBron James,Regular Season,2007-08
22007,2544,0020701011,"Mar 19, 2008",CLE vs. DET,W,41,11,19,0.579,2,5,0.4,6,7,0.857,3,4,7,6,1,1,0,0,30,15,0,LeBron James,Regular Season,2007-08
22007,2544,0020700992,"Mar 17, 2008",CLE @ ORL,L,42,11,22,0.5,1,4,0.25,7,11,0.636,2,7,9,6,0,1,3,1,30,-7,0,LeBron James,Regular Season,2007-08
22007,2544,0020700987,"Mar 16, 2008",CLE vs. CHA,W,42,11,24,0.458,1,3,0.333,10,16,0.625,2,5,7,10,1,2,1,2,33,17,0,LeBron James,Regular Season,2007-08
22007,2544,0020700963,"Mar 13, 2008",CLE @ WAS,L,43,9,22,0.409,1,7,0.143,6,8,0.75,2,5,7,7,0,0,7,4,25,3,0,LeBron James,Regular Season,2007-08
22007,2544,0020700955,"Mar 12, 2008",CLE @ NJN,L,46,12,23,0.522,2,7,0.286,16,23,0.696,3,8,11,7,1,2,6,5,42,-4,0,LeBron James,Regular Season,2007-08
22007,2544,0020700941,"Mar 10, 2008",CLE vs. POR,W,44,7,18,0.389,1,4,0.25,9,13,0.692,1,9,10,11,1,2,4,0,24,10,0,LeBron James,Regular Season,2007-08
22007,2544,0020700924,"Mar 08, 2008",CLE vs. IND,W,38,11,24,0.458,5,8,0.625,11,12,0.917,4,7,11,4,1,2,2,2,38,15,0,LeBron James,Regular Season,2007-08
22007,2544,0020700909,"Mar 06, 2008",CLE @ CHI,L,38,13,27,0.481,2,8,0.25,11,12,0.917,0,3,3,1,1,3,4,1,39,-21,0,LeBron James,Regular Season,2007-08
22007,2544,0020700900,"Mar 05, 2008",CLE @ NYK,W,44,16,30,0.533,7,13,0.538,11,16,0.688,1,7,8,10,4,0,2,3,50,11,0,LeBron James,Regular Season,2007-08
22007,2544,0020700875,"Mar 02, 2008",CLE vs. CHI,W,40,15,29,0.517,0,5,0.0,7,8,0.875,3,3,6,6,1,0,3,1,37,21,0,LeBron James,Regular Season,2007-08
22007,2544,0020700861,"Feb 29, 2008",CLE vs. MIN,W,44,11,22,0.5,1,4,0.25,7,9,0.778,2,6,8,13,2,0,3,2,30,12,0,LeBron James,Regular Season,2007-08
22007,2544,0020700849,"Feb 27, 2008",CLE @ BOS,L,39,7,24,0.292,1,6,0.167,11,15,0.733,4,4,8,4,0,0,3,2,26,-13,0,LeBron James,Regular Season,2007-08
22007,2544,0020700839,"Feb 26, 2008",CLE @ MIL,L,38,16,24,0.667,1,3,0.333,2,5,0.4,0,4,4,6,0,1,2,3,35,-2,0,LeBron James,Regular Season,2007-08
22007,2544,0020700826,"Feb 24, 2008",CLE vs. MEM,W,39,10,17,0.588,1,4,0.25,4,5,0.8,1,6,7,11,3,1,6,2,25,19,0,LeBron James,Regular Season,2007-08
22007,2544,0020700807,"Feb 22, 2008",CLE vs. WAS,W,45,11,20,0.55,2,6,0.333,9,14,0.643,3,12,15,8,1,1,3,1,33,2,0,LeBron James,Regular Season,2007-08
22007,2544,0020700792,"Feb 20, 2008",CLE @ IND,W,43,11,22,0.5,1,5,0.2,8,12,0.667,2,12,14,12,2,1,4,1,31,14,0,LeBron James,Regular Season,2007-08
22007,2544,0020700781,"Feb 19, 2008",CLE vs. HOU,L,42,7,18,0.389,4,7,0.571,8,11,0.727,2,11,13,11,2,0,5,2,26,-8,0,LeBron James,Regular Season,2007-08
22007,2544,0020700768,"Feb 13, 2008",CLE vs. SAS,L,43,17,31,0.548,1,5,0.2,4,7,0.571,2,4,6,9,0,1,3,4,39,-4,0,LeBron James,Regular Season,2007-08
22007,2544,0020700754,"Feb 11, 2008",CLE @ ORL,W,44,8,15,0.533,1,2,0.5,12,15,0.8,1,6,7,10,3,1,5,3,29,10,0,LeBron James,Regular Season,2007-08
22007,2544,0020700744,"Feb 10, 2008",CLE vs. DEN,L,33,11,23,0.478,2,5,0.4,6,6,1.0,1,4,5,3,2,0,5,1,30,-25,0,LeBron James,Regular Season,2007-08
22007,2544,0020700730,"Feb 08, 2008",CLE @ ATL,W,44,11,24,0.458,0,3,0.0,4,4,1.0,4,7,11,7,2,1,1,2,26,5,0,LeBron James,Regular Season,2007-08
22007,2544,0020700724,"Feb 07, 2008",CLE @ HOU,L,41,12,23,0.522,2,5,0.4,6,11,0.545,1,6,7,6,2,2,3,0,32,-11,0,LeBron James,Regular Season,2007-08
22007,2544,0020700708,"Feb 05, 2008",CLE vs. BOS,W,42,11,21,0.524,4,8,0.5,7,10,0.7,1,8,9,12,5,2,7,5,33,12,0,LeBron James,Regular Season,2007-08
22007,2544,0020700690,"Feb 02, 2008",CLE vs. LAC,W,44,8,19,0.421,1,4,0.25,11,16,0.688,0,11,11,7,2,1,3,2,28,15,0,LeBron James,Regular Season,2007-08
22007,2544,0020700672,"Jan 30, 2008",CLE @ POR,W,44,13,29,0.448,3,6,0.5,8,12,0.667,2,12,14,4,2,2,4,3,37,3,0,LeBron James,Regular Season,2007-08
22007,2544,0020700643,"Jan 27, 2008",CLE @ LAL,W,44,16,32,0.5,1,5,0.2,8,12,0.667,3,6,9,4,2,0,5,4,41,-3,0,LeBron James,Regular Season,2007-08
22007,2544,0020700627,"Jan 25, 2008",CLE vs. PHX,L,39,14,30,0.467,0,1,0.0,8,10,0.8,2,5,7,5,2,0,1,3,36,-12,0,LeBron James,Regular Season,2007-08
22007,2544,0020700612,"Jan 23, 2008",CLE vs. WAS,W,31,7,13,0.538,1,3,0.333,8,9,0.889,2,6,8,8,2,1,0,2,23,31,0,LeBron James,Regular Season,2007-08
22007,2544,0020700606,"Jan 21, 2008",CLE @ MIA,W,40,11,26,0.423,1,4,0.25,5,5,1.0,1,2,3,5,4,1,5,4,28,12,0,LeBron James,Regular Season,2007-08
22007,2544,0020700570,"Jan 17, 2008",CLE @ SAS,W,39,9,24,0.375,1,5,0.2,8,12,0.667,3,6,9,7,0,2,3,1,27,-11,0,LeBron James,Regular Season,2007-08
22007,2544,0020700558,"Jan 15, 2008",CLE @ MEM,W,47,18,28,0.643,6,12,0.5,9,16,0.563,3,5,8,9,3,1,4,1,51,10,0,LeBron James,Regular Season,2007-08
22007,2544,0020700527,"Jan 11, 2008",CLE vs. CHA,W,50,10,20,0.5,2,7,0.286,9,15,0.6,5,14,19,8,4,3,8,3,31,-2,0,LeBron James,Regular Season,2007-08
22007,2544,0020700510,"Jan 09, 2008",CLE @ ATL,L,43,13,22,0.591,0,4,0.0,5,9,0.556,3,7,10,6,3,1,3,3,31,-7,0,LeBron James,Regular Season,2007-08
22007,2544,0020700503,"Jan 08, 2008",CLE vs. SEA,W,35,8,18,0.444,0,3,0.0,6,6,1.0,2,6,8,3,2,0,4,2,22,13,0,LeBron James,Regular Season,2007-08
22007,2544,0020700490,"Jan 06, 2008",CLE @ TOR,W,46,14,29,0.483,4,8,0.5,7,12,0.583,3,8,11,8,0,0,1,1,39,-1,0,LeBron James,Regular Season,2007-08
22007,2544,0020700477,"Jan 04, 2008",CLE vs. SAC,W,45,7,18,0.389,1,6,0.167,9,12,0.75,1,7,8,10,5,1,3,1,24,7,0,LeBron James,Regular Season,2007-08
22007,2544,0020700460,"Jan 02, 2008",CLE vs. ATL,W,40,13,22,0.591,1,3,0.333,9,11,0.818,1,4,5,6,2,1,2,1,36,7,0,LeBron James,Regular Season,2007-08
22007,2544,0020700438,"Dec 29, 2007",CLE @ NOH,L,42,8,21,0.381,1,4,0.25,4,6,0.667,2,3,5,6,1,0,4,1,21,-18,0,LeBron James,Regular Season,2007-08
22007,2544,0020700419,"Dec 27, 2007",CLE @ DAL,W,36,9,21,0.429,1,4,0.25,5,10,0.5,4,4,8,7,3,0,3,5,24,5,0,LeBron James,Regular Season,2007-08
22007,2544,0020700405,"Dec 25, 2007",CLE vs. MIA,W,39,9,19,0.474,0,3,0.0,7,11,0.636,0,6,6,12,1,1,2,3,25,18,0,LeBron James,Regular Season,2007-08
22007,2544,0020700402,"Dec 23, 2007",CLE vs. GSW,L,41,8,20,0.4,0,2,0.0,9,13,0.692,2,3,5,8,1,1,3,2,25,-12,0,LeBron James,Regular Season,2007-08
22007,2544,0020700379,"Dec 20, 2007",CLE vs. LAL,W,38,12,29,0.414,0,3,0.0,9,11,0.818,4,6,10,5,1,1,3,3,33,-7,0,LeBron James,Regular Season,2007-08
22007,2544,0020700370,"Dec 19, 2007",CLE @ NYK,L,37,12,21,0.571,3,6,0.5,5,6,0.833,1,7,8,6,6,0,4,1,32,-9,0,LeBron James,Regular Season,2007-08
22007,2544,0020700355,"Dec 17, 2007",CLE vs. MIL,W,50,10,25,0.4,0,5,0.0,11,13,0.846,1,7,8,5,1,0,2,3,31,6,0,LeBron James,Regular Season,2007-08
22007,2544,0020700344,"Dec 15, 2007",CLE vs. PHI,L,42,10,18,0.556,0,1,0.0,1,1,1.0,0,6,6,6,0,1,3,1,21,5,0,LeBron James,Regular Season,2007-08
22007,2544,0020700331,"Dec 14, 2007",CLE @ NJN,L,41,12,25,0.48,3,9,0.333,2,3,0.667,0,6,6,8,2,0,6,3,29,6,0,LeBron James,Regular Season,2007-08
22007,2544,0020700308,"Dec 11, 2007",CLE vs. IND,W,23,5,9,0.556,0,1,0.0,7,10,0.7,1,2,3,5,1,1,4,2,17,27,0,LeBron James,Regular Season,2007-08
22007,2544,0020700214,"Nov 28, 2007",CLE @ DET,L,20,5,11,0.455,0,2,0.0,5,9,0.556,0,1,1,3,0,0,0,1,15,-2,0,LeBron James,Regular Season,2007-08
22007,2544,0020700204,"Nov 27, 2007",CLE vs. BOS,W,46,11,25,0.44,2,8,0.25,14,15,0.933,0,4,4,13,2,2,3,2,38,14,0,LeBron James,Regular Season,2007-08
22007,2544,0020700193,"Nov 25, 2007",CLE @ IND,W,36,10,21,0.476,1,6,0.167,9,15,0.6,3,8,11,10,4,1,2,1,30,9,0,LeBron James,Regular Season,2007-08
22007,2544,0020700183,"Nov 24, 2007",CLE vs. TOR,W,45,14,29,0.483,2,8,0.25,7,8,0.875,3,9,12,12,3,1,4,3,37,7,0,LeBron James,Regular Season,2007-08
22007,2544,0020700165,"Nov 21, 2007",CLE @ MIN,W,39,17,26,0.654,6,10,0.6,5,8,0.625,2,6,8,5,3,2,3,2,45,14,0,LeBron James,Regular Season,2007-08
22007,2544,0020700151,"Nov 20, 2007",CLE vs. MIL,L,44,11,22,0.5,1,7,0.143,11,12,0.917,0,7,7,7,1,1,3,4,34,-2,0,LeBron James,Regular Season,2007-08
22007,2544,0020700124,"Nov 16, 2007",CLE vs. UTA,W,40,13,27,0.481,1,3,0.333,13,15,0.867,2,8,10,9,0,3,5,3,40,13,0,LeBron James,Regular Season,2007-08
22007,2544,0020700107,"Nov 14, 2007",CLE vs. ORL,L,47,15,27,0.556,2,4,0.5,7,9,0.778,4,9,13,14,0,2,4,1,39,2,0,LeBron James,Regular Season,2007-08
22007,2544,0020700094,"Nov 12, 2007",CLE @ DEN,L,34,9,16,0.563,1,3,0.333,8,14,0.571,0,1,1,4,2,0,4,3,27,-13,0,LeBron James,Regular Season,2007-08
22007,2544,0020700092,"Nov 11, 2007",CLE @ LAC,W,36,9,21,0.429,0,2,0.0,4,8,0.5,1,4,5,8,6,1,5,3,22,11,0,LeBron James,Regular Season,2007-08
22007,2544,0020700077,"Nov 09, 2007",CLE @ SAC,W,44,10,19,0.526,0,2,0.0,6,8,0.75,0,4,4,4,1,1,1,1,26,-1,0,LeBron James,Regular Season,2007-08
22007,2544,0020700060,"Nov 07, 2007",CLE @ UTA,L,41,12,27,0.444,1,4,0.25,7,15,0.467,2,13,15,13,3,2,4,4,32,4,0,LeBron James,Regular Season,2007-08
22007,2544,0020700053,"Nov 06, 2007",CLE @ GSW,W,42,9,16,0.563,1,2,0.5,5,7,0.714,1,12,13,9,0,3,2,1,24,4,0,LeBron James,Regular Season,2007-08
22007,2544,0020700041,"Nov 04, 2007",CLE @ PHX,L,43,11,26,0.423,3,5,0.6,2,2,1.0,1,4,5,8,2,4,3,0,27,-18,0,LeBron James,Regular Season,2007-08
22007,2544,0020700020,"Nov 02, 2007",CLE vs. NYK,W,44,13,28,0.464,3,5,0.6,16,22,0.727,3,4,7,7,3,1,3,1,45,4,0,LeBron James,Regular Season,2007-08
22007,2544,0020700008,"Oct 31, 2007",CLE vs. DAL,L,36,2,11,0.182,0,2,0.0,6,10,0.6,1,4,5,4,1,0,5,4,10,-12,0,LeBron James,Regular Season,2007-08
42007,2544,0040700207,"May 18, 2008",CLE @ BOS,L,47,14,29,0.483,3,11,0.273,14,19,0.737,1,4,5,6,2,0,2,4,45,0,0,LeBron James,Playoffs,2007-08
42007,2544,0040700206,"May 16, 2008",CLE vs. BOS,W,47,9,23,0.391,1,3,0.333,13,15,0.867,3,9,12,6,2,1,8,2,32,7,0,LeBron James,Playoffs,2007-08
42007,2544,0040700205,"May 14, 2008",CLE @ BOS,L,45,12,25,0.48,0,5,0.0,11,13,0.846,0,3,3,5,1,1,4,3,35,-8,0,LeBron James,Playoffs,2007-08
42007,2544,0040700204,"May 12, 2008",CLE vs. BOS,W,44,7,20,0.35,2,5,0.4,5,8,0.625,1,5,6,13,3,2,4,3,21,15,0,LeBron James,Playoffs,2007-08
42007,2544,0040700203,"May 10, 2008",CLE vs. BOS,W,40,5,16,0.313,3,5,0.6,8,12,0.667,0,5,5,8,4,3,2,3,21,29,0,LeBron James,Playoffs,2007-08
42007,2544,0040700202,"May 08, 2008",CLE @ BOS,L,42,6,24,0.25,0,4,0.0,9,13,0.692,2,3,5,6,2,1,7,1,21,-15,0,LeBron James,Playoffs,2007-08
42007,2544,0040700201,"May 06, 2008",CLE @ BOS,L,39,2,18,0.111,0,6,0.0,8,10,0.8,2,7,9,9,1,1,10,4,12,-7,0,LeBron James,Playoffs,2007-08
42007,2544,0040700136,"May 02, 2008",CLE @ WAS,W,44,8,17,0.471,1,2,0.5,10,10,1.0,2,11,13,13,2,1,1,2,27,26,0,LeBron James,Playoffs,2007-08
42007,2544,0040700135,"Apr 30, 2008",CLE vs. WAS,L,44,8,21,0.381,3,9,0.333,15,18,0.833,2,8,10,7,1,2,5,0,34,-3,0,LeBron James,Playoffs,2007-08
42007,2544,0040700134,"Apr 27, 2008",CLE @ WAS,W,44,11,25,0.44,3,8,0.375,9,14,0.643,2,10,12,7,2,0,5,5,34,3,0,LeBron James,Playoffs,2007-08
42007,2544,0040700133,"Apr 24, 2008",CLE @ WAS,L,36,10,19,0.526,0,4,0.0,2,4,0.5,0,7,7,3,1,1,4,3,22,-24,0,LeBron James,Playoffs,2007-08
42007,2544,0040700132,"Apr 21, 2008",CLE vs. WAS,W,39,9,19,0.474,2,6,0.333,10,17,0.588,1,8,9,12,1,2,1,2,30,34,0,LeBron James,Playoffs,2007-08
42007,2544,0040700131,"Apr 19, 2008",CLE vs. WAS,W,41,12,19,0.632,0,2,0.0,8,14,0.571,0,6,6,4,1,2,1,1,32,9,0,LeBron James,Playoffs,2007-08
22008,2544,0020801202,"Apr 13, 2009",CLE @ IND,W,39,12,23,0.522,2,7,0.286,11,14,0.786,0,5,5,5,1,0,5,1,37,8,0,LeBron James,Regular Season,2008-09
22008,2544,0020801197,"Apr 12, 2009",CLE vs. BOS,W,30,9,14,0.643,5,8,0.625,6,6,1.0,0,4,4,7,1,1,5,1,29,21,0,LeBron James,Regular Season,2008-09
22008,2544,0020801177,"Apr 10, 2009",CLE @ PHI,W,37,8,17,0.471,1,4,0.25,10,12,0.833,0,2,2,10,0,1,1,4,27,8,0,LeBron James,Regular Season,2008-09
22008,2544,0020801162,"Apr 08, 2009",CLE vs. WAS,W,31,7,15,0.467,0,2,0.0,7,8,0.875,0,6,6,7,3,0,2,1,21,25,0,LeBron James,Regular Season,2008-09
22008,2544,0020801142,"Apr 05, 2009",CLE vs. SAS,W,37,14,21,0.667,2,5,0.4,8,8,1.0,0,7,7,6,1,0,2,1,38,7,0,LeBron James,Regular Season,2008-09
22008,2544,0020801130,"Apr 03, 2009",CLE @ ORL,L,32,7,20,0.35,2,5,0.4,10,10,1.0,1,8,9,5,1,0,2,1,26,-26,0,LeBron James,Regular Season,2008-09
22008,2544,0020801123,"Apr 02, 2009",CLE @ WAS,L,38,11,18,0.611,4,8,0.5,5,7,0.714,1,8,9,6,0,0,6,1,31,-13,0,LeBron James,Regular Season,2008-09
22008,2544,0020801105,"Mar 31, 2009",CLE vs. DET,W,41,9,24,0.375,0,2,0.0,7,8,0.875,1,11,12,3,3,1,1,0,25,10,0,LeBron James,Regular Season,2008-09
22008,2544,0020801091,"Mar 29, 2009",CLE vs. DAL,W,31,9,22,0.409,2,4,0.5,4,5,0.8,1,5,6,12,1,2,0,0,24,15,0,LeBron James,Regular Season,2008-09
22008,2544,0020801077,"Mar 27, 2009",CLE vs. MIN,W,34,8,14,0.571,2,3,0.667,7,10,0.7,2,10,12,7,0,0,5,0,25,25,0,LeBron James,Regular Season,2008-09
22008,2544,0020801060,"Mar 25, 2009",CLE vs. NJN,W,39,7,14,0.5,1,1,1.0,7,7,1.0,1,7,8,11,1,0,1,0,22,19,0,LeBron James,Regular Season,2008-09
22008,2544,0020801045,"Mar 22, 2009",CLE @ NJN,W,39,9,17,0.529,1,4,0.25,11,15,0.733,2,9,11,8,1,0,1,0,30,14,0,LeBron James,Regular Season,2008-09
22008,2544,0020801034,"Mar 21, 2009",CLE vs. ATL,W,40,9,21,0.429,1,4,0.25,3,5,0.6,1,6,7,5,3,1,2,2,22,10,0,LeBron James,Regular Season,2008-09
22008,2544,0020801021,"Mar 19, 2009",CLE vs. POR,W,47,10,22,0.455,0,3,0.0,6,11,0.545,0,11,11,10,1,2,0,4,26,-1,0,LeBron James,Regular Season,2008-09
22008,2544,0020801002,"Mar 17, 2009",CLE vs. ORL,W,43,15,27,0.556,4,7,0.571,9,10,0.9,2,10,12,8,4,1,6,1,43,5,0,LeBron James,Regular Season,2008-09
22008,2544,0020800986,"Mar 15, 2009",CLE vs. NYK,W,40,9,17,0.529,0,3,0.0,1,3,0.333,1,7,8,10,4,3,3,1,19,-1,0,LeBron James,Regular Season,2008-09
22008,2544,0020800977,"Mar 13, 2009",CLE @ SAC,W,47,16,30,0.533,4,11,0.364,15,17,0.882,0,4,4,9,2,3,3,2,51,6,0,LeBron James,Regular Season,2008-09
22008,2544,0020800967,"Mar 12, 2009",CLE @ PHX,W,43,10,24,0.417,3,8,0.375,11,13,0.846,6,4,10,13,3,3,3,0,34,7,0,LeBron James,Regular Season,2008-09
22008,2544,0020800954,"Mar 10, 2009",CLE @ LAC,W,44,10,23,0.435,0,6,0.0,12,16,0.75,4,9,13,11,2,2,4,2,32,7,0,LeBron James,Regular Season,2008-09
22008,2544,0020800928,"Mar 07, 2009",CLE vs. MIA,W,43,5,15,0.333,0,3,0.0,4,7,0.571,2,8,10,12,1,1,2,0,14,10,0,LeBron James,Regular Season,2008-09
22008,2544,0020800920,"Mar 06, 2009",CLE @ BOS,L,38,5,15,0.333,2,5,0.4,9,12,0.75,0,6,6,5,1,0,4,1,21,-1,0,LeBron James,Regular Season,2008-09
22008,2544,0020800905,"Mar 04, 2009",CLE vs. MIL,W,33,7,11,0.636,4,5,0.8,5,7,0.714,1,7,8,4,1,0,3,2,23,24,0,LeBron James,Regular Season,2008-09
22008,2544,0020800894,"Mar 02, 2009",CLE @ MIA,W,44,13,21,0.619,6,7,0.857,10,10,1.0,1,7,8,4,1,1,6,4,42,8,0,LeBron James,Regular Season,2008-09
22008,2544,0020800885,"Mar 01, 2009",CLE @ ATL,W,44,8,20,0.4,2,7,0.286,8,14,0.571,1,5,6,11,1,2,0,3,26,4,0,LeBron James,Regular Season,2008-09
22008,2544,0020800873,"Feb 27, 2009",CLE @ SAS,W,32,12,23,0.522,3,6,0.5,3,3,1.0,4,10,14,4,2,0,1,2,30,29,0,LeBron James,Regular Season,2008-09
22008,2544,0020800861,"Feb 26, 2009",CLE @ HOU,L,34,7,21,0.333,2,5,0.4,5,6,0.833,0,1,1,0,1,2,3,4,21,-14,0,LeBron James,Regular Season,2008-09
22008,2544,0020800842,"Feb 24, 2009",CLE vs. MEM,W,30,4,10,0.4,1,2,0.5,6,8,0.75,0,5,5,8,0,1,2,1,15,13,0,LeBron James,Regular Season,2008-09
22008,2544,0020800835,"Feb 22, 2009",CLE vs. DET,W,31,6,13,0.462,0,3,0.0,8,10,0.8,0,5,5,9,2,1,0,0,20,22,0,LeBron James,Regular Season,2008-09
22008,2544,0020800818,"Feb 20, 2009",CLE @ MIL,W,40,16,29,0.552,8,11,0.727,15,22,0.682,1,4,5,9,0,0,6,3,55,13,0,LeBron James,Regular Season,2008-09
22008,2544,0020800799,"Feb 18, 2009",CLE @ TOR,W,33,9,17,0.529,0,3,0.0,2,2,1.0,1,8,9,9,1,1,5,1,20,20,0,LeBron James,Regular Season,2008-09
22008,2544,0020800774,"Feb 11, 2009",CLE vs. PHX,W,33,9,18,0.5,1,5,0.2,7,8,0.875,2,4,6,6,2,1,3,1,26,22,0,LeBron James,Regular Season,2008-09
22008,2544,0020800765,"Feb 10, 2009",CLE @ IND,L,41,15,21,0.714,4,7,0.571,13,14,0.929,0,7,7,4,1,1,7,1,47,7,0,LeBron James,Regular Season,2008-09
22008,2544,0020800751,"Feb 08, 2009",CLE vs. LAL,L,40,5,20,0.25,2,8,0.25,4,8,0.5,3,5,8,12,0,0,1,1,16,-12,0,LeBron James,Regular Season,2008-09
22008,2544,0020800724,"Feb 04, 2009",CLE @ NYK,W,44,17,33,0.515,2,7,0.286,16,19,0.842,0,9,9,11,0,2,3,1,52,7,0,LeBron James,Regular Season,2008-09
22008,2544,0020800714,"Feb 03, 2009",CLE vs. TOR,W,38,9,20,0.45,2,5,0.4,13,13,1.0,1,6,7,4,1,2,3,3,33,23,0,LeBron James,Regular Season,2008-09
22008,2544,0020800704,"Feb 01, 2009",CLE @ DET,W,39,12,25,0.48,3,8,0.375,6,11,0.545,4,0,4,8,1,1,5,3,33,-8,0,LeBron James,Regular Season,2008-09
22008,2544,0020800686,"Jan 30, 2009",CLE vs. LAC,W,37,9,17,0.529,2,4,0.5,5,6,0.833,0,7,7,6,3,1,3,2,25,32,0,LeBron James,Regular Season,2008-09
22008,2544,0020800679,"Jan 29, 2009",CLE @ ORL,L,38,10,27,0.37,0,2,0.0,3,6,0.5,1,7,8,8,1,1,2,1,23,-9,0,LeBron James,Regular Season,2008-09
22008,2544,0020800662,"Jan 27, 2009",CLE vs. SAC,W,38,5,10,0.5,0,2,0.0,13,15,0.867,5,10,15,11,0,3,2,1,23,6,0,LeBron James,Regular Season,2008-09
22008,2544,0020800644,"Jan 24, 2009",CLE @ UTA,W,41,14,27,0.519,1,6,0.167,4,6,0.667,4,10,14,9,1,0,2,1,33,16,0,LeBron James,Regular Season,2008-09
22008,2544,0020800638,"Jan 23, 2009",CLE @ GSW,W,41,10,24,0.417,2,5,0.4,10,16,0.625,2,7,9,8,3,2,2,2,32,12,0,LeBron James,Regular Season,2008-09
22008,2544,0020800624,"Jan 21, 2009",CLE @ POR,W,42,14,30,0.467,3,6,0.5,3,4,0.75,0,7,7,14,1,0,2,1,34,14,0,LeBron James,Regular Season,2008-09
22008,2544,0020800612,"Jan 19, 2009",CLE @ LAL,L,42,9,25,0.36,1,5,0.2,4,8,0.5,2,7,9,4,4,1,6,1,23,-11,0,LeBron James,Regular Season,2008-09
22008,2544,0020800583,"Jan 16, 2009",CLE vs. NOH,W,43,12,24,0.5,0,2,0.0,5,6,0.833,3,11,14,7,3,1,4,3,29,19,0,LeBron James,Regular Season,2008-09
22008,2544,0020800578,"Jan 15, 2009",CLE @ CHI,L,44,8,28,0.286,1,6,0.167,11,16,0.688,3,11,14,7,1,1,8,4,28,2,0,LeBron James,Regular Season,2008-09
22008,2544,0020800560,"Jan 13, 2009",CLE @ MEM,W,40,9,15,0.6,1,5,0.2,11,14,0.786,0,11,11,10,3,1,2,2,30,21,0,LeBron James,Regular Season,2008-09
22008,2544,0020800531,"Jan 09, 2009",CLE vs. BOS,W,36,13,25,0.52,3,7,0.429,9,9,1.0,1,6,7,6,4,3,3,2,38,20,0,LeBron James,Regular Season,2008-09
22008,2544,0020800515,"Jan 07, 2009",CLE vs. CHA,W,31,9,16,0.563,0,1,0.0,3,3,1.0,0,4,4,4,2,2,4,1,21,23,0,LeBron James,Regular Season,2008-09
22008,2544,0020800496,"Jan 04, 2009",CLE @ WAS,L,41,11,22,0.5,3,9,0.333,5,8,0.625,0,6,6,10,1,2,7,4,30,0,0,LeBron James,Regular Season,2008-09
22008,2544,0020800476,"Jan 02, 2009",CLE vs. CHI,W,37,3,8,0.375,2,3,0.667,8,8,1.0,1,9,10,11,2,3,5,1,16,27,0,LeBron James,Regular Season,2008-09
22008,2544,0020800460,"Dec 30, 2008",CLE @ MIA,L,43,12,24,0.5,3,8,0.375,11,14,0.786,0,2,2,7,0,2,5,2,38,-6,0,LeBron James,Regular Season,2008-09
22008,2544,0020800446,"Dec 28, 2008",CLE vs. MIA,W,43,12,19,0.632,2,4,0.5,7,12,0.583,0,6,6,9,0,1,2,1,33,8,0,LeBron James,Regular Season,2008-09
22008,2544,0020800424,"Dec 25, 2008",CLE vs. WAS,W,38,6,13,0.462,0,2,0.0,6,10,0.6,0,5,5,6,3,1,3,1,18,-4,0,LeBron James,Regular Season,2008-09
22008,2544,0020800411,"Dec 23, 2008",CLE vs. HOU,W,38,11,23,0.478,0,3,0.0,5,7,0.714,1,8,9,5,3,1,7,2,27,14,0,LeBron James,Regular Season,2008-09
22008,2544,0020800402,"Dec 21, 2008",CLE @ OKC,W,43,14,24,0.583,2,4,0.5,1,2,0.5,2,2,4,7,3,1,3,1,31,16,0,LeBron James,Regular Season,2008-09
22008,2544,0020800388,"Dec 19, 2008",CLE @ DEN,W,39,13,20,0.65,0,2,0.0,7,8,0.875,3,7,10,8,0,0,6,3,33,14,0,LeBron James,Regular Season,2008-09
22008,2544,0020800372,"Dec 17, 2008",CLE @ MIN,W,40,14,20,0.7,2,6,0.333,2,4,0.5,0,6,6,3,2,2,0,1,32,22,0,LeBron James,Regular Season,2008-09
22008,2544,0020800337,"Dec 13, 2008",CLE @ ATL,L,46,10,19,0.526,2,7,0.286,11,12,0.917,2,4,6,9,4,1,1,2,33,1,0,LeBron James,Regular Season,2008-09
22008,2544,0020800326,"Dec 12, 2008",CLE vs. PHI,W,37,9,21,0.429,1,4,0.25,9,12,0.75,3,4,7,7,1,3,0,2,28,13,0,LeBron James,Regular Season,2008-09
22008,2544,0020800318,"Dec 10, 2008",CLE @ PHI,W,39,10,22,0.455,2,6,0.333,7,8,0.875,2,2,4,5,0,2,1,4,29,-1,0,LeBron James,Regular Season,2008-09
22008,2544,0020800305,"Dec 09, 2008",CLE vs. TOR,W,30,11,18,0.611,2,5,0.4,7,8,0.875,0,5,5,4,3,0,2,1,31,19,0,LeBron James,Regular Season,2008-09
22008,2544,0020800287,"Dec 06, 2008",CLE @ CHA,W,28,8,17,0.471,2,4,0.5,7,8,0.875,2,3,5,4,2,2,3,3,25,27,0,LeBron James,Regular Season,2008-09
22008,2544,0020800279,"Dec 05, 2008",CLE vs. IND,W,38,4,12,0.333,0,4,0.0,3,4,0.75,2,6,8,11,1,3,2,2,11,32,0,LeBron James,Regular Season,2008-09
22008,2544,0020800265,"Dec 03, 2008",CLE vs. NYK,W,28,5,10,0.5,1,4,0.25,10,10,1.0,0,5,5,6,5,1,0,0,21,30,0,LeBron James,Regular Season,2008-09
22008,2544,0020800243,"Nov 29, 2008",CLE @ MIL,W,41,12,27,0.444,1,5,0.2,7,10,0.7,1,6,7,5,2,1,3,3,32,7,0,LeBron James,Regular Season,2008-09
22008,2544,0020800227,"Nov 28, 2008",CLE vs. GSW,W,31,9,13,0.692,3,4,0.75,2,4,0.5,1,6,7,8,3,1,2,2,23,24,0,LeBron James,Regular Season,2008-09
22008,2544,0020800211,"Nov 26, 2008",CLE vs. OKC,W,17,7,12,0.583,0,1,0.0,0,0,0.0,0,3,3,3,1,3,0,0,14,24,0,LeBron James,Regular Season,2008-09
22008,2544,0020800206,"Nov 25, 2008",CLE @ NYK,W,30,7,14,0.5,3,7,0.429,9,11,0.818,0,4,4,1,1,1,1,0,26,17,0,LeBron James,Regular Season,2008-09
22008,2544,0020800186,"Nov 22, 2008",CLE vs. ATL,W,37,8,19,0.421,1,4,0.25,7,7,1.0,1,6,7,8,2,0,2,3,24,16,0,LeBron James,Regular Season,2008-09
22008,2544,0020800160,"Nov 19, 2008",CLE @ DET,L,39,8,21,0.381,0,4,0.0,9,10,0.9,1,5,6,6,4,0,3,1,25,-5,0,LeBron James,Regular Season,2008-09
22008,2544,0020800154,"Nov 18, 2008",CLE @ NJN,W,36,9,20,0.45,1,4,0.25,12,17,0.706,0,8,8,4,0,1,3,3,31,17,0,LeBron James,Regular Season,2008-09
22008,2544,0020800135,"Nov 15, 2008",CLE vs. UTA,W,42,13,21,0.619,3,7,0.429,9,11,0.818,3,2,5,7,2,2,2,2,38,33,0,LeBron James,Regular Season,2008-09
22008,2544,0020800117,"Nov 13, 2008",CLE vs. DEN,W,38,10,20,0.5,0,0,0.0,2,4,0.5,1,7,8,11,3,0,5,4,22,14,0,LeBron James,Regular Season,2008-09
22008,2544,0020800099,"Nov 11, 2008",CLE vs. MIL,W,43,16,24,0.667,1,4,0.25,8,10,0.8,0,5,5,6,3,0,2,2,41,11,0,LeBron James,Regular Season,2008-09
22008,2544,0020800082,"Nov 08, 2008",CLE @ CHI,W,39,13,29,0.448,4,7,0.571,11,13,0.846,4,9,13,4,0,0,2,1,41,12,0,LeBron James,Regular Season,2008-09
22008,2544,0020800070,"Nov 07, 2008",CLE vs. IND,W,39,11,24,0.458,1,6,0.167,4,7,0.571,2,7,9,8,1,4,4,2,27,-3,0,LeBron James,Regular Season,2008-09
22008,2544,0020800055,"Nov 05, 2008",CLE vs. CHI,W,36,13,23,0.565,0,2,0.0,15,16,0.938,2,7,9,6,4,0,5,1,41,22,0,LeBron James,Regular Season,2008-09
22008,2544,0020800046,"Nov 03, 2008",CLE @ DAL,W,34,8,20,0.4,0,2,0.0,13,15,0.867,2,6,8,3,2,1,1,1,29,13,0,LeBron James,Regular Season,2008-09
22008,2544,0020800033,"Nov 01, 2008",CLE @ NOH,L,38,6,15,0.4,0,3,0.0,3,4,0.75,2,5,7,13,3,0,5,3,15,-8,0,LeBron James,Regular Season,2008-09
22008,2544,0020800016,"Oct 30, 2008",CLE vs. CHA,W,30,7,15,0.467,0,2,0.0,8,12,0.667,2,7,9,9,0,1,5,3,22,10,0,LeBron James,Regular Season,2008-09
22008,2544,0020800001,"Oct 28, 2008",CLE @ BOS,L,36,9,21,0.429,0,4,0.0,4,8,0.5,1,6,7,6,2,1,3,4,22,-3,0,LeBron James,Regular Season,2008-09
42008,2544,0040800306,"May 30, 2009",CLE @ ORL,L,45,8,20,0.4,2,8,0.25,7,11,0.636,1,6,7,7,0,1,3,4,25,-12,0,LeBron James,Playoffs,2008-09
42008,2544,0040800305,"May 28, 2009",CLE vs. ORL,W,46,11,24,0.458,0,2,0.0,15,19,0.789,3,11,14,12,1,1,4,3,37,11,0,LeBron James,Playoffs,2008-09
42008,2544,0040800304,"May 26, 2009",CLE @ ORL,L,49,13,29,0.448,4,10,0.4,14,18,0.778,1,11,12,7,1,1,8,5,44,6,0,LeBron James,Playoffs,2008-09
42008,2544,0040800303,"May 24, 2009",CLE @ ORL,L,42,11,28,0.393,1,8,0.125,18,24,0.75,0,7,7,9,2,1,2,3,41,-12,0,LeBron James,Playoffs,2008-09
42008,2544,0040800302,"May 22, 2009",CLE vs. ORL,W,43,12,23,0.522,1,3,0.333,10,12,0.833,2,2,4,5,1,0,6,3,35,-7,0,LeBron James,Playoffs,2008-09
42008,2544,0040800301,"May 20, 2009",CLE vs. ORL,L,41,20,30,0.667,3,6,0.5,6,10,0.6,3,3,6,8,2,3,2,1,49,7,0,LeBron James,Playoffs,2008-09
42008,2544,0040800204,"May 11, 2009",CLE @ ATL,W,43,9,22,0.409,3,6,0.5,6,9,0.667,0,8,8,8,1,0,3,3,27,1,0,LeBron James,Playoffs,2008-09
42008,2544,0040800203,"May 09, 2009",CLE @ ATL,W,43,15,25,0.6,5,10,0.5,12,16,0.75,2,10,12,8,1,1,1,2,47,26,0,LeBron James,Playoffs,2008-09
42008,2544,0040800202,"May 07, 2009",CLE vs. ATL,W,31,9,14,0.643,3,5,0.6,6,12,0.5,0,3,3,5,4,1,0,1,27,23,0,LeBron James,Playoffs,2008-09
42008,2544,0040800201,"May 05, 2009",CLE vs. ATL,W,34,12,20,0.6,2,6,0.333,8,9,0.889,3,7,10,3,4,0,3,0,34,13,0,LeBron James,Playoffs,2008-09
42008,2544,0040800104,"Apr 26, 2009",CLE @ DET,W,41,10,24,0.417,0,3,0.0,16,17,0.941,1,12,13,8,2,1,2,3,36,10,0,LeBron James,Playoffs,2008-09
42008,2544,0040800103,"Apr 24, 2009",CLE @ DET,W,43,9,19,0.474,0,5,0.0,7,11,0.636,2,9,11,9,3,2,2,0,25,13,0,LeBron James,Playoffs,2008-09
42008,2544,0040800102,"Apr 21, 2009",CLE vs. DET,W,38,7,14,0.5,2,5,0.4,13,17,0.765,1,12,13,6,0,0,2,1,29,21,0,LeBron James,Playoffs,2008-09
42008,2544,0040800101,"Apr 18, 2009",CLE vs. DET,W,41,13,20,0.65,1,4,0.25,11,14,0.786,0,8,8,7,1,0,0,1,38,22,0,LeBron James,Playoffs,2008-09
22009,2544,0020901150,"Apr 06, 2010",CLE vs. TOR,W,36,5,13,0.385,0,2,0.0,9,10,0.9,0,6,6,13,0,1,4,1,19,19,0,LeBron James,Regular Season,2009-10
22009,2544,0020901141,"Apr 04, 2010",CLE @ BOS,L,45,14,31,0.452,0,9,0.0,14,22,0.636,1,6,7,9,1,1,3,0,42,-1,0,LeBron James,Regular Season,2009-10
22009,2544,0020901126,"Apr 02, 2010",CLE vs. ATL,W,38,11,20,0.55,1,3,0.333,4,7,0.571,0,13,13,6,2,0,2,1,27,11,0,LeBron James,Regular Season,2009-10
22009,2544,0020901109,"Mar 31, 2010",CLE vs. MIL,W,39,7,17,0.412,0,1,0.0,9,13,0.692,1,8,9,7,1,1,4,2,23,10,0,LeBron James,Regular Season,2009-10
22009,2544,0020901087,"Mar 28, 2010",CLE vs. SAC,W,39,13,22,0.591,3,6,0.5,5,6,0.833,1,6,7,8,3,0,3,2,34,8,0,LeBron James,Regular Season,2009-10
22009,2544,0020901080,"Mar 26, 2010",CLE @ SAS,L,39,11,21,0.524,1,6,0.167,4,7,0.571,0,5,5,10,2,0,5,2,27,-5,0,LeBron James,Regular Season,2009-10
22009,2544,0020901064,"Mar 24, 2010",CLE @ NOH,W,41,15,22,0.682,1,5,0.2,7,8,0.875,2,4,6,9,1,0,3,2,38,9,0,LeBron James,Regular Season,2009-10
22009,2544,0020901040,"Mar 21, 2010",CLE vs. DET,W,31,5,9,0.556,2,3,0.667,3,3,1.0,0,3,3,7,0,1,0,0,15,17,0,LeBron James,Regular Season,2009-10
22009,2544,0020901022,"Mar 19, 2010",CLE @ CHI,W,38,9,21,0.429,0,3,0.0,11,12,0.917,1,10,11,7,2,2,5,1,29,5,0,LeBron James,Regular Season,2009-10
22009,2544,0020901006,"Mar 17, 2010",CLE vs. IND,W,39,11,24,0.458,2,4,0.5,8,10,0.8,1,8,9,9,3,2,6,2,32,14,0,LeBron James,Regular Season,2009-10
22009,2544,0020900998,"Mar 16, 2010",CLE @ DET,W,43,10,22,0.455,1,3,0.333,8,11,0.727,2,10,12,12,1,1,4,0,29,13,0,LeBron James,Regular Season,2009-10
22009,2544,0020900984,"Mar 14, 2010",CLE vs. BOS,W,39,9,21,0.429,1,3,0.333,11,16,0.688,3,5,8,7,2,3,2,2,30,3,0,LeBron James,Regular Season,2009-10
22009,2544,0020900965,"Mar 12, 2010",CLE @ PHI,W,42,7,18,0.389,3,10,0.3,6,12,0.5,0,6,6,10,1,3,1,2,23,2,0,LeBron James,Regular Season,2009-10
22009,2544,0020900915,"Mar 05, 2010",CLE vs. DET,W,42,16,27,0.593,3,7,0.429,5,6,0.833,2,11,13,6,3,2,4,1,40,12,0,LeBron James,Regular Season,2009-10
22009,2544,0020900902,"Mar 03, 2010",CLE @ NJN,W,41,10,18,0.556,0,4,0.0,6,7,0.857,2,5,7,14,3,1,3,1,26,18,0,LeBron James,Regular Season,2009-10
22009,2544,0020900887,"Mar 01, 2010",CLE vs. NYK,W,31,9,17,0.529,1,4,0.25,3,5,0.6,0,7,7,7,2,2,3,0,22,39,0,LeBron James,Regular Season,2009-10
22009,2544,0020900859,"Feb 26, 2010",CLE @ TOR,W,44,10,17,0.588,1,4,0.25,15,16,0.938,0,6,6,9,2,0,1,2,36,8,0,LeBron James,Regular Season,2009-10
22009,2544,0020900857,"Feb 25, 2010",CLE @ BOS,W,36,11,23,0.478,3,6,0.5,11,15,0.733,1,6,7,9,0,0,2,2,36,9,0,LeBron James,Regular Season,2009-10
22009,2544,0020900837,"Feb 23, 2010",CLE vs. NOH,W,44,7,16,0.438,2,6,0.333,4,4,1.0,1,4,5,13,2,0,0,0,20,17,0,LeBron James,Regular Season,2009-10
22009,2544,0020900823,"Feb 21, 2010",CLE @ ORL,L,39,12,25,0.48,1,6,0.167,8,12,0.667,0,9,9,6,2,1,5,0,33,-9,0,LeBron James,Regular Season,2009-10
22009,2544,0020900804,"Feb 19, 2010",CLE @ CHA,L,36,6,14,0.429,2,6,0.333,8,10,0.8,1,2,3,9,4,0,2,2,22,-2,0,LeBron James,Regular Season,2009-10
22009,2544,0020900802,"Feb 18, 2010",CLE vs. DEN,L,47,15,33,0.455,1,9,0.111,12,17,0.706,1,12,13,15,2,4,3,1,43,-5,0,LeBron James,Regular Season,2009-10
22009,2544,0020900779,"Feb 11, 2010",CLE vs. ORL,W,45,10,21,0.476,2,6,0.333,10,12,0.833,1,7,8,13,2,0,3,2,32,16,0,LeBron James,Regular Season,2009-10
22009,2544,0020900759,"Feb 09, 2010",CLE vs. NJN,W,42,13,21,0.619,1,4,0.25,5,9,0.556,0,3,3,11,1,0,3,0,32,-2,0,LeBron James,Regular Season,2009-10
22009,2544,0020900743,"Feb 06, 2010",CLE vs. NYK,W,44,17,31,0.548,6,12,0.5,7,7,1.0,1,7,8,8,5,0,5,2,47,4,0,LeBron James,Regular Season,2009-10
22009,2544,0020900729,"Feb 04, 2010",CLE vs. MIA,W,40,9,16,0.563,1,4,0.25,17,21,0.81,2,5,7,8,2,0,4,1,36,20,0,LeBron James,Regular Season,2009-10
22009,2544,0020900711,"Feb 02, 2010",CLE vs. MEM,W,37,7,14,0.5,1,4,0.25,7,7,1.0,1,5,6,15,1,1,4,2,22,19,0,LeBron James,Regular Season,2009-10
22009,2544,0020900697,"Jan 31, 2010",CLE vs. LAC,W,40,10,20,0.5,5,6,0.833,7,8,0.875,1,2,3,11,1,0,1,1,32,15,0,LeBron James,Regular Season,2009-10
22009,2544,0020900677,"Jan 29, 2010",CLE @ IND,W,36,6,18,0.333,0,4,0.0,10,17,0.588,0,9,9,13,2,4,5,2,22,22,0,LeBron James,Regular Season,2009-10
22009,2544,0020900663,"Jan 27, 2010",CLE vs. MIN,W,31,3,8,0.375,1,3,0.333,5,6,0.833,0,6,6,11,1,1,3,1,12,16,0,LeBron James,Regular Season,2009-10
22009,2544,0020900651,"Jan 25, 2010",CLE @ MIA,W,39,9,23,0.391,2,9,0.222,12,17,0.706,0,9,9,4,1,0,4,3,32,1,0,LeBron James,Regular Season,2009-10
22009,2544,0020900638,"Jan 23, 2010",CLE vs. OKC,W,43,9,19,0.474,6,10,0.6,13,19,0.684,0,9,9,12,1,1,6,2,37,-1,0,LeBron James,Regular Season,2009-10
22009,2544,0020900621,"Jan 21, 2010",CLE vs. LAL,W,40,13,25,0.52,1,9,0.111,10,13,0.769,0,5,5,9,2,1,4,3,37,5,0,LeBron James,Regular Season,2009-10
22009,2544,0020900606,"Jan 19, 2010",CLE vs. TOR,W,41,8,18,0.444,0,7,0.0,12,14,0.857,0,9,9,11,3,3,3,1,28,12,0,LeBron James,Regular Season,2009-10
22009,2544,0020900591,"Jan 16, 2010",CLE @ LAC,W,39,12,20,0.6,3,6,0.5,5,7,0.714,2,2,4,4,2,1,5,3,32,-1,0,LeBron James,Regular Season,2009-10
22009,2544,0020900570,"Jan 14, 2010",CLE @ UTA,L,40,12,20,0.6,4,6,0.667,8,12,0.667,1,8,9,6,5,1,5,1,36,7,0,LeBron James,Regular Season,2009-10
22009,2544,0020900552,"Jan 11, 2010",CLE @ GSW,W,42,12,23,0.522,1,4,0.25,12,14,0.857,1,7,8,11,2,4,2,1,37,12,0,LeBron James,Regular Season,2009-10
22009,2544,0020900542,"Jan 10, 2010",CLE @ POR,W,45,13,19,0.684,3,4,0.75,12,14,0.857,0,10,10,8,0,1,3,1,41,16,0,LeBron James,Regular Season,2009-10
22009,2544,0020900528,"Jan 08, 2010",CLE @ DEN,L,41,12,28,0.429,2,8,0.25,9,13,0.692,2,4,6,7,1,0,8,1,35,6,0,LeBron James,Regular Season,2009-10
22009,2544,0020900508,"Jan 06, 2010",CLE vs. WAS,W,31,7,12,0.583,1,4,0.25,8,11,0.727,2,5,7,8,1,2,1,0,23,16,0,LeBron James,Regular Season,2009-10
22009,2544,0020900489,"Jan 03, 2010",CLE vs. CHA,L,43,13,21,0.619,2,6,0.333,1,2,0.5,0,7,7,6,1,1,1,3,29,-2,0,LeBron James,Regular Season,2009-10
22009,2544,0020900477,"Jan 02, 2010",CLE @ NJN,W,36,7,16,0.438,1,4,0.25,13,15,0.867,1,8,9,7,1,2,1,0,28,10,0,LeBron James,Regular Season,2009-10
22009,2544,0020900459,"Dec 30, 2009",CLE vs. ATL,W,43,15,23,0.652,4,6,0.667,14,16,0.875,3,7,10,6,2,2,3,3,48,7,0,LeBron James,Regular Season,2009-10
22009,2544,0020900452,"Dec 29, 2009",CLE @ ATL,W,40,6,20,0.3,0,5,0.0,2,3,0.667,1,7,8,10,5,1,4,2,14,6,0,LeBron James,Regular Season,2009-10
22009,2544,0020900440,"Dec 27, 2009",CLE vs. HOU,W,29,12,20,0.6,2,5,0.4,3,4,0.75,2,3,5,6,3,1,1,0,29,16,0,LeBron James,Regular Season,2009-10
22009,2544,0020900426,"Dec 25, 2009",CLE @ LAL,W,41,9,19,0.474,2,7,0.286,6,11,0.545,0,4,4,9,2,1,7,3,26,8,0,LeBron James,Regular Season,2009-10
22009,2544,0020900423,"Dec 23, 2009",CLE @ SAC,W,44,14,30,0.467,1,4,0.25,5,7,0.714,4,12,16,10,0,0,2,1,34,26,0,LeBron James,Regular Season,2009-10
22009,2544,0020900404,"Dec 21, 2009",CLE @ PHX,W,38,11,21,0.524,1,3,0.333,6,6,1.0,1,5,6,4,2,0,3,3,29,26,0,LeBron James,Regular Season,2009-10
22009,2544,0020900398,"Dec 20, 2009",CLE @ DAL,L,43,9,23,0.391,2,6,0.333,5,7,0.714,0,3,3,6,2,2,2,3,25,-5,0,LeBron James,Regular Season,2009-10
22009,2544,0020900376,"Dec 18, 2009",CLE vs. MIL,W,38,6,13,0.462,2,4,0.5,12,14,0.857,1,9,10,8,0,3,6,1,26,3,0,LeBron James,Regular Season,2009-10
22009,2544,0020900361,"Dec 16, 2009",CLE @ PHI,W,40,12,26,0.462,3,6,0.5,9,11,0.818,1,5,6,7,3,1,3,2,36,10,0,LeBron James,Regular Season,2009-10
22009,2544,0020900352,"Dec 15, 2009",CLE vs. NJN,W,40,9,19,0.474,1,5,0.2,4,6,0.667,1,5,6,7,2,0,6,3,23,7,0,LeBron James,Regular Season,2009-10
22009,2544,0020900342,"Dec 13, 2009",CLE @ OKC,W,39,16,29,0.552,5,8,0.625,7,10,0.7,0,7,7,6,4,1,1,1,44,13,0,LeBron James,Regular Season,2009-10
22009,2544,0020900325,"Dec 11, 2009",CLE vs. POR,W,38,14,24,0.583,1,2,0.5,4,6,0.667,1,6,7,7,1,2,4,1,33,8,0,LeBron James,Regular Season,2009-10
22009,2544,0020900314,"Dec 09, 2009",CLE @ HOU,L,40,8,21,0.381,2,4,0.5,9,10,0.9,1,5,6,7,1,1,5,2,27,-13,0,LeBron James,Regular Season,2009-10
22009,2544,0020900304,"Dec 08, 2009",CLE @ MEM,L,45,14,29,0.483,4,11,0.364,11,12,0.917,4,9,13,6,0,1,5,2,43,6,0,LeBron James,Regular Season,2009-10
22009,2544,0020900292,"Dec 06, 2009",CLE @ MIL,W,32,4,10,0.4,0,0,0.0,6,7,0.857,1,4,5,10,1,1,5,2,14,8,0,LeBron James,Regular Season,2009-10
22009,2544,0020900274,"Dec 04, 2009",CLE vs. CHI,W,34,8,17,0.471,1,3,0.333,6,10,0.6,0,6,6,11,0,0,1,1,23,19,0,LeBron James,Regular Season,2009-10
22009,2544,0020900260,"Dec 02, 2009",CLE vs. PHX,W,35,6,15,0.4,0,3,0.0,0,0,0.0,1,7,8,10,1,1,3,0,12,19,0,LeBron James,Regular Season,2009-10
22009,2544,0020900235,"Nov 28, 2009",CLE vs. DAL,W,36,10,20,0.5,0,2,0.0,5,7,0.714,0,5,5,12,0,0,1,2,25,8,0,LeBron James,Regular Season,2009-10
22009,2544,0020900222,"Nov 27, 2009",CLE @ CHA,L,38,10,19,0.526,2,7,0.286,3,4,0.75,0,6,6,4,0,0,6,4,25,3,0,LeBron James,Regular Season,2009-10
22009,2544,0020900212,"Nov 25, 2009",CLE @ DET,W,39,12,24,0.5,1,4,0.25,9,11,0.818,1,7,8,7,1,0,5,2,34,12,0,LeBron James,Regular Season,2009-10
22009,2544,0020900184,"Nov 21, 2009",CLE vs. PHI,W,39,13,20,0.65,2,4,0.5,4,6,0.667,0,7,7,9,0,0,5,3,32,11,0,LeBron James,Regular Season,2009-10
22009,2544,0020900173,"Nov 20, 2009",CLE @ IND,W,38,13,25,0.52,1,3,0.333,13,14,0.929,2,7,9,7,1,1,2,1,40,4,0,LeBron James,Regular Season,2009-10
22009,2544,0020900162,"Nov 18, 2009",CLE @ WAS,L,35,12,20,0.6,3,7,0.429,7,8,0.875,0,2,2,9,2,0,6,4,34,-12,0,LeBron James,Regular Season,2009-10
22009,2544,0020900150,"Nov 17, 2009",CLE vs. GSW,W,39,11,19,0.579,1,5,0.2,8,10,0.8,0,5,5,12,1,2,2,2,31,8,0,LeBron James,Regular Season,2009-10
22009,2544,0020900137,"Nov 14, 2009",CLE vs. UTA,W,38,6,15,0.4,0,3,0.0,9,12,0.75,0,6,6,9,2,1,2,1,21,6,0,LeBron James,Regular Season,2009-10
22009,2544,0020900122,"Nov 12, 2009",CLE @ MIA,W,39,8,20,0.4,2,4,0.5,16,18,0.889,1,3,4,7,2,1,2,2,34,6,0,LeBron James,Regular Season,2009-10
22009,2544,0020900117,"Nov 11, 2009",CLE @ ORL,W,39,13,23,0.565,2,3,0.667,8,9,0.889,2,6,8,4,1,0,4,2,36,7,0,LeBron James,Regular Season,2009-10
22009,2544,0020900080,"Nov 06, 2009",CLE @ NYK,W,36,12,17,0.706,2,4,0.5,7,9,0.778,0,8,8,9,3,0,7,3,33,8,0,LeBron James,Regular Season,2009-10
22009,2544,0020900070,"Nov 05, 2009",CLE vs. CHI,L,38,9,17,0.529,1,4,0.25,6,9,0.667,0,7,7,6,1,1,3,0,25,-1,0,LeBron James,Regular Season,2009-10
22009,2544,0020900051,"Nov 03, 2009",CLE vs. WAS,W,36,7,16,0.438,2,7,0.286,11,13,0.846,3,5,8,6,3,0,4,0,27,5,0,LeBron James,Regular Season,2009-10
22009,2544,0020900033,"Oct 31, 2009",CLE vs. CHA,W,37,5,11,0.455,0,1,0.0,4,6,0.667,1,6,7,9,0,0,4,1,14,19,0,LeBron James,Regular Season,2009-10
22009,2544,0020900026,"Oct 30, 2009",CLE @ MIN,W,33,10,18,0.556,2,3,0.667,2,3,0.667,2,7,9,6,1,1,2,1,24,17,0,LeBron James,Regular Season,2009-10
22009,2544,0020900007,"Oct 28, 2009",CLE @ TOR,L,40,7,19,0.368,1,5,0.2,8,14,0.571,2,9,11,12,2,0,4,1,23,2,0,LeBron James,Regular Season,2009-10
22009,2544,0020900001,"Oct 27, 2009",CLE vs. BOS,L,45,12,22,0.545,4,9,0.444,10,13,0.769,0,4,4,8,2,4,5,4,38,0,0,LeBron James,Regular Season,2009-10
42009,2544,0040900206,"May 13, 2010",CLE @ BOS,L,46,8,21,0.381,2,4,0.5,9,12,0.75,3,16,19,10,3,1,9,2,27,-5,0,LeBron James,Playoffs,2009-10
42009,2544,0040900205,"May 11, 2010",CLE vs. BOS,L,42,3,14,0.214,0,4,0.0,9,12,0.75,1,5,6,7,1,0,3,3,15,-22,0,LeBron James,Playoffs,2009-10
42009,2544,0040900204,"May 09, 2010",CLE @ BOS,L,43,7,18,0.389,0,5,0.0,8,11,0.727,1,8,9,8,2,1,7,4,22,-10,0,LeBron James,Playoffs,2009-10
42009,2544,0040900203,"May 07, 2010",CLE @ BOS,W,39,14,22,0.636,2,3,0.667,8,9,0.889,2,6,8,7,1,2,1,1,38,30,0,LeBron James,Playoffs,2009-10
42009,2544,0040900202,"May 03, 2010",CLE vs. BOS,L,41,7,15,0.467,0,4,0.0,10,15,0.667,0,7,7,4,3,2,5,1,24,-16,0,LeBron James,Playoffs,2009-10
42009,2544,0040900201,"May 01, 2010",CLE vs. BOS,W,43,12,24,0.5,3,6,0.5,8,11,0.727,2,5,7,7,3,2,2,1,35,7,0,LeBron James,Playoffs,2009-10
42009,2544,0040900105,"Apr 27, 2010",CLE vs. CHI,W,43,5,12,0.417,1,2,0.5,8,14,0.571,3,7,10,9,0,2,3,1,19,1,0,LeBron James,Playoffs,2009-10
42009,2544,0040900104,"Apr 25, 2010",CLE @ CHI,W,36,11,17,0.647,6,9,0.667,9,10,0.9,0,12,12,11,2,1,2,3,37,29,0,LeBron James,Playoffs,2009-10
42009,2544,0040900103,"Apr 22, 2010",CLE @ CHI,L,44,14,26,0.538,4,8,0.5,7,13,0.538,2,8,10,8,2,3,5,3,39,5,0,LeBron James,Playoffs,2009-10
42009,2544,0040900102,"Apr 19, 2010",CLE vs. CHI,W,41,16,23,0.696,2,4,0.5,6,6,1.0,1,7,8,8,1,2,2,2,40,6,0,LeBron James,Playoffs,2009-10
42009,2544,0040900101,"Apr 17, 2010",CLE vs. CHI,W,40,9,19,0.474,0,1,0.0,6,7,0.857,0,6,6,5,1,4,3,2,24,19,0,LeBron James,Playoffs,2009-10
22010,2544,0021001202,"Apr 11, 2011",MIA @ ATL,W,43,10,21,0.476,2,4,0.5,12,14,0.857,1,9,10,7,3,0,7,1,34,7,0,LeBron James,Regular Season,2010-11
22010,2544,0021001194,"Apr 10, 2011",MIA vs. BOS,W,37,11,19,0.579,0,2,0.0,5,9,0.556,0,5,5,7,4,1,4,1,27,24,0,LeBron James,Regular Season,2010-11
22010,2544,0021001182,"Apr 08, 2011",MIA vs. CHA,W,37,9,16,0.563,0,1,0.0,5,6,0.833,1,6,7,9,2,1,1,2,23,12,0,LeBron James,Regular Season,2010-11
22010,2544,0021001164,"Apr 06, 2011",MIA vs. MIL,L,39,10,22,0.455,3,7,0.429,6,8,0.75,1,1,2,8,2,2,4,2,29,-10,0,LeBron James,Regular Season,2010-11
22010,2544,0021001142,"Apr 03, 2011",MIA @ NJN,W,39,13,18,0.722,0,2,0.0,5,8,0.625,2,9,11,7,3,0,7,2,31,13,0,LeBron James,Regular Season,2010-11
22010,2544,0021001126,"Apr 01, 2011",MIA @ MIN,W,43,11,20,0.55,0,1,0.0,5,7,0.714,2,4,6,10,3,1,3,2,27,15,0,LeBron James,Regular Season,2010-11
22010,2544,0021001110,"Mar 30, 2011",MIA @ WAS,W,44,12,16,0.75,1,3,0.333,10,13,0.769,1,7,8,8,5,0,5,3,35,20,0,LeBron James,Regular Season,2010-11
22010,2544,0021001101,"Mar 29, 2011",MIA @ CLE,L,43,10,21,0.476,1,5,0.2,6,10,0.6,0,10,10,12,0,0,3,3,27,-9,0,LeBron James,Regular Season,2010-11
22010,2544,0021001089,"Mar 27, 2011",MIA vs. HOU,W,40,13,21,0.619,0,1,0.0,7,9,0.778,1,9,10,7,0,0,2,1,33,5,0,LeBron James,Regular Season,2010-11
22010,2544,0021001072,"Mar 25, 2011",MIA vs. PHI,W,41,11,17,0.647,1,4,0.25,9,9,1.0,2,8,10,2,3,1,4,3,32,17,0,LeBron James,Regular Season,2010-11
22010,2544,0021001058,"Mar 23, 2011",MIA @ DET,W,42,8,16,0.5,0,3,0.0,3,4,0.75,3,5,8,7,0,0,3,3,19,6,0,LeBron James,Regular Season,2010-11
22010,2544,0021001030,"Mar 19, 2011",MIA vs. DEN,W,41,15,25,0.6,1,4,0.25,2,2,1.0,0,6,6,2,2,0,5,3,33,16,0,LeBron James,Regular Season,2010-11
22010,2544,0021001020,"Mar 18, 2011",MIA @ ATL,W,31,16,21,0.762,5,7,0.714,6,7,0.857,0,2,2,3,0,0,4,2,43,23,0,LeBron James,Regular Season,2010-11
22010,2544,0021001006,"Mar 16, 2011",MIA vs. OKC,L,39,8,21,0.381,0,3,0.0,3,3,1.0,0,8,8,3,1,1,1,0,19,-6,0,LeBron James,Regular Season,2010-11
22010,2544,0021000993,"Mar 14, 2011",MIA vs. SAS,W,42,8,19,0.421,0,1,0.0,5,5,1.0,0,6,6,8,0,2,2,3,21,22,0,LeBron James,Regular Season,2010-11
22010,2544,0021000976,"Mar 12, 2011",MIA vs. MEM,W,32,10,16,0.625,2,4,0.5,5,6,0.833,1,4,5,5,1,2,3,1,27,17,0,LeBron James,Regular Season,2010-11
22010,2544,0021000964,"Mar 10, 2011",MIA vs. LAL,W,42,7,17,0.412,0,3,0.0,5,7,0.714,1,7,8,9,1,0,1,1,19,8,0,LeBron James,Regular Season,2010-11
22010,2544,0021000951,"Mar 08, 2011",MIA vs. POR,L,46,14,20,0.7,2,4,0.5,1,4,0.25,1,10,11,8,1,0,4,3,31,-2,0,LeBron James,Regular Season,2010-11
22010,2544,0021000931,"Mar 06, 2011",MIA vs. CHI,L,42,10,18,0.556,1,2,0.5,5,6,0.833,3,5,8,6,2,0,2,2,26,-4,0,LeBron James,Regular Season,2010-11
22010,2544,0021000923,"Mar 04, 2011",MIA @ SAS,L,36,11,19,0.579,1,3,0.333,3,7,0.429,3,5,8,7,1,0,4,2,26,-16,0,LeBron James,Regular Season,2010-11
22010,2544,0021000912,"Mar 03, 2011",MIA vs. ORL,L,40,11,16,0.688,0,2,0.0,7,7,1.0,2,4,6,4,0,2,2,2,29,0,0,LeBron James,Regular Season,2010-11
22010,2544,0021000887,"Feb 27, 2011",MIA vs. NYK,L,39,10,20,0.5,1,5,0.2,6,8,0.75,0,7,7,5,3,1,5,2,27,-3,0,LeBron James,Regular Season,2010-11
22010,2544,0021000866,"Feb 25, 2011",MIA vs. WAS,W,43,5,11,0.455,0,1,0.0,15,19,0.789,1,8,9,7,1,3,1,2,25,-4,0,LeBron James,Regular Season,2010-11
22010,2544,0021000859,"Feb 24, 2011",MIA @ CHI,L,41,12,21,0.571,0,4,0.0,5,6,0.833,0,10,10,5,2,1,2,1,29,3,0,LeBron James,Regular Season,2010-11
22010,2544,0021000841,"Feb 22, 2011",MIA vs. SAC,W,30,14,26,0.538,3,6,0.5,0,3,0.0,2,6,8,3,0,0,3,4,31,18,0,LeBron James,Regular Season,2010-11
22010,2544,0021000825,"Feb 16, 2011",MIA @ TOR,W,38,8,18,0.444,0,2,0.0,7,10,0.7,3,10,13,8,0,0,5,1,23,6,0,LeBron James,Regular Season,2010-11
22010,2544,0021000818,"Feb 15, 2011",MIA @ IND,W,41,11,20,0.55,1,3,0.333,4,6,0.667,1,5,6,5,2,2,5,1,27,9,0,LeBron James,Regular Season,2010-11
22010,2544,0021000804,"Feb 13, 2011",MIA @ BOS,L,43,10,21,0.476,0,2,0.0,2,3,0.667,1,6,7,7,1,0,4,2,22,1,0,LeBron James,Regular Season,2010-11
22010,2544,0021000792,"Feb 11, 2011",MIA @ DET,W,35,7,17,0.412,0,2,0.0,2,3,0.667,0,8,8,10,4,0,3,0,16,15,0,LeBron James,Regular Season,2010-11
22010,2544,0021000769,"Feb 08, 2011",MIA vs. IND,W,42,15,23,0.652,2,5,0.4,9,13,0.692,3,10,13,8,3,1,4,1,41,18,0,LeBron James,Regular Season,2010-11
22010,2544,0021000754,"Feb 06, 2011",MIA vs. LAC,W,36,6,15,0.4,0,2,0.0,0,2,0.0,1,5,6,4,4,0,6,2,12,15,0,LeBron James,Regular Season,2010-11
22010,2544,0021000733,"Feb 04, 2011",MIA @ CHA,W,37,7,13,0.538,0,3,0.0,5,6,0.833,1,7,8,9,0,0,3,3,19,10,0,LeBron James,Regular Season,2010-11
22010,2544,0021000730,"Feb 03, 2011",MIA @ ORL,W,43,17,25,0.68,3,5,0.6,14,17,0.824,2,9,11,8,1,1,3,2,51,2,0,LeBron James,Regular Season,2010-11
22010,2544,0021000710,"Jan 31, 2011",MIA vs. CLE,W,31,7,14,0.5,0,0,0.0,10,11,0.909,1,3,4,8,0,2,2,1,24,20,0,LeBron James,Regular Season,2010-11
22010,2544,0021000701,"Jan 30, 2011",MIA @ OKC,W,40,7,14,0.5,2,5,0.4,7,11,0.636,0,4,4,13,4,3,4,3,23,6,0,LeBron James,Regular Season,2010-11
22010,2544,0021000686,"Jan 28, 2011",MIA vs. DET,W,44,15,25,0.6,2,4,0.5,7,10,0.7,0,8,8,9,1,2,3,1,39,4,0,LeBron James,Regular Season,2010-11
22010,2544,0021000678,"Jan 27, 2011",MIA @ NYK,L,43,7,24,0.292,0,2,0.0,10,12,0.833,2,9,11,5,2,2,4,3,24,5,0,LeBron James,Regular Season,2010-11
22010,2544,0021000643,"Jan 22, 2011",MIA vs. TOR,W,38,14,29,0.483,1,3,0.333,9,14,0.643,1,10,11,6,2,1,1,2,38,13,0,LeBron James,Regular Season,2010-11
22010,2544,0021000611,"Jan 18, 2011",MIA vs. ATL,L,44,11,30,0.367,2,10,0.2,10,11,0.909,2,8,10,7,2,0,6,3,34,-5,0,LeBron James,Regular Season,2010-11
22010,2544,0021000572,"Jan 12, 2011",MIA @ LAC,L,40,11,24,0.458,3,6,0.5,2,5,0.4,2,6,8,6,0,0,3,1,27,-3,0,LeBron James,Regular Season,2010-11
22010,2544,0021000549,"Jan 09, 2011",MIA @ POR,W,46,17,26,0.654,3,5,0.6,7,10,0.7,3,10,13,6,2,0,6,4,44,5,0,LeBron James,Regular Season,2010-11
22010,2544,0021000532,"Jan 07, 2011",MIA @ MIL,W,45,8,23,0.348,1,4,0.25,9,11,0.818,1,9,10,5,6,1,5,2,26,7,0,LeBron James,Regular Season,2010-11
22010,2544,0021000505,"Jan 04, 2011",MIA vs. MIL,W,37,8,15,0.533,0,0,0.0,9,11,0.818,1,5,6,9,0,2,2,2,25,10,0,LeBron James,Regular Season,2010-11
22010,2544,0021000499,"Jan 03, 2011",MIA @ CHA,W,37,15,26,0.577,2,4,0.5,6,6,1.0,0,9,9,5,1,0,3,3,38,20,0,LeBron James,Regular Season,2010-11
22010,2544,0021000486,"Jan 01, 2011",MIA vs. GSW,W,42,7,15,0.467,0,3,0.0,11,17,0.647,2,5,7,10,1,1,3,1,25,6,0,LeBron James,Regular Season,2010-11
22010,2544,0021000469,"Dec 29, 2010",MIA @ HOU,W,39,8,15,0.533,0,4,0.0,4,4,1.0,0,6,6,9,1,0,3,3,20,16,0,LeBron James,Regular Season,2010-11
22010,2544,0021000457,"Dec 28, 2010",MIA vs. NYK,W,40,8,17,0.471,1,2,0.5,1,3,0.333,0,10,10,8,0,0,3,3,18,17,0,LeBron James,Regular Season,2010-11
22010,2544,0021000435,"Dec 25, 2010",MIA @ LAL,W,38,8,14,0.571,5,6,0.833,6,6,1.0,1,10,11,10,4,0,1,2,27,15,0,LeBron James,Regular Season,2010-11
22010,2544,0021000432,"Dec 23, 2010",MIA @ PHX,W,37,13,22,0.591,2,5,0.4,8,8,1.0,1,5,6,4,3,0,5,5,36,4,0,LeBron James,Regular Season,2010-11
22010,2544,0021000410,"Dec 20, 2010",MIA vs. DAL,L,36,6,17,0.353,2,4,0.5,5,7,0.714,3,7,10,7,0,0,5,4,19,-20,0,LeBron James,Regular Season,2010-11
22010,2544,0021000393,"Dec 18, 2010",MIA @ WAS,W,41,9,19,0.474,3,7,0.429,11,12,0.917,1,6,7,6,1,0,4,3,32,6,0,LeBron James,Regular Season,2010-11
22010,2544,0021000382,"Dec 17, 2010",MIA @ NYK,W,38,14,23,0.609,3,6,0.5,1,3,0.333,1,10,11,10,1,0,5,1,32,31,0,LeBron James,Regular Season,2010-11
22010,2544,0021000371,"Dec 15, 2010",MIA vs. CLE,W,39,5,15,0.333,0,4,0.0,11,18,0.611,2,11,13,5,1,0,4,1,21,0,0,LeBron James,Regular Season,2010-11
22010,2544,0021000355,"Dec 13, 2010",MIA vs. NOH,W,40,6,16,0.375,0,3,0.0,8,10,0.8,1,3,4,7,0,0,5,2,20,11,0,LeBron James,Regular Season,2010-11
22010,2544,0021000348,"Dec 11, 2010",MIA @ SAC,W,35,10,19,0.526,2,3,0.667,3,5,0.6,1,9,10,3,2,0,3,1,25,15,0,LeBron James,Regular Season,2010-11
22010,2544,0021000340,"Dec 10, 2010",MIA @ GSW,W,31,10,18,0.556,3,4,0.75,2,3,0.667,0,7,7,9,1,1,4,1,25,22,0,LeBron James,Regular Season,2010-11
22010,2544,0021000324,"Dec 08, 2010",MIA @ UTA,W,39,12,20,0.6,3,5,0.6,6,7,0.857,1,6,7,9,0,0,2,4,33,0,0,LeBron James,Regular Season,2010-11
22010,2544,0021000306,"Dec 06, 2010",MIA @ MIL,W,39,7,16,0.438,1,3,0.333,2,4,0.5,0,6,6,6,1,1,1,5,17,17,0,LeBron James,Regular Season,2010-11
22010,2544,0021000288,"Dec 04, 2010",MIA vs. ATL,W,37,5,11,0.455,1,1,1.0,11,13,0.846,0,7,7,4,1,1,2,1,22,5,0,LeBron James,Regular Season,2010-11
22010,2544,0021000273,"Dec 02, 2010",MIA @ CLE,W,30,15,25,0.6,2,7,0.286,6,9,0.667,0,5,5,8,1,1,0,1,38,26,0,LeBron James,Regular Season,2010-11
22010,2544,0021000265,"Dec 01, 2010",MIA vs. DET,W,31,8,15,0.533,1,1,1.0,1,2,0.5,2,4,6,3,1,0,4,0,18,17,0,LeBron James,Regular Season,2010-11
22010,2544,0021000250,"Nov 29, 2010",MIA vs. WAS,W,38,10,18,0.556,1,1,1.0,9,11,0.818,1,5,6,5,1,1,7,3,30,3,0,LeBron James,Regular Season,2010-11
22010,2544,0021000239,"Nov 27, 2010",MIA @ DAL,L,36,5,19,0.263,0,4,0.0,13,15,0.867,2,6,8,4,1,0,5,3,23,-14,0,LeBron James,Regular Season,2010-11
22010,2544,0021000226,"Nov 26, 2010",MIA vs. PHI,W,41,5,15,0.333,1,5,0.2,9,11,0.818,1,7,8,6,2,1,2,1,20,11,0,LeBron James,Regular Season,2010-11
22010,2544,0021000213,"Nov 24, 2010",MIA @ ORL,L,41,9,18,0.5,1,3,0.333,6,8,0.75,1,5,6,4,1,0,3,3,25,-15,0,LeBron James,Regular Season,2010-11
22010,2544,0021000196,"Nov 22, 2010",MIA vs. IND,L,42,6,14,0.429,2,8,0.25,11,15,0.733,0,5,5,6,1,0,6,3,25,-1,0,LeBron James,Regular Season,2010-11
22010,2544,0021000185,"Nov 20, 2010",MIA @ MEM,L,42,11,23,0.478,2,4,0.5,5,6,0.833,0,3,3,11,1,0,4,2,29,-1,0,LeBron James,Regular Season,2010-11
22010,2544,0021000175,"Nov 19, 2010",MIA vs. CHA,W,39,12,25,0.48,2,5,0.4,6,7,0.857,0,2,2,5,2,0,4,1,32,4,0,LeBron James,Regular Season,2010-11
22010,2544,0021000158,"Nov 17, 2010",MIA vs. PHX,W,23,9,15,0.6,0,2,0.0,2,3,0.667,3,5,8,9,3,0,3,5,20,24,0,LeBron James,Regular Season,2010-11
22010,2544,0021000133,"Nov 13, 2010",MIA vs. TOR,W,39,8,21,0.381,0,1,0.0,7,11,0.636,1,1,2,11,2,0,3,0,23,11,0,LeBron James,Regular Season,2010-11
22010,2544,0021000118,"Nov 11, 2010",MIA vs. BOS,L,44,9,21,0.429,0,5,0.0,17,22,0.773,0,10,10,9,3,0,4,3,35,0,0,LeBron James,Regular Season,2010-11
22010,2544,0021000103,"Nov 09, 2010",MIA vs. UTA,L,47,5,18,0.278,0,1,0.0,10,11,0.909,2,9,11,14,1,3,2,3,20,4,0,LeBron James,Regular Season,2010-11
22010,2544,0021000082,"Nov 06, 2010",MIA vs. NJN,W,34,9,16,0.563,2,4,0.5,3,5,0.6,0,3,3,9,2,0,4,1,23,11,0,LeBron James,Regular Season,2010-11
22010,2544,0021000075,"Nov 05, 2010",MIA @ NOH,L,41,6,16,0.375,1,2,0.5,7,8,0.875,0,7,7,10,3,1,3,0,20,-6,0,LeBron James,Regular Season,2010-11
22010,2544,0021000050,"Nov 02, 2010",MIA vs. MIN,W,32,7,12,0.583,0,2,0.0,6,8,0.75,0,0,0,12,2,1,1,0,20,32,0,LeBron James,Regular Season,2010-11
22010,2544,0021000040,"Oct 31, 2010",MIA @ NJN,W,29,5,12,0.417,0,4,0.0,10,12,0.833,0,7,7,7,2,0,5,3,20,18,0,LeBron James,Regular Season,2010-11
22010,2544,0021000025,"Oct 29, 2010",MIA vs. ORL,W,30,6,13,0.462,2,3,0.667,1,2,0.5,0,6,6,7,0,0,3,4,15,13,0,LeBron James,Regular Season,2010-11
22010,2544,0021000006,"Oct 27, 2010",MIA @ PHI,W,38,5,12,0.417,0,2,0.0,6,6,1.0,0,6,6,7,2,1,9,1,16,6,0,LeBron James,Regular Season,2010-11
22010,2544,0021000001,"Oct 26, 2010",MIA @ BOS,L,43,10,21,0.476,3,6,0.5,8,12,0.667,0,4,4,3,1,2,8,1,31,1,0,LeBron James,Regular Season,2010-11
42010,2544,0041000406,"Jun 12, 2011",MIA vs. DAL,L,40,9,15,0.6,2,5,0.4,1,4,0.25,1,3,4,6,1,1,6,2,21,-24,0,LeBron James,Playoffs,2010-11
42010,2544,0041000405,"Jun 09, 2011",MIA @ DAL,L,46,8,19,0.421,0,4,0.0,1,2,0.5,1,9,10,10,0,1,4,3,17,-11,0,LeBron James,Playoffs,2010-11
42010,2544,0041000404,"Jun 07, 2011",MIA @ DAL,L,46,3,11,0.273,0,3,0.0,2,4,0.5,3,6,9,7,2,0,4,4,8,-6,0,LeBron James,Playoffs,2010-11
42010,2544,0041000403,"Jun 05, 2011",MIA @ DAL,W,45,6,14,0.429,1,4,0.25,4,4,1.0,0,3,3,9,2,0,4,3,17,1,0,LeBron James,Playoffs,2010-11
42010,2544,0041000402,"Jun 02, 2011",MIA vs. DAL,L,40,8,15,0.533,2,7,0.286,2,4,0.5,1,7,8,4,4,1,5,4,20,-5,0,LeBron James,Playoffs,2010-11
42010,2544,0041000401,"May 31, 2011",MIA vs. DAL,W,45,9,16,0.563,4,5,0.8,2,2,1.0,0,9,9,5,1,0,1,4,24,9,0,LeBron James,Playoffs,2010-11
42010,2544,0041000305,"May 26, 2011",MIA @ CHI,W,46,8,19,0.421,3,6,0.5,9,11,0.818,0,11,11,6,3,2,4,2,28,8,0,LeBron James,Playoffs,2010-11
42010,2544,0041000304,"May 24, 2011",MIA vs. CHI,W,49,11,26,0.423,0,1,0.0,13,13,1.0,2,4,6,6,2,2,5,4,35,-1,0,LeBron James,Playoffs,2010-11
42010,2544,0041000303,"May 22, 2011",MIA vs. CHI,W,44,6,13,0.462,1,2,0.5,9,9,1.0,1,5,6,10,2,2,0,4,22,16,0,LeBron James,Playoffs,2010-11
42010,2544,0041000302,"May 18, 2011",MIA @ CHI,W,46,12,21,0.571,2,6,0.333,3,7,0.429,3,7,10,5,3,0,5,3,29,8,0,LeBron James,Playoffs,2010-11
42010,2544,0041000301,"May 15, 2011",MIA @ CHI,L,41,5,15,0.333,1,3,0.333,4,4,1.0,1,5,6,6,2,3,4,2,15,-14,0,LeBron James,Playoffs,2010-11
42010,2544,0041000215,"May 11, 2011",MIA vs. BOS,W,46,11,20,0.55,5,7,0.714,6,9,0.667,2,5,7,4,1,1,5,1,33,14,0,LeBron James,Playoffs,2010-11
42010,2544,0041000214,"May 09, 2011",MIA @ BOS,W,50,12,28,0.429,2,6,0.333,9,9,1.0,3,11,14,3,3,0,5,3,35,7,0,LeBron James,Playoffs,2010-11
42010,2544,0041000213,"May 07, 2011",MIA @ BOS,L,43,6,16,0.375,0,3,0.0,3,7,0.429,2,5,7,4,2,5,4,3,15,-21,0,LeBron James,Playoffs,2010-11
42010,2544,0041000212,"May 03, 2011",MIA vs. BOS,W,44,14,25,0.56,2,4,0.5,5,8,0.625,2,5,7,2,1,1,0,3,35,10,0,LeBron James,Playoffs,2010-11
42010,2544,0041000211,"May 01, 2011",MIA vs. BOS,W,40,8,19,0.421,1,3,0.333,5,9,0.556,1,5,6,5,2,2,3,2,22,1,0,LeBron James,Playoffs,2010-11
42010,2544,0041000115,"Apr 27, 2011",MIA vs. PHI,W,42,5,13,0.385,2,5,0.4,4,5,0.8,3,7,10,8,1,0,3,2,16,5,0,LeBron James,Playoffs,2010-11
42010,2544,0041000114,"Apr 24, 2011",MIA @ PHI,L,44,11,20,0.55,0,4,0.0,9,11,0.818,2,5,7,6,1,1,1,2,31,-4,0,LeBron James,Playoffs,2010-11
42010,2544,0041000113,"Apr 21, 2011",MIA @ PHI,W,44,8,15,0.533,1,4,0.25,7,10,0.7,1,14,15,6,1,0,1,1,24,8,0,LeBron James,Playoffs,2010-11
42010,2544,0041000112,"Apr 18, 2011",MIA vs. PHI,W,39,10,19,0.526,1,1,1.0,8,10,0.8,1,6,7,6,0,0,0,1,29,24,0,LeBron James,Playoffs,2010-11
42010,2544,0041000111,"Apr 16, 2011",MIA vs. PHI,W,43,4,14,0.286,0,2,0.0,13,14,0.929,4,10,14,5,1,3,2,3,21,4,0,LeBron James,Playoffs,2010-11
22011,2544,0021100954,"Apr 22, 2012",MIA vs. HOU,W,36,11,21,0.524,1,3,0.333,9,10,0.9,1,7,8,5,1,2,5,1,32,12,0,LeBron James,Regular Season,2011-12
22011,2544,0021100934,"Apr 19, 2012",MIA vs. CHI,W,35,8,18,0.444,1,2,0.5,10,12,0.833,0,11,11,6,0,1,1,3,27,11,0,LeBron James,Regular Season,2011-12
22011,2544,0021100923,"Apr 18, 2012",MIA vs. TOR,W,30,12,15,0.8,1,1,1.0,3,4,0.75,0,5,5,4,2,0,5,0,28,20,0,LeBron James,Regular Season,2011-12
22011,2544,0021100906,"Apr 16, 2012",MIA @ NJN,W,35,11,19,0.579,1,2,0.5,14,15,0.933,1,5,6,7,2,1,4,2,37,-4,0,LeBron James,Regular Season,2011-12
22011,2544,0021100893,"Apr 15, 2012",MIA @ NYK,W,40,11,24,0.458,1,6,0.167,6,9,0.667,2,8,10,3,2,0,6,4,29,18,0,LeBron James,Regular Season,2011-12
22011,2544,0021100879,"Apr 13, 2012",MIA vs. CHA,W,29,7,16,0.438,0,1,0.0,5,7,0.714,1,8,9,5,2,1,2,1,19,18,0,LeBron James,Regular Season,2011-12
22011,2544,0021100870,"Apr 12, 2012",MIA @ CHI,L,47,11,24,0.458,3,6,0.5,5,7,0.714,1,5,6,5,1,1,4,1,30,-1,0,LeBron James,Regular Season,2011-12
22011,2544,0021100853,"Apr 10, 2012",MIA vs. BOS,L,41,11,23,0.478,1,3,0.333,13,14,0.929,5,2,7,7,1,1,2,3,36,-6,0,LeBron James,Regular Season,2011-12
22011,2544,0021100838,"Apr 08, 2012",MIA vs. DET,W,32,12,22,0.545,1,3,0.333,1,5,0.2,3,1,4,2,0,1,1,1,26,10,0,LeBron James,Regular Season,2011-12
22011,2544,0021100819,"Apr 06, 2012",MIA vs. MEM,L,38,8,19,0.421,2,6,0.333,3,4,0.75,2,4,6,6,2,0,3,0,21,-6,0,LeBron James,Regular Season,2011-12
22011,2544,0021100803,"Apr 04, 2012",MIA vs. OKC,W,42,10,20,0.5,3,7,0.429,11,13,0.846,1,6,7,10,4,1,2,2,34,20,0,LeBron James,Regular Season,2011-12
22011,2544,0021100794,"Apr 03, 2012",MIA vs. PHI,W,38,15,25,0.6,1,2,0.5,10,13,0.769,3,3,6,4,3,1,4,0,41,12,0,LeBron James,Regular Season,2011-12
22011,2544,0021100778,"Apr 01, 2012",MIA @ BOS,L,35,11,20,0.55,0,0,0.0,1,2,0.5,2,2,4,0,0,1,2,1,23,-30,0,LeBron James,Regular Season,2011-12
22011,2544,0021100757,"Mar 30, 2012",MIA @ TOR,W,39,11,18,0.611,0,2,0.0,4,6,0.667,1,3,4,9,1,0,3,0,26,9,0,LeBron James,Regular Season,2011-12
22011,2544,0021100754,"Mar 29, 2012",MIA vs. DAL,W,36,8,16,0.5,0,2,0.0,3,3,1.0,3,6,9,5,2,0,3,3,19,9,0,LeBron James,Regular Season,2011-12
22011,2544,0021100730,"Mar 26, 2012",MIA @ IND,L,41,9,21,0.429,2,4,0.5,4,6,0.667,2,7,9,2,1,0,6,1,24,-14,0,LeBron James,Regular Season,2011-12
22011,2544,0021100724,"Mar 25, 2012",MIA @ OKC,L,40,8,18,0.444,0,3,0.0,1,1,1.0,0,3,3,7,2,0,4,2,17,-10,0,LeBron James,Regular Season,2011-12
22011,2544,0021100704,"Mar 23, 2012",MIA @ DET,W,37,6,15,0.4,0,3,0.0,5,5,1.0,0,6,6,10,4,1,5,0,17,8,0,LeBron James,Regular Season,2011-12
22011,2544,0021100678,"Mar 20, 2012",MIA vs. PHX,W,38,8,18,0.444,0,3,0.0,4,6,0.667,1,7,8,6,2,2,3,2,20,15,0,LeBron James,Regular Season,2011-12
22011,2544,0021100666,"Mar 18, 2012",MIA vs. ORL,W,39,4,14,0.286,0,1,0.0,6,8,0.75,0,12,12,7,5,0,4,4,14,13,0,LeBron James,Regular Season,2011-12
22011,2544,0021100643,"Mar 16, 2012",MIA @ PHI,W,38,12,20,0.6,0,2,0.0,5,8,0.625,2,5,7,8,2,2,1,0,29,10,0,LeBron James,Regular Season,2011-12
22011,2544,0021100629,"Mar 14, 2012",MIA @ CHI,L,40,14,25,0.56,2,3,0.667,5,5,1.0,1,4,5,4,4,0,2,2,35,5,0,LeBron James,Regular Season,2011-12
22011,2544,0021100618,"Mar 13, 2012",MIA @ ORL,L,42,7,20,0.35,2,4,0.5,3,3,1.0,3,8,11,8,1,1,6,0,19,0,0,LeBron James,Regular Season,2011-12
22011,2544,0021100595,"Mar 10, 2012",MIA vs. IND,W,47,8,19,0.421,2,3,0.667,9,15,0.6,1,7,8,4,4,1,4,1,27,3,0,LeBron James,Regular Season,2011-12
22011,2544,0021100573,"Mar 07, 2012",MIA vs. ATL,W,42,12,20,0.6,0,3,0.0,7,10,0.7,4,7,11,2,1,2,2,1,31,7,0,LeBron James,Regular Season,2011-12
22011,2544,0021100566,"Mar 06, 2012",MIA vs. NJN,W,30,9,11,0.818,1,1,1.0,2,2,1.0,1,8,9,6,0,0,5,0,21,20,0,LeBron James,Regular Season,2011-12
22011,2544,0021100547,"Mar 04, 2012",MIA @ LAL,L,43,12,26,0.462,0,4,0.0,1,3,0.333,7,6,13,7,3,2,3,1,25,-13,0,LeBron James,Regular Season,2011-12
22011,2544,0021100536,"Mar 02, 2012",MIA @ UTA,L,44,16,24,0.667,1,4,0.25,2,3,0.667,1,9,10,6,0,3,0,2,35,7,0,LeBron James,Regular Season,2011-12
22011,2544,0021100527,"Mar 01, 2012",MIA @ POR,W,41,13,22,0.591,2,2,1.0,10,12,0.833,2,9,11,6,5,1,0,1,38,8,0,LeBron James,Regular Season,2011-12
22011,2544,0021100499,"Feb 23, 2012",MIA vs. NYK,W,41,7,16,0.438,0,0,0.0,6,6,1.0,1,8,9,8,5,2,4,3,20,12,0,LeBron James,Regular Season,2011-12
22011,2544,0021100483,"Feb 21, 2012",MIA vs. SAC,W,33,7,11,0.636,2,2,1.0,2,2,1.0,0,4,4,8,0,2,3,1,18,7,0,LeBron James,Regular Season,2011-12
22011,2544,0021100461,"Feb 19, 2012",MIA vs. ORL,W,37,9,14,0.643,1,2,0.5,6,7,0.857,1,10,11,8,2,0,2,2,25,23,0,LeBron James,Regular Season,2011-12
22011,2544,0021100449,"Feb 17, 2012",MIA @ CLE,W,30,11,19,0.579,3,5,0.6,3,3,1.0,2,3,5,5,1,1,2,2,28,27,0,LeBron James,Regular Season,2011-12
22011,2544,0021100421,"Feb 14, 2012",MIA @ IND,W,33,7,15,0.467,2,5,0.4,7,8,0.875,2,7,9,7,4,0,2,2,23,27,0,LeBron James,Regular Season,2011-12
22011,2544,0021100416,"Feb 13, 2012",MIA @ MIL,W,33,16,21,0.762,0,0,0.0,3,3,1.0,3,5,8,3,1,0,2,3,35,14,0,LeBron James,Regular Season,2011-12
22011,2544,0021100411,"Feb 12, 2012",MIA @ ATL,W,30,6,15,0.4,1,3,0.333,10,12,0.833,3,10,13,6,1,0,2,1,23,26,0,LeBron James,Regular Season,2011-12
22011,2544,0021100390,"Feb 10, 2012",MIA @ WAS,W,33,6,14,0.429,0,2,0.0,6,7,0.857,0,2,2,9,0,2,1,1,18,14,0,LeBron James,Regular Season,2011-12
22011,2544,0021100376,"Feb 08, 2012",MIA @ ORL,L,39,5,15,0.333,0,2,0.0,7,10,0.7,0,6,6,10,3,0,3,0,17,-1,0,LeBron James,Regular Season,2011-12
22011,2544,0021100369,"Feb 07, 2012",MIA vs. CLE,W,39,9,16,0.563,0,1,0.0,6,7,0.857,1,4,5,6,2,0,6,1,24,5,0,LeBron James,Regular Season,2011-12
22011,2544,0021100356,"Feb 05, 2012",MIA vs. TOR,W,38,10,17,0.588,0,1,0.0,10,12,0.833,0,9,9,2,1,0,5,1,30,11,0,LeBron James,Regular Season,2011-12
22011,2544,0021100333,"Feb 03, 2012",MIA @ PHI,W,37,8,16,0.5,0,1,0.0,3,6,0.5,1,11,12,8,0,2,2,2,19,19,0,LeBron James,Regular Season,2011-12
22011,2544,0021100319,"Feb 01, 2012",MIA @ MIL,L,40,14,24,0.583,4,7,0.571,8,10,0.8,0,8,8,5,2,0,7,1,40,-6,0,LeBron James,Regular Season,2011-12
22011,2544,0021100301,"Jan 30, 2012",MIA vs. NOH,W,30,8,12,0.667,1,2,0.5,5,7,0.714,4,7,11,8,1,0,4,1,22,29,0,LeBron James,Regular Season,2011-12
22011,2544,0021100291,"Jan 29, 2012",MIA vs. CHI,W,41,12,23,0.522,1,1,1.0,10,15,0.667,1,10,11,5,0,1,6,2,35,3,0,LeBron James,Regular Season,2011-12
22011,2544,0021100276,"Jan 27, 2012",MIA vs. NYK,W,40,11,18,0.611,0,2,0.0,9,10,0.9,1,7,8,7,0,0,4,2,31,4,0,LeBron James,Regular Season,2011-12
22011,2544,0021100260,"Jan 25, 2012",MIA @ DET,W,42,9,20,0.45,1,3,0.333,13,14,0.929,1,5,6,7,2,0,4,3,32,6,0,LeBron James,Regular Season,2011-12
22011,2544,0021100254,"Jan 24, 2012",MIA vs. CLE,W,38,8,21,0.381,1,4,0.25,1,4,0.25,1,4,5,5,2,0,5,1,18,9,0,LeBron James,Regular Season,2011-12
22011,2544,0021100240,"Jan 22, 2012",MIA vs. MIL,L,37,8,18,0.444,0,1,0.0,12,13,0.923,4,9,13,5,1,0,3,2,28,-4,0,LeBron James,Regular Season,2011-12
22011,2544,0021100229,"Jan 21, 2012",MIA vs. PHI,W,36,12,17,0.706,0,0,0.0,4,4,1.0,0,9,9,5,4,3,4,1,28,9,0,LeBron James,Regular Season,2011-12
22011,2544,0021100213,"Jan 19, 2012",MIA vs. LAL,W,37,12,27,0.444,2,3,0.667,5,7,0.714,3,5,8,8,4,3,3,4,31,0,0,LeBron James,Regular Season,2011-12
22011,2544,0021100197,"Jan 17, 2012",MIA vs. SAS,W,35,12,21,0.571,4,6,0.667,5,9,0.556,1,4,5,10,0,0,4,0,33,19,0,LeBron James,Regular Season,2011-12
22011,2544,0021100168,"Jan 13, 2012",MIA @ DEN,L,37,13,20,0.65,3,5,0.6,6,11,0.545,1,4,5,6,2,1,4,0,35,-16,0,LeBron James,Regular Season,2011-12
22011,2544,0021100153,"Jan 11, 2012",MIA @ LAC,L,42,7,19,0.368,0,1,0.0,9,17,0.529,2,11,13,7,2,0,6,5,23,-9,0,LeBron James,Regular Season,2011-12
22011,2544,0021100142,"Jan 10, 2012",MIA @ GSW,L,43,10,19,0.526,0,2,0.0,6,8,0.75,1,10,11,7,2,0,5,1,26,-5,0,LeBron James,Regular Season,2011-12
22011,2544,0021100112,"Jan 07, 2012",MIA @ NJN,W,37,11,17,0.647,0,1,0.0,10,12,0.833,0,7,7,9,2,1,8,2,32,7,0,LeBron James,Regular Season,2011-12
22011,2544,0021100086,"Jan 04, 2012",MIA vs. IND,W,38,12,21,0.571,0,0,0.0,9,11,0.818,2,6,8,13,2,0,2,2,33,31,0,LeBron James,Regular Season,2011-12
22011,2544,0021100070,"Jan 02, 2012",MIA vs. ATL,L,39,11,18,0.611,0,0,0.0,6,9,0.667,2,5,7,6,0,0,4,1,28,-1,0,LeBron James,Regular Season,2011-12
22011,2544,0021100059,"Jan 01, 2012",MIA vs. CHA,W,28,6,10,0.6,0,0,0.0,4,6,0.667,0,9,9,5,1,0,2,2,16,24,0,LeBron James,Regular Season,2011-12
22011,2544,0021100045,"Dec 30, 2011",MIA @ MIN,W,37,16,26,0.615,0,1,0.0,2,4,0.5,1,7,8,10,4,1,4,2,34,14,0,LeBron James,Regular Season,2011-12
22011,2544,0021100024,"Dec 28, 2011",MIA @ CHA,W,39,13,23,0.565,0,0,0.0,9,9,1.0,0,6,6,7,3,2,2,0,35,5,0,LeBron James,Regular Season,2011-12
22011,2544,0021100019,"Dec 27, 2011",MIA vs. BOS,W,36,9,14,0.643,0,0,0.0,8,9,0.889,1,5,6,5,2,1,3,3,26,-7,0,LeBron James,Regular Season,2011-12
22011,2544,0021100002,"Dec 25, 2011",MIA @ DAL,W,36,11,19,0.579,0,0,0.0,15,19,0.789,3,7,10,6,2,2,3,3,37,27,0,LeBron James,Regular Season,2011-12
42011,2544,0041100405,"Jun 21, 2012",MIA vs. OKC,W,44,9,19,0.474,0,3,0.0,8,9,0.889,4,7,11,13,1,2,6,2,26,20,0,LeBron James,Playoffs,2011-12
42011,2544,0041100404,"Jun 19, 2012",MIA vs. OKC,W,44,10,20,0.5,1,4,0.25,5,8,0.625,3,6,9,12,2,0,3,2,26,8,0,LeBron James,Playoffs,2011-12
42011,2544,0041100403,"Jun 17, 2012",MIA vs. OKC,W,44,11,23,0.478,1,4,0.25,6,8,0.75,5,9,14,3,0,0,4,1,29,8,0,LeBron James,Playoffs,2011-12
42011,2544,0041100402,"Jun 14, 2012",MIA @ OKC,W,42,10,22,0.455,0,2,0.0,12,12,1.0,2,6,8,5,1,0,2,4,32,6,0,LeBron James,Playoffs,2011-12
42011,2544,0041100401,"Jun 12, 2012",MIA @ OKC,L,46,11,24,0.458,1,3,0.333,7,9,0.778,1,8,9,4,4,0,4,1,30,-11,0,LeBron James,Playoffs,2011-12
42011,2544,0041100307,"Jun 09, 2012",MIA vs. BOS,W,48,9,21,0.429,1,5,0.2,12,17,0.706,2,10,12,2,1,1,3,0,31,13,0,LeBron James,Playoffs,2011-12
42011,2544,0041100306,"Jun 07, 2012",MIA @ BOS,W,45,19,26,0.731,2,4,0.5,5,9,0.556,2,13,15,5,0,0,4,3,45,22,0,LeBron James,Playoffs,2011-12
42011,2544,0041100305,"Jun 05, 2012",MIA vs. BOS,L,45,11,25,0.44,2,6,0.333,6,8,0.75,3,10,13,2,2,1,3,1,30,0,0,LeBron James,Playoffs,2011-12
42011,2544,0041100304,"Jun 03, 2012",MIA @ BOS,L,48,12,25,0.48,1,3,0.333,4,8,0.5,1,5,6,3,1,1,7,6,29,1,0,LeBron James,Playoffs,2011-12
42011,2544,0041100303,"Jun 01, 2012",MIA @ BOS,L,43,16,26,0.615,1,4,0.25,1,5,0.2,0,8,8,5,2,2,3,4,34,-6,0,LeBron James,Playoffs,2011-12
42011,2544,0041100302,"May 30, 2012",MIA vs. BOS,W,48,7,20,0.35,2,6,0.333,18,24,0.75,4,6,10,7,1,1,1,2,34,10,0,LeBron James,Playoffs,2011-12
42011,2544,0041100301,"May 28, 2012",MIA vs. BOS,W,44,13,22,0.591,0,3,0.0,6,9,0.667,1,12,13,3,1,3,3,2,32,17,0,LeBron James,Playoffs,2011-12
42011,2544,0041100206,"May 24, 2012",MIA @ IND,W,45,12,23,0.522,0,3,0.0,4,5,0.8,1,5,6,7,3,0,1,1,28,16,0,LeBron James,Playoffs,2011-12
42011,2544,0041100205,"May 22, 2012",MIA vs. IND,W,38,12,19,0.632,2,4,0.5,4,4,1.0,3,7,10,8,1,1,4,1,30,28,0,LeBron James,Playoffs,2011-12
42011,2544,0041100204,"May 20, 2012",MIA @ IND,W,44,14,27,0.519,0,0,0.0,12,16,0.75,6,12,18,9,2,2,5,1,40,4,0,LeBron James,Playoffs,2011-12
42011,2544,0041100203,"May 17, 2012",MIA @ IND,L,40,10,22,0.455,1,4,0.25,1,3,0.333,1,6,7,3,2,0,4,1,22,-9,0,LeBron James,Playoffs,2011-12
42011,2544,0041100202,"May 15, 2012",MIA vs. IND,L,43,10,22,0.455,0,4,0.0,8,13,0.615,4,5,9,5,6,0,2,0,28,-7,0,LeBron James,Playoffs,2011-12
42011,2544,0041100201,"May 13, 2012",MIA vs. IND,W,43,12,26,0.462,0,3,0.0,8,10,0.8,6,9,15,5,2,1,1,1,32,12,0,LeBron James,Playoffs,2011-12
42011,2544,0041100115,"May 09, 2012",MIA vs. NYK,W,40,7,16,0.438,2,6,0.333,13,15,0.867,1,7,8,7,2,1,4,2,29,6,0,LeBron James,Playoffs,2011-12
42011,2544,0041100114,"May 06, 2012",MIA @ NYK,L,41,9,21,0.429,2,5,0.4,7,8,0.875,0,4,4,4,1,0,5,4,27,-7,0,LeBron James,Playoffs,2011-12
42011,2544,0041100113,"May 03, 2012",MIA @ NYK,W,36,9,21,0.429,2,5,0.4,12,13,0.923,2,6,8,5,2,0,8,5,32,23,0,LeBron James,Playoffs,2011-12
42011,2544,0041100112,"Apr 30, 2012",MIA vs. NYK,W,41,8,18,0.444,0,3,0.0,3,7,0.429,1,6,7,9,2,0,2,1,19,10,0,LeBron James,Playoffs,2011-12
42011,2544,0041100111,"Apr 28, 2012",MIA vs. NYK,W,32,10,14,0.714,1,1,1.0,11,14,0.786,1,3,4,3,4,0,2,2,32,35,0,LeBron James,Playoffs,2011-12
22012,2544,0021201194,"Apr 14, 2013",MIA vs. CHI,W,35,7,12,0.583,1,1,1.0,9,12,0.75,0,7,7,6,1,0,3,2,24,8,1,LeBron James,Regular Season,2012-13
22012,2544,0021201180,"Apr 12, 2013",MIA vs. BOS,W,29,8,10,0.8,0,0,0.0,4,4,1.0,1,5,6,9,0,0,1,1,20,6,1,LeBron James,Regular Season,2012-13
22012,2544,0021201157,"Apr 09, 2013",MIA vs. MIL,W,30,11,16,0.688,0,1,0.0,6,6,1.0,1,6,7,7,2,1,3,0,28,21,1,LeBron James,Regular Season,2012-13
22012,2544,0021201140,"Apr 06, 2013",MIA vs. PHI,W,30,12,17,0.706,1,2,0.5,2,2,1.0,0,4,4,5,1,0,1,1,27,22,1,LeBron James,Regular Season,2012-13
22012,2544,0021201080,"Mar 29, 2013",MIA @ NOH,W,32,13,20,0.65,7,10,0.7,3,5,0.6,0,4,4,6,2,0,3,0,36,19,1,LeBron James,Regular Season,2012-13
22012,2544,0021201062,"Mar 27, 2013",MIA @ CHI,L,40,11,17,0.647,2,5,0.4,8,11,0.727,0,7,7,3,2,4,4,1,32,2,1,LeBron James,Regular Season,2012-13
22012,2544,0021201049,"Mar 25, 2013",MIA @ ORL,W,39,9,16,0.563,0,0,0.0,6,10,0.6,1,8,9,11,1,0,3,2,24,25,1,LeBron James,Regular Season,2012-13
22012,2544,0021201041,"Mar 24, 2013",MIA vs. CHA,W,34,11,14,0.786,0,1,0.0,10,11,0.909,0,8,8,10,3,3,4,0,32,22,1,LeBron James,Regular Season,2012-13
22012,2544,0021201026,"Mar 22, 2013",MIA vs. DET,W,40,12,15,0.8,1,1,1.0,4,6,0.667,1,7,8,8,2,1,3,1,29,14,1,LeBron James,Regular Season,2012-13
22012,2544,0021201009,"Mar 20, 2013",MIA @ CLE,W,42,8,22,0.364,3,7,0.429,6,8,0.75,7,5,12,10,3,2,4,1,25,1,1,LeBron James,Regular Season,2012-13
22012,2544,0021200998,"Mar 18, 2013",MIA @ BOS,W,42,16,29,0.552,1,4,0.25,4,6,0.667,1,6,7,12,2,2,5,3,37,13,1,LeBron James,Regular Season,2012-13
22012,2544,0021200985,"Mar 17, 2013",MIA @ TOR,W,34,6,12,0.5,2,6,0.333,8,11,0.727,1,11,12,8,2,0,3,1,22,10,1,LeBron James,Regular Season,2012-13
22012,2544,0021200975,"Mar 15, 2013",MIA @ MIL,W,38,12,24,0.5,0,2,0.0,4,5,0.8,1,9,10,7,0,1,2,1,28,5,1,LeBron James,Regular Season,2012-13
22012,2544,0021200956,"Mar 13, 2013",MIA @ PHI,W,37,8,19,0.421,1,4,0.25,10,12,0.833,2,5,7,8,2,1,4,1,27,7,1,LeBron James,Regular Season,2012-13
22012,2544,0021200952,"Mar 12, 2013",MIA vs. ATL,W,30,3,11,0.273,0,2,0.0,9,12,0.75,3,4,7,7,2,0,4,1,15,21,1,LeBron James,Regular Season,2012-13
22012,2544,0021200938,"Mar 10, 2013",MIA vs. IND,W,36,5,10,0.5,0,0,0.0,3,5,0.6,1,5,6,7,1,1,4,1,13,23,1,LeBron James,Regular Season,2012-13
22012,2544,0021200921,"Mar 08, 2013",MIA vs. PHI,W,34,10,17,0.588,2,3,0.667,3,5,0.6,3,7,10,5,1,2,3,2,25,19,1,LeBron James,Regular Season,2012-13
22012,2544,0021200903,"Mar 06, 2013",MIA vs. ORL,W,38,7,14,0.5,1,6,0.167,11,12,0.917,0,3,3,2,0,1,2,0,26,8,0,LeBron James,Regular Season,2012-13
22012,2544,0021200892,"Mar 04, 2013",MIA @ MIN,W,35,9,16,0.563,1,4,0.25,1,1,1.0,1,9,10,4,3,2,7,3,20,10,0,LeBron James,Regular Season,2012-13
22012,2544,0021200880,"Mar 03, 2013",MIA @ NYK,W,43,12,23,0.522,2,6,0.333,3,6,0.5,3,8,11,7,3,1,2,1,29,9,1,LeBron James,Regular Season,2012-13
22012,2544,0021200868,"Mar 01, 2013",MIA vs. MEM,W,42,4,14,0.286,2,4,0.5,8,12,0.667,1,7,8,10,2,1,1,1,18,-1,1,LeBron James,Regular Season,2012-13
22012,2544,0021200845,"Feb 26, 2013",MIA vs. SAC,W,48,14,23,0.609,1,2,0.5,11,12,0.917,3,5,8,16,2,1,2,1,40,11,1,LeBron James,Regular Season,2012-13
22012,2544,0021200833,"Feb 24, 2013",MIA vs. CLE,W,39,10,19,0.526,0,1,0.0,8,11,0.727,2,1,3,8,1,0,2,0,28,6,1,LeBron James,Regular Season,2012-13
22012,2544,0021200826,"Feb 23, 2013",MIA @ PHI,W,32,7,12,0.583,1,4,0.25,1,2,0.5,1,9,10,11,2,0,2,1,16,14,1,LeBron James,Regular Season,2012-13
22012,2544,0021200809,"Feb 21, 2013",MIA @ CHI,W,34,11,15,0.733,1,4,0.25,3,3,1.0,1,11,12,7,2,0,4,2,26,6,1,LeBron James,Regular Season,2012-13
22012,2544,0021200802,"Feb 20, 2013",MIA @ ATL,W,40,8,15,0.533,1,4,0.25,7,8,0.875,0,6,6,11,4,0,2,1,24,16,1,LeBron James,Regular Season,2012-13
22012,2544,0021200787,"Feb 14, 2013",MIA @ OKC,W,40,14,24,0.583,4,8,0.5,7,9,0.778,3,9,12,7,2,0,4,3,39,15,1,LeBron James,Regular Season,2012-13
22012,2544,0021200770,"Feb 12, 2013",MIA vs. POR,W,39,11,15,0.733,1,3,0.333,7,8,0.875,0,6,6,9,3,2,1,0,30,21,1,LeBron James,Regular Season,2012-13
22012,2544,0021200753,"Feb 10, 2013",MIA vs. LAL,W,36,12,18,0.667,1,2,0.5,7,8,0.875,1,6,7,4,3,0,4,4,32,7,1,LeBron James,Regular Season,2012-13
22012,2544,0021200741,"Feb 08, 2013",MIA vs. LAC,W,31,9,11,0.818,4,5,0.8,8,11,0.727,1,4,5,6,0,2,5,3,30,21,1,LeBron James,Regular Season,2012-13
22012,2544,0021200726,"Feb 06, 2013",MIA vs. HOU,W,37,11,18,0.611,3,6,0.5,7,10,0.7,1,5,6,5,0,2,4,2,32,4,1,LeBron James,Regular Season,2012-13
22012,2544,0021200711,"Feb 04, 2013",MIA vs. CHA,W,38,13,14,0.929,0,0,0.0,5,6,0.833,0,8,8,8,2,0,5,1,31,8,1,LeBron James,Regular Season,2012-13
22012,2544,0021200707,"Feb 03, 2013",MIA @ TOR,W,40,10,16,0.625,1,2,0.5,9,11,0.818,0,8,8,7,2,0,3,1,30,29,1,LeBron James,Regular Season,2012-13
22012,2544,0021200685,"Feb 01, 2013",MIA @ IND,L,42,9,17,0.529,1,3,0.333,9,11,0.818,1,5,6,3,1,1,3,4,28,-9,1,LeBron James,Regular Season,2012-13
22012,2544,0021200675,"Jan 30, 2013",MIA @ BKN,W,34,10,18,0.556,3,4,0.75,1,4,0.25,2,7,9,7,2,0,4,2,24,22,1,LeBron James,Regular Season,2012-13
22012,2544,0021200652,"Jan 27, 2013",MIA @ BOS,L,52,14,31,0.452,3,6,0.5,3,5,0.6,4,12,16,7,3,1,3,3,34,-2,1,LeBron James,Regular Season,2012-13
22012,2544,0021200634,"Jan 25, 2013",MIA vs. DET,W,33,9,14,0.643,0,1,0.0,5,6,0.833,1,6,7,7,1,0,2,0,23,22,1,LeBron James,Regular Season,2012-13
22012,2544,0021200619,"Jan 23, 2013",MIA vs. TOR,W,45,12,23,0.522,1,5,0.2,6,7,0.857,1,9,10,11,0,0,3,1,31,9,1,LeBron James,Regular Season,2012-13
22012,2544,0021200583,"Jan 17, 2013",MIA @ LAL,W,42,17,25,0.68,1,2,0.5,4,4,1.0,0,7,7,8,3,1,2,2,39,13,1,LeBron James,Regular Season,2012-13
22012,2544,0021200579,"Jan 16, 2013",MIA @ GSW,W,31,11,20,0.55,1,5,0.2,2,3,0.667,1,6,7,10,1,0,1,2,25,33,0,LeBron James,Regular Season,2012-13
22012,2544,0021200561,"Jan 14, 2013",MIA @ UTA,L,44,13,19,0.684,2,4,0.5,4,4,1.0,1,3,4,6,3,2,3,5,32,1,1,LeBron James,Regular Season,2012-13
22012,2544,0021200548,"Jan 12, 2013",MIA @ SAC,W,29,7,10,0.7,0,1,0.0,6,7,0.857,1,4,5,7,5,2,1,0,20,28,1,LeBron James,Regular Season,2012-13
22012,2544,0021200529,"Jan 10, 2013",MIA @ POR,L,43,6,16,0.375,1,5,0.2,2,5,0.4,0,10,10,9,2,1,4,3,15,-9,1,LeBron James,Regular Season,2012-13
22012,2544,0021200512,"Jan 08, 2013",MIA @ IND,L,43,10,20,0.5,1,1,1.0,1,4,0.25,3,7,10,4,1,2,7,2,22,-5,1,LeBron James,Regular Season,2012-13
22012,2544,0021200500,"Jan 06, 2013",MIA vs. WAS,W,35,9,17,0.529,2,3,0.667,4,4,1.0,1,1,2,7,0,1,1,0,24,26,1,LeBron James,Regular Season,2012-13
22012,2544,0021200481,"Jan 04, 2013",MIA vs. CHI,L,41,8,14,0.571,1,5,0.2,13,16,0.813,0,6,6,2,1,0,2,2,30,-18,1,LeBron James,Regular Season,2012-13
22012,2544,0021200469,"Jan 02, 2013",MIA vs. DAL,W,42,11,20,0.55,1,3,0.333,9,11,0.818,1,11,12,9,3,1,4,0,32,12,1,LeBron James,Regular Season,2012-13
22012,2544,0021200454,"Dec 31, 2012",MIA @ ORL,W,48,10,22,0.455,1,6,0.167,15,16,0.938,1,7,8,11,1,0,3,2,36,4,1,LeBron James,Regular Season,2012-13
22012,2544,0021200445,"Dec 29, 2012",MIA @ MIL,L,36,11,20,0.55,1,2,0.5,3,5,0.6,1,5,6,7,2,1,6,2,26,-8,1,LeBron James,Regular Season,2012-13
22012,2544,0021200428,"Dec 28, 2012",MIA @ DET,L,44,15,22,0.682,2,4,0.5,3,4,0.75,1,5,6,5,6,1,3,1,35,-2,1,LeBron James,Regular Season,2012-13
22012,2544,0021200411,"Dec 26, 2012",MIA @ CHA,W,39,9,19,0.474,2,4,0.5,7,8,0.875,2,10,12,8,4,2,3,1,27,12,1,LeBron James,Regular Season,2012-13
22012,2544,0021200407,"Dec 25, 2012",MIA vs. OKC,W,42,12,20,0.6,0,3,0.0,5,5,1.0,3,5,8,9,2,1,3,3,29,13,0,LeBron James,Regular Season,2012-13
22012,2544,0021200392,"Dec 22, 2012",MIA vs. UTA,W,38,11,20,0.55,1,1,1.0,7,10,0.7,1,8,9,7,0,0,4,0,30,14,1,LeBron James,Regular Season,2012-13
22012,2544,0021200378,"Dec 20, 2012",MIA @ DAL,W,31,9,13,0.692,3,5,0.6,3,4,0.75,0,9,9,5,1,1,5,0,24,25,1,LeBron James,Regular Season,2012-13
22012,2544,0021200359,"Dec 18, 2012",MIA vs. MIN,W,42,8,18,0.444,2,5,0.4,4,5,0.8,0,6,6,11,1,4,0,0,22,12,1,LeBron James,Regular Season,2012-13
22012,2544,0021200339,"Dec 15, 2012",MIA vs. WAS,W,31,8,15,0.533,0,3,0.0,7,11,0.636,0,10,10,5,1,0,2,0,23,36,1,LeBron James,Regular Season,2012-13
22012,2544,0021200314,"Dec 12, 2012",MIA vs. GSW,L,42,12,23,0.522,2,4,0.5,5,5,1.0,1,2,3,5,1,0,4,0,31,-3,1,LeBron James,Regular Season,2012-13
22012,2544,0021200300,"Dec 10, 2012",MIA vs. ATL,W,40,10,16,0.625,1,2,0.5,6,7,0.857,1,6,7,6,2,0,3,0,27,12,1,LeBron James,Regular Season,2012-13
22012,2544,0021200286,"Dec 08, 2012",MIA vs. NOH,W,36,11,16,0.688,0,0,0.0,2,3,0.667,1,4,5,7,2,0,4,2,24,10,1,LeBron James,Regular Season,2012-13
22012,2544,0021200268,"Dec 06, 2012",MIA vs. NYK,L,39,11,20,0.55,3,5,0.6,6,9,0.667,2,8,10,9,3,0,2,0,31,-17,1,LeBron James,Regular Season,2012-13
22012,2544,0021200252,"Dec 04, 2012",MIA @ WAS,L,43,12,24,0.5,1,4,0.25,1,3,0.333,2,11,13,11,3,2,3,1,26,-3,1,LeBron James,Regular Season,2012-13
22012,2544,0021200233,"Dec 01, 2012",MIA vs. BKN,W,37,8,15,0.533,1,2,0.5,4,6,0.667,1,8,9,6,1,0,2,3,21,14,1,LeBron James,Regular Season,2012-13
22012,2544,0021200220,"Nov 29, 2012",MIA vs. SAS,W,39,9,16,0.563,2,5,0.4,3,6,0.5,3,6,9,7,4,0,4,2,23,-1,1,LeBron James,Regular Season,2012-13
22012,2544,0021200186,"Nov 24, 2012",MIA vs. CLE,W,40,10,16,0.625,2,5,0.4,8,9,0.889,1,5,6,5,0,1,7,3,30,7,1,LeBron James,Regular Season,2012-13
22012,2544,0021200163,"Nov 21, 2012",MIA vs. MIL,W,43,11,21,0.524,2,4,0.5,4,8,0.5,2,8,10,8,1,1,1,3,28,5,1,LeBron James,Regular Season,2012-13
22012,2544,0021200138,"Nov 17, 2012",MIA @ PHX,W,41,8,20,0.4,1,3,0.333,4,7,0.571,0,7,7,3,2,0,1,1,21,20,1,LeBron James,Regular Season,2012-13
22012,2544,0021200121,"Nov 15, 2012",MIA @ DEN,W,42,11,23,0.478,0,1,0.0,5,6,0.833,1,6,7,12,1,3,4,0,27,9,0,LeBron James,Regular Season,2012-13
22012,2544,0021200117,"Nov 14, 2012",MIA @ LAC,L,41,12,23,0.522,0,3,0.0,6,9,0.667,0,5,5,7,1,2,4,3,30,-15,1,LeBron James,Regular Season,2012-13
22012,2544,0021200099,"Nov 12, 2012",MIA @ HOU,W,40,14,26,0.538,5,8,0.625,5,8,0.625,1,9,10,6,0,0,0,1,38,8,1,LeBron James,Regular Season,2012-13
22012,2544,0021200092,"Nov 11, 2012",MIA @ MEM,L,36,10,19,0.526,0,1,0.0,0,4,0.0,3,7,10,6,2,1,2,2,20,-18,1,LeBron James,Regular Season,2012-13
22012,2544,0021200072,"Nov 09, 2012",MIA @ ATL,W,36,10,17,0.588,0,2,0.0,1,3,0.333,2,9,11,9,1,0,2,2,21,0,1,LeBron James,Regular Season,2012-13
22012,2544,0021200056,"Nov 07, 2012",MIA vs. BKN,W,30,7,12,0.583,2,3,0.667,4,4,1.0,4,8,12,8,1,0,2,1,20,18,0,LeBron James,Regular Season,2012-13
22012,2544,0021200044,"Nov 05, 2012",MIA vs. PHX,W,30,10,17,0.588,2,3,0.667,1,3,0.333,3,8,11,1,0,0,3,2,23,25,1,LeBron James,Regular Season,2012-13
22012,2544,0021200030,"Nov 03, 2012",MIA vs. DEN,W,39,8,17,0.471,0,1,0.0,4,4,1.0,1,8,9,11,0,2,0,2,20,7,1,LeBron James,Regular Season,2012-13
22012,2544,0021200020,"Nov 02, 2012",MIA @ NYK,L,37,8,16,0.5,2,3,0.667,5,6,0.833,0,7,7,5,0,3,5,2,23,-21,1,LeBron James,Regular Season,2012-13
22012,2544,0021200002,"Oct 30, 2012",MIA vs. BOS,W,29,10,16,0.625,2,4,0.5,4,5,0.8,1,9,10,3,2,0,0,2,26,12,1,LeBron James,Regular Season,2012-13
42012,2544,0041200407,"Jun 20, 2013",MIA vs. SAS,W,45,12,23,0.522,5,10,0.5,8,8,1.0,3,9,12,4,2,0,2,2,37,8,1,LeBron James,Playoffs,2012-13
42012,2544,0041200406,"Jun 18, 2013",MIA vs. SAS,W,50,11,26,0.423,1,5,0.2,9,12,0.75,4,6,10,11,3,1,6,3,32,-1,1,LeBron James,Playoffs,2012-13
42012,2544,0041200405,"Jun 16, 2013",MIA @ SAS,L,44,8,22,0.364,2,4,0.5,7,9,0.778,3,3,6,8,4,0,3,1,25,-9,1,LeBron James,Playoffs,2012-13
42012,2544,0041200404,"Jun 13, 2013",MIA @ SAS,W,41,15,25,0.6,1,2,0.5,2,4,0.5,3,8,11,4,2,2,1,2,33,8,1,LeBron James,Playoffs,2012-13
42012,2544,0041200403,"Jun 11, 2013",MIA @ SAS,L,39,7,21,0.333,1,5,0.2,0,0,,1,10,11,5,2,0,2,0,15,-32,1,LeBron James,Playoffs,2012-13
42012,2544,0041200402,"Jun 09, 2013",MIA vs. SAS,W,41,7,17,0.412,1,3,0.333,2,2,1.0,1,7,8,7,3,3,2,2,17,29,1,LeBron James,Playoffs,2012-13
42012,2544,0041200401,"Jun 06, 2013",MIA vs. SAS,L,42,7,16,0.438,1,5,0.2,3,4,0.75,2,16,18,10,0,0,2,0,18,-3,1,LeBron James,Playoffs,2012-13
42012,2544,0041200307,"Jun 03, 2013",MIA vs. IND,W,41,8,17,0.471,1,2,0.5,15,16,0.938,2,6,8,4,2,1,2,1,32,21,1,LeBron James,Playoffs,2012-13
42012,2544,0041200306,"Jun 01, 2013",MIA @ IND,L,42,10,21,0.476,2,4,0.5,7,8,0.875,0,7,7,6,2,1,4,2,29,-22,1,LeBron James,Playoffs,2012-13
42012,2544,0041200305,"May 30, 2013",MIA vs. IND,W,44,13,26,0.5,3,7,0.429,1,4,0.25,0,8,8,6,2,1,3,1,30,14,1,LeBron James,Playoffs,2012-13
42012,2544,0041200304,"May 28, 2013",MIA @ IND,L,43,8,18,0.444,4,7,0.571,4,6,0.667,4,2,6,5,1,3,2,6,24,-3,1,LeBron James,Playoffs,2012-13
42012,2544,0041200303,"May 26, 2013",MIA @ IND,W,41,8,17,0.471,0,1,0.0,6,6,1.0,0,4,4,3,0,0,0,0,22,22,1,LeBron James,Playoffs,2012-13
42012,2544,0041200302,"May 24, 2013",MIA vs. IND,L,45,14,20,0.7,3,7,0.429,5,7,0.714,4,4,8,3,3,1,5,3,36,-7,1,LeBron James,Playoffs,2012-13
42012,2544,0041200301,"May 22, 2013",MIA vs. IND,W,47,12,24,0.5,2,6,0.333,4,7,0.571,3,7,10,10,0,3,4,5,30,3,1,LeBron James,Playoffs,2012-13
42012,2544,0041200205,"May 15, 2013",MIA vs. CHI,W,44,5,14,0.357,1,3,0.333,12,15,0.8,0,7,7,8,2,0,2,3,23,4,1,LeBron James,Playoffs,2012-13
42012,2544,0041200204,"May 13, 2013",MIA @ CHI,W,43,9,20,0.45,1,4,0.25,8,9,0.889,0,7,7,8,2,0,5,0,27,27,1,LeBron James,Playoffs,2012-13
42012,2544,0041200203,"May 10, 2013",MIA @ CHI,W,44,6,17,0.353,2,4,0.5,11,11,1.0,0,8,8,7,2,0,1,0,25,7,1,LeBron James,Playoffs,2012-13
42012,2544,0041200202,"May 08, 2013",MIA vs. CHI,W,32,7,12,0.583,1,3,0.333,4,8,0.5,0,5,5,9,3,0,3,1,19,25,1,LeBron James,Playoffs,2012-13
42012,2544,0041200201,"May 06, 2013",MIA vs. CHI,L,44,8,17,0.471,1,3,0.333,7,9,0.778,2,6,8,7,2,1,2,2,24,-15,1,LeBron James,Playoffs,2012-13
42012,2544,0041200104,"Apr 28, 2013",MIA @ MIL,W,41,13,20,0.65,0,2,0.0,4,7,0.571,2,6,8,7,3,1,5,3,30,16,0,LeBron James,Playoffs,2012-13
42012,2544,0041200103,"Apr 25, 2013",MIA @ MIL,W,33,9,14,0.643,2,4,0.5,2,4,0.5,0,5,5,6,0,0,5,2,22,14,1,LeBron James,Playoffs,2012-13
42012,2544,0041200102,"Apr 23, 2013",MIA vs. MIL,W,39,6,14,0.429,0,3,0.0,7,8,0.875,1,7,8,6,1,0,4,2,19,13,0,LeBron James,Playoffs,2012-13
42012,2544,0041200101,"Apr 21, 2013",MIA vs. MIL,W,35,9,11,0.818,1,2,0.5,8,11,0.727,2,8,10,8,0,0,5,2,27,14,1,LeBron James,Playoffs,2012-13
22013,2544,0021301192,"Apr 12, 2014",MIA @ ATL,L,37,10,22,0.455,3,7,0.429,4,8,0.5,3,5,8,5,0,1,3,2,27,-13,1,LeBron James,Regular Season,2013-14
22013,2544,0021301180,"Apr 11, 2014",MIA vs. IND,W,35,11,20,0.55,2,4,0.5,12,13,0.923,1,5,6,1,1,1,2,1,36,13,1,LeBron James,Regular Season,2013-14
22013,2544,0021301167,"Apr 09, 2014",MIA @ MEM,L,41,14,23,0.609,3,5,0.6,6,7,0.857,1,5,6,5,2,0,5,1,37,-8,1,LeBron James,Regular Season,2013-14
22013,2544,0021301158,"Apr 08, 2014",MIA vs. BKN,L,37,9,16,0.563,0,3,0.0,11,14,0.786,1,9,10,6,2,0,3,0,29,-2,1,LeBron James,Regular Season,2013-14
22013,2544,0021301149,"Apr 06, 2014",MIA vs. NYK,W,43,13,22,0.591,3,7,0.429,9,12,0.75,0,5,5,6,1,0,5,0,38,2,1,LeBron James,Regular Season,2013-14
22013,2544,0021301135,"Apr 04, 2014",MIA vs. MIN,L,48,12,24,0.5,2,4,0.5,8,10,0.8,2,6,8,5,4,1,4,5,34,7,1,LeBron James,Regular Season,2013-14
22013,2544,0021301121,"Apr 02, 2014",MIA vs. MIL,W,29,7,12,0.583,1,3,0.333,2,5,0.4,0,4,4,8,1,1,2,0,17,18,1,LeBron James,Regular Season,2013-14
22013,2544,0021301105,"Mar 31, 2014",MIA vs. TOR,W,39,11,20,0.55,1,6,0.167,9,11,0.818,0,7,7,8,1,0,6,2,32,22,1,LeBron James,Regular Season,2013-14
22013,2544,0021301091,"Mar 29, 2014",MIA @ MIL,W,30,5,10,0.5,1,3,0.333,2,4,0.5,2,5,7,2,0,0,4,1,13,19,1,LeBron James,Regular Season,2013-14
22013,2544,0021301079,"Mar 28, 2014",MIA @ DET,W,30,7,13,0.538,1,3,0.333,2,2,1.0,2,8,10,12,1,0,1,0,17,32,1,LeBron James,Regular Season,2013-14
22013,2544,0021301067,"Mar 26, 2014",MIA @ IND,L,43,11,19,0.579,2,6,0.333,14,15,0.933,0,8,8,5,0,0,6,3,38,2,1,LeBron James,Regular Season,2013-14
22013,2544,0021301049,"Mar 24, 2014",MIA vs. POR,W,38,13,23,0.565,0,1,0.0,6,9,0.667,4,2,6,5,4,0,5,2,32,4,1,LeBron James,Regular Season,2013-14
22013,2544,0021301036,"Mar 22, 2014",MIA @ NOP,L,42,10,18,0.556,2,4,0.5,3,3,1.0,1,7,8,9,0,1,3,1,25,-6,1,LeBron James,Regular Season,2013-14
22013,2544,0021301027,"Mar 21, 2014",MIA vs. MEM,W,38,7,14,0.5,0,2,0.0,1,2,0.5,1,5,6,7,2,1,3,0,15,4,1,LeBron James,Regular Season,2013-14
22013,2544,0021301003,"Mar 18, 2014",MIA @ CLE,W,42,14,19,0.737,6,8,0.75,9,13,0.692,0,6,6,4,2,3,0,1,43,11,1,LeBron James,Regular Season,2013-14
22013,2544,0021300989,"Mar 16, 2014",MIA vs. HOU,W,43,8,17,0.471,1,3,0.333,7,8,0.875,0,5,5,6,2,0,5,3,24,11,1,LeBron James,Regular Season,2013-14
22013,2544,0021300976,"Mar 14, 2014",MIA vs. DEN,L,40,8,17,0.471,0,4,0.0,5,7,0.714,0,6,6,6,1,0,4,3,21,-8,1,LeBron James,Regular Season,2013-14
22013,2544,0021300957,"Mar 12, 2014",MIA vs. BKN,L,38,6,13,0.462,1,4,0.25,6,9,0.667,0,5,5,7,3,0,5,1,19,2,1,LeBron James,Regular Season,2013-14
22013,2544,0021300945,"Mar 10, 2014",MIA vs. WAS,W,37,10,15,0.667,3,4,0.75,0,0,0.0,2,5,7,8,3,0,3,3,23,16,1,LeBron James,Regular Season,2013-14
22013,2544,0021300934,"Mar 09, 2014",MIA @ CHI,L,45,8,23,0.348,1,3,0.333,0,0,0.0,1,8,9,8,3,1,4,1,17,6,1,LeBron James,Regular Season,2013-14
22013,2544,0021300914,"Mar 06, 2014",MIA @ SAS,L,38,6,18,0.333,0,3,0.0,7,9,0.778,3,5,8,7,2,0,5,5,19,-10,1,LeBron James,Regular Season,2013-14
22013,2544,0021300900,"Mar 04, 2014",MIA @ HOU,L,37,9,18,0.5,0,3,0.0,4,6,0.667,1,0,1,6,3,0,1,1,22,-15,1,LeBron James,Regular Season,2013-14
22013,2544,0021300893,"Mar 03, 2014",MIA vs. CHA,W,41,22,33,0.667,8,10,0.8,9,12,0.75,3,4,7,4,0,0,2,2,61,16,1,LeBron James,Regular Season,2013-14
22013,2544,0021300874,"Mar 01, 2014",MIA vs. ORL,W,31,8,12,0.667,0,2,0.0,4,5,0.8,1,8,9,7,4,0,2,1,20,14,2,LeBron James,Regular Season,2013-14
22013,2544,0021300865,"Feb 27, 2014",MIA vs. NYK,W,37,13,19,0.684,1,2,0.5,4,6,0.667,0,4,4,4,0,0,1,0,31,21,1,LeBron James,Regular Season,2013-14
22013,2544,0021300813,"Feb 20, 2014",MIA @ OKC,W,33,15,22,0.682,1,5,0.2,2,5,0.4,1,6,7,3,4,0,8,1,33,9,1,LeBron James,Regular Season,2013-14
22013,2544,0021300798,"Feb 18, 2014",MIA @ DAL,W,38,16,23,0.696,4,8,0.5,6,8,0.75,2,7,9,6,2,0,3,2,42,19,1,LeBron James,Regular Season,2013-14
22013,2544,0021300788,"Feb 12, 2014",MIA @ GSW,W,42,14,26,0.538,4,8,0.5,4,7,0.571,1,12,13,9,2,0,2,1,36,-2,1,LeBron James,Regular Season,2013-14
22013,2544,0021300774,"Feb 11, 2014",MIA @ PHX,W,41,12,22,0.545,2,5,0.4,11,14,0.786,1,8,9,3,5,0,4,2,37,8,1,LeBron James,Regular Season,2013-14
22013,2544,0021300755,"Feb 08, 2014",MIA @ UTA,L,39,4,13,0.308,1,6,0.167,4,6,0.667,0,7,7,5,0,0,5,2,13,0,1,LeBron James,Regular Season,2013-14
22013,2544,0021300736,"Feb 05, 2014",MIA @ LAC,W,41,11,20,0.55,3,7,0.429,6,8,0.75,1,7,8,12,3,1,7,2,31,3,1,LeBron James,Regular Season,2013-14
22013,2544,0021300713,"Feb 03, 2014",MIA vs. DET,W,38,9,19,0.474,0,3,0.0,6,8,0.75,1,7,8,11,2,2,1,1,24,6,1,LeBron James,Regular Season,2013-14
22013,2544,0021300705,"Feb 01, 2014",MIA @ NYK,W,39,13,22,0.591,1,3,0.333,3,6,0.5,1,7,8,7,6,0,2,3,30,14,1,LeBron James,Regular Season,2013-14
22013,2544,0021300675,"Jan 29, 2014",MIA vs. OKC,L,42,12,20,0.6,1,5,0.2,9,9,1.0,1,2,3,3,0,0,3,1,34,-17,1,LeBron James,Regular Season,2013-14
22013,2544,0021300654,"Jan 26, 2014",MIA vs. SAS,W,28,8,15,0.533,1,3,0.333,1,1,1.0,0,7,7,6,1,0,4,4,18,21,1,LeBron James,Regular Season,2013-14
22013,2544,0021300631,"Jan 23, 2014",MIA vs. LAL,W,37,9,15,0.6,2,4,0.5,7,13,0.538,2,11,13,6,1,0,5,1,27,4,1,LeBron James,Regular Season,2013-14
22013,2544,0021300617,"Jan 21, 2014",MIA vs. BOS,W,39,10,19,0.526,0,4,0.0,9,11,0.818,1,7,8,4,2,0,3,1,29,10,1,LeBron James,Regular Season,2013-14
22013,2544,0021300612,"Jan 20, 2014",MIA @ ATL,L,39,11,21,0.524,3,7,0.429,5,8,0.625,1,3,4,6,1,0,3,1,30,0,1,LeBron James,Regular Season,2013-14
22013,2544,0021300593,"Jan 18, 2014",MIA @ CHA,W,45,13,25,0.52,0,3,0.0,8,10,0.8,2,6,8,6,1,0,2,4,34,15,1,LeBron James,Regular Season,2013-14
22013,2544,0021300583,"Jan 17, 2014",MIA @ PHI,W,37,7,13,0.538,0,1,0.0,7,8,0.875,1,7,8,10,2,1,3,3,21,17,1,LeBron James,Regular Season,2013-14
22013,2544,0021300568,"Jan 15, 2014",MIA @ WAS,L,41,8,18,0.444,0,4,0.0,9,10,0.9,2,6,8,7,2,0,4,1,25,-15,1,LeBron James,Regular Season,2013-14
22013,2544,0021300537,"Jan 10, 2014",MIA @ BKN,L,49,12,21,0.571,2,5,0.4,10,12,0.833,3,4,7,5,0,0,4,6,36,-1,1,LeBron James,Regular Season,2013-14
22013,2544,0021300529,"Jan 09, 2014",MIA @ NYK,L,41,12,17,0.706,1,4,0.25,7,11,0.636,0,5,5,6,1,1,6,2,32,1,1,LeBron James,Regular Season,2013-14
22013,2544,0021300511,"Jan 07, 2014",MIA vs. NOP,W,35,13,22,0.591,3,6,0.5,3,3,1.0,1,2,3,5,2,0,3,1,32,19,1,LeBron James,Regular Season,2013-14
22013,2544,0021300500,"Jan 05, 2014",MIA vs. TOR,W,38,12,18,0.667,0,0,0.0,6,7,0.857,1,3,4,5,1,0,1,1,30,1,1,LeBron James,Regular Season,2013-14
22013,2544,0021300490,"Jan 04, 2014",MIA @ ORL,W,36,5,13,0.385,0,1,0.0,5,8,0.625,1,7,8,8,1,0,3,1,15,17,1,LeBron James,Regular Season,2013-14
22013,2544,0021300474,"Jan 02, 2014",MIA vs. GSW,L,40,10,16,0.625,1,4,0.25,5,8,0.625,0,5,5,5,0,1,8,0,26,-11,1,LeBron James,Regular Season,2013-14
22013,2544,0021300457,"Dec 30, 2013",MIA @ DEN,W,40,8,15,0.533,5,9,0.556,5,8,0.625,1,5,6,10,0,1,4,0,26,4,1,LeBron James,Regular Season,2013-14
22013,2544,0021300434,"Dec 27, 2013",MIA @ SAC,L,44,12,23,0.522,4,9,0.444,5,6,0.833,0,8,8,8,0,0,2,3,33,-10,1,LeBron James,Regular Season,2013-14
22013,2544,0021300420,"Dec 25, 2013",MIA @ LAL,W,36,7,14,0.5,0,4,0.0,5,9,0.556,0,8,8,4,0,0,2,2,19,0,1,LeBron James,Regular Season,2013-14
22013,2544,0021300411,"Dec 23, 2013",MIA vs. ATL,W,46,16,28,0.571,4,9,0.444,2,6,0.333,4,4,8,6,2,0,0,2,38,-4,1,LeBron James,Regular Season,2013-14
22013,2544,0021300387,"Dec 20, 2013",MIA vs. SAC,W,31,8,11,0.727,1,2,0.5,1,2,0.5,2,4,6,8,1,1,1,1,18,14,1,LeBron James,Regular Season,2013-14
22013,2544,0021300369,"Dec 18, 2013",MIA vs. IND,W,36,8,14,0.571,1,3,0.333,7,7,1.0,0,9,9,7,3,0,3,3,24,16,1,LeBron James,Regular Season,2013-14
22013,2544,0021300360,"Dec 16, 2013",MIA vs. UTA,W,34,13,17,0.765,0,1,0.0,4,5,0.8,1,8,9,9,1,0,3,1,30,24,1,LeBron James,Regular Season,2013-14
22013,2544,0021300344,"Dec 14, 2013",MIA vs. CLE,W,41,9,12,0.75,0,2,0.0,7,10,0.7,2,7,9,9,4,0,2,2,25,6,1,LeBron James,Regular Season,2013-14
22013,2544,0021300311,"Dec 10, 2013",MIA @ IND,L,39,6,16,0.375,1,4,0.25,4,6,0.667,1,13,14,6,2,0,5,3,17,-2,1,LeBron James,Regular Season,2013-14
22013,2544,0021300300,"Dec 08, 2013",MIA @ DET,W,35,10,15,0.667,0,2,0.0,4,5,0.8,1,6,7,9,2,0,6,2,24,18,1,LeBron James,Regular Season,2013-14
22013,2544,0021300294,"Dec 07, 2013",MIA @ MIN,W,31,9,12,0.75,0,0,0.0,3,5,0.6,4,10,14,8,2,0,7,3,21,9,1,LeBron James,Regular Season,2013-14
22013,2544,0021300279,"Dec 05, 2013",MIA @ CHI,L,33,7,17,0.412,1,4,0.25,6,8,0.75,0,5,5,2,3,0,1,2,21,-21,1,LeBron James,Regular Season,2013-14
22013,2544,0021300264,"Dec 03, 2013",MIA vs. DET,L,37,8,15,0.533,2,5,0.4,5,8,0.625,3,2,5,6,2,1,6,2,23,-6,1,LeBron James,Regular Season,2013-14
22013,2544,0021300252,"Dec 01, 2013",MIA vs. CHA,W,38,8,13,0.615,1,3,0.333,9,10,0.9,0,5,5,4,1,1,3,0,26,-4,1,LeBron James,Regular Season,2013-14
22013,2544,0021300230,"Nov 29, 2013",MIA @ TOR,W,36,10,17,0.588,3,5,0.6,4,6,0.667,1,5,6,3,1,1,3,2,27,3,1,LeBron James,Regular Season,2013-14
22013,2544,0021300219,"Nov 27, 2013",MIA @ CLE,W,37,9,19,0.474,1,3,0.333,9,11,0.818,0,8,8,8,3,0,1,3,28,0,1,LeBron James,Regular Season,2013-14
22013,2544,0021300205,"Nov 25, 2013",MIA vs. PHX,W,33,11,14,0.786,2,4,0.5,11,11,1.0,0,5,5,4,1,1,4,0,35,1,1,LeBron James,Regular Season,2013-14
22013,2544,0021300191,"Nov 23, 2013",MIA vs. ORL,W,38,7,13,0.538,3,6,0.5,5,7,0.714,0,9,9,7,3,0,3,0,22,7,1,LeBron James,Regular Season,2013-14
22013,2544,0021300164,"Nov 20, 2013",MIA @ ORL,W,29,5,11,0.455,0,2,0.0,11,11,1.0,1,5,6,7,1,1,4,0,21,23,1,LeBron James,Regular Season,2013-14
22013,2544,0021300158,"Nov 19, 2013",MIA vs. ATL,W,31,6,13,0.462,0,0,0.0,1,3,0.333,2,4,6,5,1,0,3,0,13,14,1,LeBron James,Regular Season,2013-14
22013,2544,0021300136,"Nov 16, 2013",MIA @ CHA,W,32,13,18,0.722,0,0,0.0,4,4,1.0,1,3,4,7,1,1,3,1,30,7,1,LeBron James,Regular Season,2013-14
22013,2544,0021300130,"Nov 15, 2013",MIA vs. DAL,W,37,14,18,0.778,1,1,1.0,10,11,0.909,0,6,6,4,1,0,6,0,39,0,1,LeBron James,Regular Season,2013-14
22013,2544,0021300107,"Nov 12, 2013",MIA vs. MIL,W,30,13,21,0.619,4,7,0.571,3,6,0.5,0,3,3,2,0,0,3,0,33,14,1,LeBron James,Regular Season,2013-14
22013,2544,0021300089,"Nov 09, 2013",MIA vs. BOS,L,37,9,13,0.692,0,0,0.0,7,9,0.778,1,7,8,10,0,0,5,1,25,5,1,LeBron James,Regular Season,2013-14
22013,2544,0021300070,"Nov 07, 2013",MIA vs. LAC,W,37,6,13,0.462,1,3,0.333,5,9,0.556,0,5,5,6,1,0,4,4,18,-1,1,LeBron James,Regular Season,2013-14
22013,2544,0021300051,"Nov 05, 2013",MIA @ TOR,W,36,13,20,0.65,1,3,0.333,8,8,1.0,2,6,8,8,0,1,1,2,35,3,1,LeBron James,Regular Season,2013-14
22013,2544,0021300042,"Nov 03, 2013",MIA vs. WAS,W,35,9,14,0.643,3,5,0.6,4,5,0.8,0,3,3,5,1,0,6,2,25,16,1,LeBron James,Regular Season,2013-14
22013,2544,0021300028,"Nov 01, 2013",MIA @ BKN,L,42,11,19,0.579,1,2,0.5,3,5,0.6,1,6,7,6,2,1,5,2,26,-3,1,LeBron James,Regular Season,2013-14
22013,2544,0021300005,"Oct 30, 2013",MIA @ PHI,L,37,9,17,0.529,4,7,0.571,3,4,0.75,0,4,4,13,0,0,4,3,25,-8,1,LeBron James,Regular Season,2013-14
22013,2544,0021300002,"Oct 29, 2013",MIA vs. CHI,W,38,5,11,0.455,0,1,0.0,7,9,0.778,0,6,6,8,1,0,2,0,17,8,1,LeBron James,Regular Season,2013-14
42013,2544,0041300405,"Jun 15, 2014",MIA @ SAS,L,41,10,21,0.476,3,9,0.333,8,9,0.889,1,9,10,5,0,2,1,1,31,-16,1,LeBron James,Playoffs,2013-14
42013,2544,0041300404,"Jun 12, 2014",MIA vs. SAS,L,38,10,17,0.588,4,8,0.5,4,6,0.667,0,8,8,2,0,0,3,0,28,-21,1,LeBron James,Playoffs,2013-14
42013,2544,0041300403,"Jun 10, 2014",MIA vs. SAS,L,40,9,14,0.643,2,4,0.5,2,3,0.667,1,4,5,7,5,0,7,5,22,-21,1,LeBron James,Playoffs,2013-14
42013,2544,0041300402,"Jun 08, 2014",MIA @ SAS,W,38,14,22,0.636,3,3,1.0,4,5,0.8,2,8,10,3,2,0,4,3,35,11,1,LeBron James,Playoffs,2013-14
42013,2544,0041300401,"Jun 05, 2014",MIA @ SAS,L,33,9,17,0.529,2,3,0.667,5,6,0.833,3,3,6,3,3,0,4,1,25,0,1,LeBron James,Playoffs,2013-14
42013,2544,0041300306,"May 30, 2014",MIA vs. IND,W,32,8,12,0.667,0,0,0.0,9,9,1.0,1,3,4,6,1,1,2,1,25,27,1,LeBron James,Playoffs,2013-14
42013,2544,0041300305,"May 28, 2014",MIA @ IND,L,24,2,10,0.2,1,3,0.333,2,3,0.667,1,1,2,4,0,1,3,5,7,1,1,LeBron James,Playoffs,2013-14
42013,2544,0041300304,"May 26, 2014",MIA vs. IND,W,36,13,21,0.619,2,3,0.667,4,4,1.0,0,10,10,5,2,0,2,3,32,10,1,LeBron James,Playoffs,2013-14
42013,2544,0041300303,"May 24, 2014",MIA vs. IND,W,40,9,14,0.643,1,2,0.5,7,9,0.778,1,4,5,7,3,0,6,2,26,24,1,LeBron James,Playoffs,2013-14
42013,2544,0041300302,"May 20, 2014",MIA @ IND,W,42,9,18,0.5,1,5,0.2,3,6,0.5,0,7,7,6,2,3,3,3,22,4,1,LeBron James,Playoffs,2013-14
42013,2544,0041300301,"May 18, 2014",MIA @ IND,L,41,11,18,0.611,1,5,0.2,2,2,1.0,1,9,10,5,3,0,4,3,25,-13,1,LeBron James,Playoffs,2013-14
42013,2544,0041300215,"May 14, 2014",MIA vs. BKN,W,44,6,14,0.429,2,5,0.4,15,17,0.882,2,7,9,5,0,1,5,1,29,4,1,LeBron James,Playoffs,2013-14
42013,2544,0041300214,"May 12, 2014",MIA @ BKN,W,43,16,24,0.667,3,6,0.5,14,19,0.737,0,6,6,2,3,0,1,5,49,13,1,LeBron James,Playoffs,2013-14
42013,2544,0041300213,"May 10, 2014",MIA @ BKN,L,40,8,15,0.533,3,7,0.429,9,10,0.9,0,8,8,5,1,1,2,2,28,-14,1,LeBron James,Playoffs,2013-14
42013,2544,0041300212,"May 08, 2014",MIA vs. BKN,W,39,9,18,0.5,0,3,0.0,4,6,0.667,0,4,4,3,2,1,2,2,22,6,1,LeBron James,Playoffs,2013-14
42013,2544,0041300211,"May 06, 2014",MIA vs. BKN,W,36,10,15,0.667,0,0,0.0,2,2,1.0,1,4,5,3,0,0,1,2,22,10,1,LeBron James,Playoffs,2013-14
42013,2544,0041300114,"Apr 28, 2014",MIA @ CHA,W,43,10,19,0.526,1,5,0.2,10,12,0.833,0,7,7,9,3,1,2,3,31,12,1,LeBron James,Playoffs,2013-14
42013,2544,0041300113,"Apr 26, 2014",MIA @ CHA,W,36,10,18,0.556,1,2,0.5,9,10,0.9,0,10,10,6,2,0,2,1,30,20,1,LeBron James,Playoffs,2013-14
42013,2544,0041300112,"Apr 23, 2014",MIA vs. CHA,W,40,11,17,0.647,1,5,0.2,9,12,0.75,0,6,6,8,4,0,4,2,32,6,1,LeBron James,Playoffs,2013-14
42013,2544,0041300111,"Apr 20, 2014",MIA vs. CHA,W,39,8,16,0.5,4,8,0.5,7,10,0.7,0,9,9,1,0,0,3,1,27,0,1,LeBron James,Playoffs,2013-14
22014,2544,0021401203,"Apr 13, 2015",CLE vs. DET,W,32,7,17,0.412,3,4,0.75,4,6,0.667,3,7,10,11,2,1,1,0,21,19,1,LeBron James,Regular Season,2014-15
22014,2544,0021401178,"Apr 10, 2015",CLE vs. BOS,L,26,5,14,0.357,0,5,0.0,4,9,0.444,0,3,3,7,1,0,3,1,14,1,1,LeBron James,Regular Season,2014-15
22014,2544,0021401167,"Apr 08, 2015",CLE @ MIL,W,40,8,15,0.533,2,5,0.4,3,4,0.75,2,7,9,8,1,1,2,2,21,0,1,LeBron James,Regular Season,2014-15
22014,2544,0021401148,"Apr 05, 2015",CLE vs. CHI,W,37,8,17,0.471,1,3,0.333,3,6,0.5,2,8,10,12,3,1,3,4,20,10,1,LeBron James,Regular Season,2014-15
22014,2544,0021401124,"Apr 02, 2015",CLE vs. MIA,W,35,9,16,0.563,1,2,0.5,4,5,0.8,1,7,8,7,1,3,3,3,23,14,1,LeBron James,Regular Season,2014-15
22014,2544,0021401092,"Mar 29, 2015",CLE vs. PHI,W,38,8,24,0.333,1,4,0.25,3,6,0.5,2,9,11,6,0,1,5,0,20,-4,1,LeBron James,Regular Season,2014-15
22014,2544,0021401078,"Mar 27, 2015",CLE @ BKN,L,38,8,15,0.533,2,5,0.4,6,8,0.75,0,5,5,9,5,1,3,4,24,-1,1,LeBron James,Regular Season,2014-15
22014,2544,0021401066,"Mar 25, 2015",CLE @ MEM,W,31,7,15,0.467,3,5,0.6,3,4,0.75,0,8,8,5,0,0,1,2,20,31,1,LeBron James,Regular Season,2014-15
22014,2544,0021401037,"Mar 22, 2015",CLE @ MIL,W,39,10,17,0.588,1,4,0.25,7,7,1.0,2,8,10,6,5,1,5,1,28,4,1,LeBron James,Regular Season,2014-15
22014,2544,0021401023,"Mar 20, 2015",CLE vs. IND,W,39,13,26,0.5,2,6,0.333,1,2,0.5,0,7,7,5,0,0,3,0,29,-7,1,LeBron James,Regular Season,2014-15
22014,2544,0021401005,"Mar 18, 2015",CLE vs. BKN,W,35,5,13,0.385,2,4,0.5,4,6,0.667,1,2,3,7,1,0,2,1,16,13,1,LeBron James,Regular Season,2014-15
22014,2544,0021400995,"Mar 16, 2015",CLE @ MIA,L,35,8,19,0.421,4,8,0.5,6,8,0.75,1,1,2,4,0,0,4,2,26,-17,1,LeBron James,Regular Season,2014-15
22014,2544,0021400985,"Mar 15, 2015",CLE @ ORL,W,35,9,14,0.643,0,3,0.0,3,4,0.75,1,7,8,13,3,1,1,3,21,25,1,LeBron James,Regular Season,2014-15
22014,2544,0021400964,"Mar 12, 2015",CLE @ SAS,W,44,10,20,0.5,3,6,0.5,8,10,0.8,0,5,5,7,2,1,3,2,31,4,1,LeBron James,Regular Season,2014-15
22014,2544,0021400948,"Mar 10, 2015",CLE @ DAL,W,29,10,14,0.714,4,6,0.667,3,5,0.6,0,7,7,8,1,1,2,3,27,27,1,LeBron James,Regular Season,2014-15
22014,2544,0021400924,"Mar 07, 2015",CLE vs. PHX,W,36,6,16,0.375,2,5,0.4,3,6,0.5,0,6,6,8,1,0,4,3,17,19,1,LeBron James,Regular Season,2014-15
22014,2544,0021400915,"Mar 06, 2015",CLE @ ATL,L,40,5,13,0.385,1,4,0.25,7,8,0.875,1,5,6,8,2,1,9,3,18,-4,1,LeBron James,Regular Season,2014-15
22014,2544,0021400900,"Mar 04, 2015",CLE @ TOR,W,37,9,16,0.563,3,6,0.5,8,13,0.615,1,5,6,14,0,0,3,2,29,6,1,LeBron James,Regular Season,2014-15
22014,2544,0021400891,"Mar 03, 2015",CLE vs. BOS,W,26,12,23,0.522,0,1,0.0,3,3,1.0,1,2,3,5,3,1,1,0,27,35,1,LeBron James,Regular Season,2014-15
22014,2544,0021400883,"Mar 01, 2015",CLE @ HOU,L,42,15,35,0.429,4,12,0.333,3,11,0.273,2,6,8,4,3,3,4,4,37,-8,1,LeBron James,Regular Season,2014-15
22014,2544,0021400854,"Feb 26, 2015",CLE vs. GSW,W,36,15,25,0.6,4,9,0.444,8,11,0.727,1,10,11,5,3,1,6,5,42,9,1,LeBron James,Regular Season,2014-15
22014,2544,0021400839,"Feb 24, 2015",CLE @ DET,W,39,6,14,0.429,1,5,0.2,6,10,0.6,0,7,7,11,3,1,9,3,19,27,1,LeBron James,Regular Season,2014-15
22014,2544,0021400821,"Feb 22, 2015",CLE @ NYK,W,28,7,17,0.412,1,6,0.167,3,5,0.6,0,7,7,7,2,0,4,2,18,14,1,LeBron James,Regular Season,2014-15
22014,2544,0021400809,"Feb 20, 2015",CLE @ WAS,W,25,12,21,0.571,3,5,0.6,1,3,0.333,0,5,5,6,1,0,2,3,28,30,1,LeBron James,Regular Season,2014-15
22014,2544,0021400800,"Feb 12, 2015",CLE @ CHI,L,34,12,26,0.462,2,9,0.222,5,6,0.833,0,5,5,4,0,0,8,3,31,-27,1,LeBron James,Regular Season,2014-15
22014,2544,0021400796,"Feb 11, 2015",CLE vs. MIA,W,31,6,16,0.375,0,4,0.0,6,7,0.857,0,9,9,7,1,0,5,2,18,19,1,LeBron James,Regular Season,2014-15
22014,2544,0021400766,"Feb 08, 2015",CLE vs. LAL,W,30,8,16,0.5,2,7,0.286,4,5,0.8,2,8,10,8,1,0,6,2,22,15,1,LeBron James,Regular Season,2014-15
22014,2544,0021400747,"Feb 06, 2015",CLE @ IND,L,39,10,21,0.476,0,4,0.0,5,8,0.625,0,6,6,5,2,1,7,3,25,-3,1,LeBron James,Regular Season,2014-15
22014,2544,0021400743,"Feb 05, 2015",CLE vs. LAC,W,28,8,14,0.571,1,2,0.5,6,7,0.857,0,3,3,9,1,0,2,0,23,27,1,LeBron James,Regular Season,2014-15
22014,2544,0021400718,"Feb 02, 2015",CLE vs. PHI,W,36,6,17,0.353,1,4,0.25,5,6,0.833,0,3,3,11,2,0,6,2,18,19,1,LeBron James,Regular Season,2014-15
22014,2544,0021400711,"Jan 31, 2015",CLE @ MIN,W,40,14,25,0.56,3,8,0.375,5,8,0.625,3,3,6,5,0,1,2,1,36,25,1,LeBron James,Regular Season,2014-15
22014,2544,0021400700,"Jan 30, 2015",CLE vs. SAC,W,33,7,16,0.438,1,4,0.25,4,6,0.667,0,3,3,7,4,2,6,1,19,13,1,LeBron James,Regular Season,2014-15
22014,2544,0021400676,"Jan 27, 2015",CLE @ DET,W,36,11,24,0.458,0,4,0.0,10,11,0.909,0,6,6,7,1,0,4,3,32,0,1,LeBron James,Regular Season,2014-15
22014,2544,0021400658,"Jan 25, 2015",CLE vs. OKC,W,39,11,25,0.44,2,6,0.333,10,13,0.769,0,7,7,5,1,2,2,1,34,5,1,LeBron James,Regular Season,2014-15
22014,2544,0021400643,"Jan 23, 2015",CLE vs. CHA,W,27,9,15,0.6,2,4,0.5,5,6,0.833,1,5,6,9,4,1,2,1,25,32,1,LeBron James,Regular Season,2014-15
22014,2544,0021400626,"Jan 21, 2015",CLE vs. UTA,W,36,8,16,0.5,0,2,0.0,10,14,0.714,2,5,7,9,4,0,7,0,26,14,1,LeBron James,Regular Season,2014-15
22014,2544,0021400620,"Jan 19, 2015",CLE vs. CHI,W,36,12,23,0.522,0,3,0.0,2,3,0.667,1,4,5,4,0,0,6,4,26,16,1,LeBron James,Regular Season,2014-15
22014,2544,0021400599,"Jan 16, 2015",CLE @ LAC,W,42,11,23,0.478,3,8,0.375,7,12,0.583,0,11,11,7,3,0,9,4,32,8,1,LeBron James,Regular Season,2014-15
22014,2544,0021400586,"Jan 15, 2015",CLE @ LAL,W,38,12,23,0.522,4,9,0.444,8,13,0.615,1,3,4,5,2,0,1,2,36,15,1,LeBron James,Regular Season,2014-15
22014,2544,0021400570,"Jan 13, 2015",CLE @ PHX,L,37,11,18,0.611,3,8,0.375,8,13,0.615,1,6,7,5,1,0,5,3,33,4,1,LeBron James,Regular Season,2014-15
22014,2544,0021400453,"Dec 28, 2014",CLE vs. DET,L,32,5,19,0.263,2,6,0.333,5,5,1.0,1,9,10,7,1,0,7,3,17,-17,1,LeBron James,Regular Season,2014-15
22014,2544,0021400433,"Dec 26, 2014",CLE @ ORL,W,37,10,20,0.5,0,5,0.0,9,11,0.818,0,5,5,8,2,2,4,1,29,7,1,LeBron James,Regular Season,2014-15
22014,2544,0021400429,"Dec 25, 2014",CLE @ MIA,L,40,9,16,0.563,2,8,0.25,10,18,0.556,0,4,4,8,0,0,4,1,30,-9,1,LeBron James,Regular Season,2014-15
22014,2544,0021400416,"Dec 23, 2014",CLE vs. MIN,W,35,8,16,0.5,4,7,0.571,4,5,0.8,0,4,4,3,1,3,2,3,24,22,1,LeBron James,Regular Season,2014-15
22014,2544,0021400401,"Dec 21, 2014",CLE vs. MEM,W,38,9,15,0.6,3,5,0.6,4,6,0.667,0,1,1,11,0,1,5,1,25,8,1,LeBron James,Regular Season,2014-15
22014,2544,0021400386,"Dec 19, 2014",CLE vs. BKN,W,40,7,18,0.389,2,4,0.5,6,8,0.75,1,3,4,9,2,0,4,4,22,-5,1,LeBron James,Regular Season,2014-15
22014,2544,0021400370,"Dec 17, 2014",CLE vs. ATL,L,29,8,16,0.5,0,2,0.0,5,7,0.714,0,3,3,2,2,0,2,0,21,-18,1,LeBron James,Regular Season,2014-15
22014,2544,0021400355,"Dec 15, 2014",CLE vs. CHA,W,40,11,19,0.579,2,3,0.667,3,4,0.75,0,7,7,14,1,3,5,2,27,16,1,LeBron James,Regular Season,2014-15
22014,2544,0021400336,"Dec 12, 2014",CLE @ NOP,L,38,17,24,0.708,2,2,1.0,5,8,0.625,0,5,5,5,0,1,2,1,41,-5,1,LeBron James,Regular Season,2014-15
22014,2544,0021400308,"Dec 09, 2014",CLE vs. TOR,W,42,12,21,0.571,2,5,0.4,9,9,1.0,1,1,2,4,2,2,2,1,35,7,1,LeBron James,Regular Season,2014-15
22014,2544,0021400303,"Dec 08, 2014",CLE @ BKN,W,34,8,17,0.471,1,3,0.333,1,2,0.5,0,4,4,7,3,0,3,2,18,20,1,LeBron James,Regular Season,2014-15
22014,2544,0021400281,"Dec 05, 2014",CLE @ TOR,W,42,9,18,0.5,2,4,0.5,4,6,0.667,0,7,7,13,3,1,4,2,24,11,1,LeBron James,Regular Season,2014-15
22014,2544,0021400273,"Dec 04, 2014",CLE @ NYK,W,40,7,17,0.412,1,6,0.167,4,7,0.571,1,4,5,12,2,0,4,2,19,12,1,LeBron James,Regular Season,2014-15
22014,2544,0021400253,"Dec 02, 2014",CLE vs. MIL,W,41,6,15,0.4,0,4,0.0,14,21,0.667,1,4,5,10,0,0,7,1,26,16,1,LeBron James,Regular Season,2014-15
22014,2544,0021400238,"Nov 29, 2014",CLE vs. IND,W,32,9,18,0.5,0,1,0.0,1,2,0.5,0,2,2,7,1,0,3,1,19,14,1,LeBron James,Regular Season,2014-15
22014,2544,0021400211,"Nov 26, 2014",CLE vs. WAS,W,36,7,14,0.5,1,5,0.2,14,17,0.824,1,9,10,8,3,0,4,3,29,24,1,LeBron James,Regular Season,2014-15
22014,2544,0021400199,"Nov 24, 2014",CLE vs. ORL,W,31,9,17,0.529,2,4,0.5,9,11,0.818,1,3,4,11,3,0,1,0,29,19,1,LeBron James,Regular Season,2014-15
22014,2544,0021400186,"Nov 22, 2014",CLE vs. TOR,L,37,6,12,0.5,1,4,0.25,2,3,0.667,0,1,1,10,1,1,5,2,15,-8,1,LeBron James,Regular Season,2014-15
22014,2544,0021400179,"Nov 21, 2014",CLE @ WAS,L,39,8,21,0.381,2,7,0.286,4,7,0.571,3,1,4,4,1,1,3,0,22,-13,1,LeBron James,Regular Season,2014-15
22014,2544,0021400159,"Nov 19, 2014",CLE vs. SAS,L,34,6,17,0.353,2,3,0.667,1,1,1.0,3,3,6,9,1,1,5,3,15,-3,1,LeBron James,Regular Season,2014-15
22014,2544,0021400147,"Nov 17, 2014",CLE vs. DEN,L,41,8,18,0.444,1,4,0.25,5,7,0.714,0,9,9,5,0,2,4,2,22,-13,1,LeBron James,Regular Season,2014-15
22014,2544,0021400133,"Nov 15, 2014",CLE vs. ATL,W,29,13,20,0.65,4,5,0.8,2,4,0.5,2,4,6,7,0,1,3,1,32,14,1,LeBron James,Regular Season,2014-15
22014,2544,0021400125,"Nov 14, 2014",CLE @ BOS,W,41,16,27,0.593,3,8,0.375,6,9,0.667,0,4,4,7,0,1,3,4,41,10,1,LeBron James,Regular Season,2014-15
22014,2544,0021400098,"Nov 10, 2014",CLE vs. NOP,W,40,9,17,0.529,1,3,0.333,13,17,0.765,2,9,11,9,1,1,4,1,32,15,2,LeBron James,Regular Season,2014-15
22014,2544,0021400081,"Nov 07, 2014",CLE @ DEN,W,40,8,18,0.444,1,5,0.2,5,6,0.833,0,7,7,11,1,1,3,1,22,14,1,LeBron James,Regular Season,2014-15
22014,2544,0021400066,"Nov 05, 2014",CLE @ UTA,L,42,8,18,0.444,3,5,0.6,12,12,1.0,0,3,3,4,3,0,4,2,31,3,1,LeBron James,Regular Season,2014-15
22014,2544,0021400055,"Nov 04, 2014",CLE @ POR,L,35,4,12,0.333,2,4,0.5,1,1,1.0,1,6,7,7,1,0,3,2,11,-15,1,LeBron James,Regular Season,2014-15
22014,2544,0021400022,"Oct 31, 2014",CLE @ CHI,W,42,14,30,0.467,1,3,0.333,7,9,0.778,1,7,8,5,4,1,3,1,36,-3,1,LeBron James,Regular Season,2014-15
22014,2544,0021400018,"Oct 30, 2014",CLE vs. NYK,L,43,5,15,0.333,1,5,0.2,6,7,0.857,0,5,5,4,0,0,8,3,17,-13,1,LeBron James,Regular Season,2014-15
42014,2544,0041400406,"Jun 16, 2015",CLE vs. GSW,L,47,13,33,0.394,2,10,0.2,4,8,0.5,3,15,18,9,2,0,6,3,32,-3,1,LeBron James,Playoffs,2014-15
42014,2544,0041400405,"Jun 14, 2015",CLE @ GSW,L,45,15,34,0.441,3,8,0.375,7,9,0.778,1,13,14,11,1,0,2,5,40,-11,1,LeBron James,Playoffs,2014-15
42014,2544,0041400404,"Jun 11, 2015",CLE vs. GSW,L,41,7,22,0.318,1,4,0.25,5,10,0.5,2,10,12,8,0,0,2,5,20,-15,1,LeBron James,Playoffs,2014-15
42014,2544,0041400403,"Jun 09, 2015",CLE vs. GSW,W,46,14,34,0.412,2,6,0.333,10,12,0.833,1,11,12,8,4,2,4,1,40,7,1,LeBron James,Playoffs,2014-15
42014,2544,0041400402,"Jun 07, 2015",CLE @ GSW,W,50,11,35,0.314,3,6,0.5,14,18,0.778,4,12,16,11,1,1,3,3,39,0,1,LeBron James,Playoffs,2014-15
42014,2544,0041400401,"Jun 04, 2015",CLE @ GSW,L,46,18,38,0.474,2,8,0.25,6,10,0.6,0,8,8,6,0,0,4,2,44,-3,1,LeBron James,Playoffs,2014-15
42014,2544,0041400304,"May 26, 2015",CLE vs. ATL,W,29,10,20,0.5,2,6,0.333,1,4,0.25,0,9,9,7,2,1,1,2,23,20,1,LeBron James,Playoffs,2014-15
42014,2544,0041400303,"May 24, 2015",CLE vs. ATL,W,47,14,37,0.378,1,6,0.167,8,10,0.8,8,10,18,13,3,0,6,4,37,-3,1,LeBron James,Playoffs,2014-15
42014,2544,0041400302,"May 22, 2015",CLE @ ATL,W,39,10,22,0.455,2,7,0.286,8,11,0.727,1,8,9,11,0,1,4,1,30,20,1,LeBron James,Playoffs,2014-15
42014,2544,0041400301,"May 20, 2015",CLE @ ATL,W,38,12,26,0.462,0,1,0.0,7,8,0.875,1,7,8,6,1,0,4,3,31,3,1,LeBron James,Playoffs,2014-15
42014,2544,0041400216,"May 14, 2015",CLE @ CHI,W,41,7,23,0.304,0,4,0.0,1,2,0.5,1,8,9,11,0,2,4,4,15,20,1,LeBron James,Playoffs,2014-15
42014,2544,0041400215,"May 12, 2015",CLE vs. CHI,W,41,14,24,0.583,1,5,0.2,9,12,0.75,2,10,12,6,3,3,0,3,38,-4,1,LeBron James,Playoffs,2014-15
42014,2544,0041400214,"May 10, 2015",CLE @ CHI,W,43,10,30,0.333,1,7,0.143,4,4,1.0,2,12,14,8,1,2,8,4,25,5,1,LeBron James,Playoffs,2014-15
42014,2544,0041400213,"May 08, 2015",CLE @ CHI,L,44,8,25,0.32,1,7,0.143,10,11,0.909,2,6,8,14,1,1,7,4,27,1,1,LeBron James,Playoffs,2014-15
42014,2544,0041400212,"May 06, 2015",CLE vs. CHI,W,34,13,29,0.448,0,2,0.0,7,9,0.778,3,5,8,5,2,1,2,2,33,31,1,LeBron James,Playoffs,2014-15
42014,2544,0041400211,"May 04, 2015",CLE vs. CHI,L,42,9,22,0.409,0,3,0.0,1,2,0.5,4,11,15,9,3,1,6,4,19,-11,1,LeBron James,Playoffs,2014-15
42014,2544,0041400114,"Apr 26, 2015",CLE @ BOS,W,46,10,24,0.417,1,7,0.143,6,10,0.6,0,10,10,8,3,1,6,2,27,7,1,LeBron James,Playoffs,2014-15
42014,2544,0041400113,"Apr 23, 2015",CLE @ BOS,W,42,13,26,0.5,1,5,0.2,4,5,0.8,1,10,11,4,4,2,2,1,31,2,1,LeBron James,Playoffs,2014-15
42014,2544,0041400112,"Apr 21, 2015",CLE vs. BOS,W,42,11,22,0.5,1,5,0.2,7,8,0.875,1,8,9,7,0,2,6,3,30,11,1,LeBron James,Playoffs,2014-15
42014,2544,0041400111,"Apr 19, 2015",CLE vs. BOS,W,42,8,18,0.444,1,3,0.333,3,4,0.75,0,6,6,7,2,1,5,2,20,3,1,LeBron James,Playoffs,2014-15
22015,2544,0021501203,"Apr 11, 2016",CLE vs. ATL,W,32,13,16,0.813,3,4,0.75,5,5,1.0,1,5,6,6,2,1,4,2,34,13,1,LeBron James,Regular Season,2015-16
22015,2544,0021501191,"Apr 09, 2016",CLE @ CHI,L,39,13,17,0.765,4,5,0.8,3,4,0.75,3,4,7,3,0,1,4,1,33,7,1,LeBron James,Regular Season,2015-16
22015,2544,0021501159,"Apr 05, 2016",CLE @ MIL,W,28,7,9,0.778,1,2,0.5,2,2,1.0,0,5,5,9,0,1,4,0,17,22,1,LeBron James,Regular Season,2015-16
22015,2544,0021501144,"Apr 03, 2016",CLE vs. CHA,W,41,14,22,0.636,0,0,0.0,3,3,1.0,3,5,8,12,2,0,5,4,31,10,1,LeBron James,Regular Season,2015-16
22015,2544,0021501131,"Apr 01, 2016",CLE @ ATL,W,44,12,26,0.462,1,5,0.2,4,5,0.8,3,13,16,9,3,1,3,4,29,6,1,LeBron James,Regular Season,2015-16
22015,2544,0021501122,"Mar 31, 2016",CLE vs. BKN,W,31,8,11,0.727,0,0,0.0,8,10,0.8,0,4,4,11,2,1,6,0,24,28,1,LeBron James,Regular Season,2015-16
22015,2544,0021501086,"Mar 26, 2016",CLE @ NYK,W,36,10,21,0.476,2,3,0.667,5,6,0.833,3,8,11,11,1,2,2,4,27,20,1,LeBron James,Regular Season,2015-16
22015,2544,0021501069,"Mar 24, 2016",CLE @ BKN,L,35,13,16,0.813,1,2,0.5,3,4,0.75,1,5,6,5,1,0,4,2,30,-8,1,LeBron James,Regular Season,2015-16
22015,2544,0021501059,"Mar 23, 2016",CLE vs. MIL,W,37,9,22,0.409,1,4,0.25,7,10,0.7,5,1,6,8,2,1,2,0,26,12,1,LeBron James,Regular Season,2015-16
22015,2544,0021501044,"Mar 21, 2016",CLE vs. DEN,W,33,12,19,0.632,1,2,0.5,8,11,0.727,3,8,11,11,0,0,3,2,33,38,1,LeBron James,Regular Season,2015-16
22015,2544,0021501033,"Mar 19, 2016",CLE @ MIA,L,27,13,20,0.65,0,3,0.0,0,0,0.0,0,3,3,3,1,0,3,1,26,-23,1,LeBron James,Regular Season,2015-16
22015,2544,0021501020,"Mar 18, 2016",CLE @ ORL,W,36,6,15,0.4,0,3,0.0,6,6,1.0,1,6,7,8,1,1,4,3,18,-5,1,LeBron James,Regular Season,2015-16
22015,2544,0021500994,"Mar 14, 2016",CLE @ UTA,L,37,10,20,0.5,2,6,0.333,1,2,0.5,6,6,12,3,1,0,3,0,23,6,1,LeBron James,Regular Season,2015-16
22015,2544,0021500983,"Mar 13, 2016",CLE @ LAC,W,31,9,15,0.6,3,4,0.75,6,7,0.857,1,5,6,5,1,0,2,2,27,16,1,LeBron James,Regular Season,2015-16
22015,2544,0021500962,"Mar 10, 2016",CLE @ LAL,W,35,9,18,0.5,1,4,0.25,5,8,0.625,2,3,5,7,0,2,3,2,24,6,1,LeBron James,Regular Season,2015-16
22015,2544,0021500957,"Mar 09, 2016",CLE @ SAC,W,37,8,19,0.421,1,5,0.2,8,9,0.889,4,7,11,6,0,0,5,1,25,16,1,LeBron James,Regular Season,2015-16
22015,2544,0021500938,"Mar 07, 2016",CLE vs. MEM,L,38,11,19,0.579,2,4,0.5,4,5,0.8,2,7,9,5,1,0,4,2,28,-9,1,LeBron James,Regular Season,2015-16
22015,2544,0021500922,"Mar 05, 2016",CLE vs. BOS,W,36,11,20,0.55,1,4,0.25,5,9,0.556,4,7,11,8,2,1,4,2,28,4,1,LeBron James,Regular Season,2015-16
22015,2544,0021500917,"Mar 04, 2016",CLE vs. WAS,W,30,7,18,0.389,1,4,0.25,4,4,1.0,1,12,13,8,3,0,1,1,19,15,1,LeBron James,Regular Season,2015-16
22015,2544,0021500884,"Feb 29, 2016",CLE vs. IND,W,37,14,22,0.636,2,4,0.5,3,5,0.6,0,5,5,4,2,0,5,2,33,12,1,LeBron James,Regular Season,2015-16
22015,2544,0021500864,"Feb 26, 2016",CLE @ TOR,L,40,9,18,0.5,2,4,0.5,5,9,0.556,1,7,8,7,1,0,6,2,25,10,1,LeBron James,Regular Season,2015-16
22015,2544,0021500845,"Feb 24, 2016",CLE vs. CHA,W,30,8,13,0.615,2,4,0.5,5,8,0.625,1,6,7,7,2,0,2,1,23,4,1,LeBron James,Regular Season,2015-16
22015,2544,0021500833,"Feb 22, 2016",CLE vs. DET,L,37,5,18,0.278,0,4,0.0,2,2,1.0,1,7,8,5,3,0,6,2,12,-4,1,LeBron James,Regular Season,2015-16
22015,2544,0021500824,"Feb 21, 2016",CLE @ OKC,W,37,11,22,0.5,2,5,0.4,1,1,1.0,3,4,7,11,3,0,5,3,25,22,1,LeBron James,Regular Season,2015-16
22015,2544,0021500803,"Feb 18, 2016",CLE vs. CHI,W,35,11,19,0.579,0,2,0.0,3,3,1.0,2,7,9,9,0,1,2,3,25,13,1,LeBron James,Regular Season,2015-16
22015,2544,0021500795,"Feb 10, 2016",CLE vs. LAL,W,37,12,22,0.545,3,6,0.5,2,5,0.4,1,6,7,11,1,0,1,1,29,16,1,LeBron James,Regular Season,2015-16
22015,2544,0021500775,"Feb 08, 2016",CLE vs. SAC,W,31,8,16,0.5,1,2,0.5,4,5,0.8,1,9,10,10,2,1,4,1,21,16,1,LeBron James,Regular Season,2015-16
22015,2544,0021500763,"Feb 06, 2016",CLE vs. NOP,W,37,11,20,0.55,2,5,0.4,3,3,1.0,0,3,3,8,1,0,2,2,27,8,1,LeBron James,Regular Season,2015-16
22015,2544,0021500755,"Feb 05, 2016",CLE vs. BOS,L,38,9,23,0.391,0,5,0.0,12,17,0.706,3,4,7,4,2,1,6,2,30,-7,1,LeBron James,Regular Season,2015-16
22015,2544,0021500735,"Feb 03, 2016",CLE @ CHA,L,39,10,21,0.476,0,3,0.0,3,5,0.6,0,6,6,6,1,2,1,1,23,-9,1,LeBron James,Regular Season,2015-16
22015,2544,0021500721,"Feb 01, 2016",CLE @ IND,W,44,9,22,0.409,0,5,0.0,6,10,0.6,2,10,12,6,2,1,1,2,24,-1,1,LeBron James,Regular Season,2015-16
22015,2544,0021500713,"Jan 30, 2016",CLE vs. SAS,W,34,10,17,0.588,0,2,0.0,9,11,0.818,1,4,5,7,2,2,2,2,29,14,1,LeBron James,Regular Season,2015-16
22015,2544,0021500699,"Jan 29, 2016",CLE @ DET,W,36,7,16,0.438,0,2,0.0,6,7,0.857,1,8,9,8,1,0,1,3,20,19,1,LeBron James,Regular Season,2015-16
22015,2544,0021500684,"Jan 27, 2016",CLE vs. PHX,W,31,7,8,0.875,0,1,0.0,7,7,1.0,0,3,3,9,0,0,2,2,21,16,1,LeBron James,Regular Season,2015-16
22015,2544,0021500667,"Jan 25, 2016",CLE vs. MIN,W,38,11,15,0.733,1,1,1.0,2,3,0.667,0,4,4,9,1,1,5,2,25,1,1,LeBron James,Regular Season,2015-16
22015,2544,0021500659,"Jan 23, 2016",CLE vs. CHI,L,40,11,27,0.407,0,5,0.0,4,7,0.571,3,10,13,9,2,1,1,3,26,-2,1,LeBron James,Regular Season,2015-16
22015,2544,0021500640,"Jan 21, 2016",CLE vs. LAC,W,35,9,17,0.529,1,4,0.25,3,5,0.6,1,4,5,12,0,0,0,4,22,21,1,LeBron James,Regular Season,2015-16
22015,2544,0021500631,"Jan 20, 2016",CLE @ BKN,W,29,7,12,0.583,1,1,1.0,2,4,0.5,0,1,1,5,1,1,4,1,17,15,1,LeBron James,Regular Season,2015-16
22015,2544,0021500622,"Jan 18, 2016",CLE vs. GSW,L,33,7,16,0.438,0,3,0.0,2,2,1.0,1,4,5,5,1,1,3,1,16,-34,1,LeBron James,Regular Season,2015-16
22015,2544,0021500601,"Jan 15, 2016",CLE @ HOU,W,36,7,14,0.5,1,2,0.5,4,6,0.667,2,5,7,7,0,2,4,1,19,10,1,LeBron James,Regular Season,2015-16
22015,2544,0021500590,"Jan 14, 2016",CLE @ SAS,L,37,9,17,0.529,1,3,0.333,3,4,0.75,2,5,7,5,0,0,4,4,22,9,1,LeBron James,Regular Season,2015-16
22015,2544,0021500575,"Jan 12, 2016",CLE @ DAL,W,42,9,17,0.529,3,6,0.5,6,8,0.75,3,7,10,7,2,0,4,2,27,2,1,LeBron James,Regular Season,2015-16
22015,2544,0021500559,"Jan 10, 2016",CLE @ PHI,W,37,15,22,0.682,3,5,0.6,4,6,0.667,0,7,7,9,2,0,2,1,37,11,1,LeBron James,Regular Season,2015-16
22015,2544,0021500543,"Jan 08, 2016",CLE @ MIN,W,32,5,12,0.417,0,4,0.0,3,4,0.75,0,12,12,8,1,2,3,1,13,21,1,LeBron James,Regular Season,2015-16
22015,2544,0021500527,"Jan 06, 2016",CLE @ WAS,W,40,12,22,0.545,4,9,0.444,6,8,0.75,0,10,10,4,1,1,2,3,34,2,1,LeBron James,Regular Season,2015-16
22015,2544,0021500511,"Jan 04, 2016",CLE vs. TOR,W,31,7,11,0.636,1,2,0.5,5,8,0.625,0,2,2,7,3,0,2,1,20,11,1,LeBron James,Regular Season,2015-16
22015,2544,0021500499,"Jan 02, 2016",CLE vs. ORL,W,29,11,18,0.611,4,7,0.571,3,4,0.75,0,5,5,3,2,0,0,2,29,28,1,LeBron James,Regular Season,2015-16
22015,2544,0021500473,"Dec 29, 2015",CLE @ DEN,W,34,13,24,0.542,1,3,0.333,7,8,0.875,3,3,6,2,2,1,5,2,34,3,1,LeBron James,Regular Season,2015-16
22015,2544,0021500466,"Dec 28, 2015",CLE @ PHX,W,35,4,10,0.4,1,5,0.2,5,9,0.556,0,4,4,7,2,1,2,3,14,3,1,LeBron James,Regular Season,2015-16
22015,2544,0021500453,"Dec 26, 2015",CLE @ POR,L,26,4,13,0.308,0,3,0.0,4,5,0.8,0,4,4,5,0,0,3,2,12,-29,1,LeBron James,Regular Season,2015-16
22015,2544,0021500438,"Dec 25, 2015",CLE @ GSW,L,39,10,26,0.385,1,5,0.2,4,9,0.444,2,7,9,2,1,2,4,0,25,-9,1,LeBron James,Regular Season,2015-16
22015,2544,0021500424,"Dec 23, 2015",CLE vs. NYK,W,38,9,22,0.409,0,3,0.0,6,7,0.857,1,8,9,5,0,0,1,2,24,7,1,LeBron James,Regular Season,2015-16
22015,2544,0021500405,"Dec 20, 2015",CLE vs. PHI,W,25,10,17,0.588,0,3,0.0,3,4,0.75,0,5,5,4,3,1,2,0,23,33,1,LeBron James,Regular Season,2015-16
22015,2544,0021500384,"Dec 17, 2015",CLE vs. OKC,W,40,12,27,0.444,2,5,0.4,7,8,0.875,2,7,9,11,2,0,7,2,33,5,1,LeBron James,Regular Season,2015-16
22015,2544,0021500367,"Dec 15, 2015",CLE @ BOS,W,36,10,20,0.5,0,3,0.0,4,4,1.0,1,6,7,3,2,1,6,3,24,17,1,LeBron James,Regular Season,2015-16
22015,2544,0021500334,"Dec 11, 2015",CLE @ ORL,W,29,10,15,0.667,0,1,0.0,5,8,0.625,0,3,3,8,4,0,4,0,25,36,1,LeBron James,Regular Season,2015-16
22015,2544,0021500313,"Dec 08, 2015",CLE vs. POR,W,40,14,24,0.583,1,3,0.333,4,4,1.0,1,9,10,3,2,3,2,3,33,7,1,LeBron James,Regular Season,2015-16
22015,2544,0021500288,"Dec 04, 2015",CLE @ NOP,L,45,13,29,0.448,1,5,0.2,10,11,0.909,2,5,7,8,1,1,5,4,37,-4,1,LeBron James,Regular Season,2015-16
22015,2544,0021500262,"Dec 01, 2015",CLE vs. WAS,L,37,8,20,0.4,0,3,0.0,8,8,1.0,4,9,13,4,1,1,9,3,24,-12,1,LeBron James,Regular Season,2015-16
22015,2544,0021500240,"Nov 28, 2015",CLE vs. BKN,W,36,10,22,0.455,1,6,0.167,5,6,0.833,2,7,9,5,1,0,2,0,26,-1,2,LeBron James,Regular Season,2015-16
22015,2544,0021500227,"Nov 27, 2015",CLE @ CHA,W,38,8,20,0.4,2,5,0.4,7,9,0.778,2,11,13,5,0,0,3,2,25,1,1,LeBron James,Regular Season,2015-16
22015,2544,0021500219,"Nov 25, 2015",CLE @ TOR,L,40,6,16,0.375,1,5,0.2,11,12,0.917,2,4,6,8,0,0,2,1,24,13,1,LeBron James,Regular Season,2015-16
22015,2544,0021500203,"Nov 23, 2015",CLE vs. ORL,W,35,7,14,0.5,0,2,0.0,1,5,0.2,0,6,6,13,1,0,2,0,15,29,1,LeBron James,Regular Season,2015-16
22015,2544,0021500191,"Nov 21, 2015",CLE vs. ATL,W,33,8,15,0.533,1,2,0.5,2,2,1.0,2,9,11,8,0,2,3,1,19,17,1,LeBron James,Regular Season,2015-16
22015,2544,0021500176,"Nov 19, 2015",CLE vs. MIL,W,35,9,13,0.692,1,1,1.0,8,9,0.889,3,6,9,6,0,0,4,3,27,13,1,LeBron James,Regular Season,2015-16
22015,2544,0021500160,"Nov 17, 2015",CLE @ DET,L,40,11,21,0.524,4,7,0.571,4,5,0.8,0,6,6,3,0,0,4,3,30,-6,1,LeBron James,Regular Season,2015-16
22015,2544,0021500141,"Nov 14, 2015",CLE @ MIL,L,45,13,27,0.481,5,11,0.455,6,12,0.5,4,8,12,5,1,3,7,3,37,-2,1,LeBron James,Regular Season,2015-16
22015,2544,0021500130,"Nov 13, 2015",CLE @ NYK,W,39,12,21,0.571,0,2,0.0,7,10,0.7,0,3,3,6,2,1,3,4,31,17,1,LeBron James,Regular Season,2015-16
22015,2544,0021500106,"Nov 10, 2015",CLE vs. UTA,W,38,11,19,0.579,1,3,0.333,8,12,0.667,3,4,7,8,2,0,5,2,31,4,1,LeBron James,Regular Season,2015-16
22015,2544,0021500094,"Nov 08, 2015",CLE vs. IND,W,35,10,23,0.435,0,3,0.0,9,14,0.643,0,6,6,4,0,0,2,0,29,1,1,LeBron James,Regular Season,2015-16
22015,2544,0021500078,"Nov 06, 2015",CLE vs. PHI,W,36,12,22,0.545,3,5,0.6,4,6,0.667,0,4,4,13,2,0,2,1,31,24,1,LeBron James,Regular Season,2015-16
22015,2544,0021500063,"Nov 04, 2015",CLE vs. NYK,W,35,9,23,0.391,1,5,0.2,4,7,0.571,2,3,5,3,4,1,3,1,23,14,1,LeBron James,Regular Season,2015-16
22015,2544,0021500046,"Nov 02, 2015",CLE @ PHI,W,33,9,19,0.474,0,3,0.0,4,4,1.0,0,9,9,11,4,2,3,3,22,21,1,LeBron James,Regular Season,2015-16
22015,2544,0021500021,"Oct 30, 2015",CLE vs. MIA,W,34,13,19,0.684,0,2,0.0,3,5,0.6,2,3,5,4,1,0,4,3,29,7,1,LeBron James,Regular Season,2015-16
22015,2544,0021500011,"Oct 28, 2015",CLE @ MEM,W,31,4,13,0.308,0,3,0.0,4,8,0.5,1,6,7,5,3,0,3,1,12,10,1,LeBron James,Regular Season,2015-16
22015,2544,0021500002,"Oct 27, 2015",CLE @ CHI,L,36,12,22,0.545,1,5,0.2,0,3,0.0,0,10,10,5,1,0,1,3,25,1,1,LeBron James,Regular Season,2015-16
42015,2544,0041500407,"Jun 19, 2016",CLE @ GSW,W,47,9,24,0.375,1,5,0.2,8,10,0.8,1,10,11,11,2,3,5,1,27,4,1,LeBron James,Playoffs,2015-16
42015,2544,0041500406,"Jun 16, 2016",CLE vs. GSW,W,43,16,27,0.593,3,6,0.5,6,8,0.75,2,6,8,11,4,3,1,3,41,26,1,LeBron James,Playoffs,2015-16
42015,2544,0041500405,"Jun 13, 2016",CLE @ GSW,W,43,16,30,0.533,4,8,0.5,5,8,0.625,4,12,16,7,3,3,2,1,41,13,1,LeBron James,Playoffs,2015-16
42015,2544,0041500404,"Jun 10, 2016",CLE vs. GSW,L,46,11,21,0.524,1,5,0.2,2,4,0.5,4,9,13,9,2,3,7,4,25,-12,1,LeBron James,Playoffs,2015-16
42015,2544,0041500403,"Jun 08, 2016",CLE vs. GSW,W,40,14,26,0.538,1,2,0.5,3,5,0.6,2,9,11,6,1,2,5,2,32,24,1,LeBron James,Playoffs,2015-16
42015,2544,0041500402,"Jun 05, 2016",CLE @ GSW,L,34,7,17,0.412,1,5,0.2,4,4,1.0,0,8,8,9,4,1,7,3,19,-20,1,LeBron James,Playoffs,2015-16
42015,2544,0041500401,"Jun 02, 2016",CLE @ GSW,L,41,9,21,0.429,2,4,0.5,3,4,0.75,4,8,12,9,2,1,4,2,23,-9,1,LeBron James,Playoffs,2015-16
42015,2544,0041500306,"May 27, 2016",CLE @ TOR,W,41,13,22,0.591,3,6,0.5,4,7,0.571,2,9,11,6,1,3,3,2,33,22,1,LeBron James,Playoffs,2015-16
42015,2544,0041500305,"May 25, 2016",CLE vs. TOR,W,32,10,17,0.588,2,4,0.5,1,3,0.333,0,6,6,8,2,1,2,2,23,32,1,LeBron James,Playoffs,2015-16
42015,2544,0041500304,"May 23, 2016",CLE @ TOR,L,46,11,16,0.688,1,3,0.333,6,6,1.0,4,5,9,6,2,1,1,3,29,-3,1,LeBron James,Playoffs,2015-16
42015,2544,0041500303,"May 21, 2016",CLE @ TOR,L,39,9,17,0.529,1,5,0.2,5,7,0.714,4,4,8,5,2,0,2,3,24,-12,1,LeBron James,Playoffs,2015-16
42015,2544,0041500302,"May 19, 2016",CLE vs. TOR,W,34,7,13,0.538,0,2,0.0,9,17,0.529,1,10,11,11,3,0,2,2,23,16,1,LeBron James,Playoffs,2015-16
42015,2544,0041500301,"May 17, 2016",CLE vs. TOR,W,28,11,13,0.846,0,1,0.0,2,4,0.5,2,4,6,4,2,1,4,3,24,20,1,LeBron James,Playoffs,2015-16
42015,2544,0041500204,"May 08, 2016",CLE @ ATL,W,38,10,23,0.435,1,5,0.2,0,3,0.0,5,5,10,9,2,1,6,2,21,2,1,LeBron James,Playoffs,2015-16
42015,2544,0041500203,"May 06, 2016",CLE @ ATL,W,39,8,16,0.5,1,4,0.25,7,9,0.778,2,11,13,8,2,0,5,2,24,17,1,LeBron James,Playoffs,2015-16
42015,2544,0041500202,"May 04, 2016",CLE vs. ATL,W,28,9,15,0.6,4,6,0.667,5,9,0.556,0,4,4,5,3,0,2,4,27,24,1,LeBron James,Playoffs,2015-16
42015,2544,0041500201,"May 02, 2016",CLE vs. ATL,W,41,11,21,0.524,2,4,0.5,1,1,1.0,0,7,7,9,5,1,4,3,25,16,1,LeBron James,Playoffs,2015-16
42015,2544,0041500104,"Apr 24, 2016",CLE @ DET,W,41,9,19,0.474,1,6,0.167,3,3,1.0,2,9,11,6,2,0,2,4,22,5,1,LeBron James,Playoffs,2015-16
42015,2544,0041500103,"Apr 22, 2016",CLE @ DET,W,43,8,24,0.333,1,6,0.167,3,5,0.6,1,12,13,7,0,1,5,2,20,17,1,LeBron James,Playoffs,2015-16
42015,2544,0041500102,"Apr 20, 2016",CLE vs. DET,W,40,12,18,0.667,2,4,0.5,1,3,0.333,1,5,6,3,3,0,5,3,27,10,1,LeBron James,Playoffs,2015-16
42015,2544,0041500101,"Apr 17, 2016",CLE vs. DET,W,41,9,17,0.529,0,3,0.0,4,4,1.0,1,5,6,11,2,2,1,3,22,18,1,LeBron James,Playoffs,2015-16
22016,2544,0021601197,"Apr 09, 2017",CLE @ ATL,L,47,11,21,0.524,1,3,0.333,9,10,0.9,3,13,16,10,1,0,3,6,32,2,1,LeBron James,Regular Season,2016-17
22016,2544,0021601179,"Apr 07, 2017",CLE vs. ATL,L,41,12,15,0.8,1,2,0.5,2,6,0.333,1,7,8,7,2,0,5,0,27,-15,1,LeBron James,Regular Season,2016-17
22016,2544,0021601169,"Apr 05, 2017",CLE @ BOS,W,39,14,22,0.636,1,4,0.25,7,7,1.0,2,8,10,6,1,2,3,3,36,32,1,LeBron James,Regular Season,2016-17
22016,2544,0021601156,"Apr 04, 2017",CLE vs. ORL,W,37,7,14,0.5,0,3,0.0,4,6,0.667,1,10,11,11,2,1,6,2,18,17,1,LeBron James,Regular Season,2016-17
22016,2544,0021601150,"Apr 02, 2017",CLE vs. IND,W,52,16,29,0.552,3,10,0.3,6,12,0.5,4,10,14,11,2,1,1,4,41,-1,1,LeBron James,Regular Season,2016-17
22016,2544,0021601128,"Mar 31, 2017",CLE vs. PHI,W,30,14,22,0.636,3,7,0.429,3,6,0.5,2,7,9,6,0,0,2,2,34,31,1,LeBron James,Regular Season,2016-17
22016,2544,0021601122,"Mar 30, 2017",CLE @ CHI,L,39,11,20,0.55,1,7,0.143,3,7,0.429,1,9,10,8,1,1,4,0,26,-3,1,LeBron James,Regular Season,2016-17
22016,2544,0021601099,"Mar 27, 2017",CLE @ SAS,L,30,7,17,0.412,0,3,0.0,3,6,0.5,3,5,8,8,0,0,2,3,17,-13,1,LeBron James,Regular Season,2016-17
22016,2544,0021601083,"Mar 25, 2017",CLE vs. WAS,L,41,10,21,0.476,0,4,0.0,4,6,0.667,3,8,11,8,0,1,3,2,24,-11,1,LeBron James,Regular Season,2016-17
22016,2544,0021601073,"Mar 24, 2017",CLE @ CHA,W,40,9,14,0.643,0,1,0.0,14,16,0.875,0,9,9,11,1,2,4,2,32,1,1,LeBron James,Regular Season,2016-17
22016,2544,0021601064,"Mar 22, 2017",CLE @ DEN,L,34,8,12,0.667,0,2,0.0,2,4,0.5,2,4,6,5,0,0,4,1,18,-30,1,LeBron James,Regular Season,2016-17
22016,2544,0021601043,"Mar 19, 2017",CLE @ LAL,W,38,13,22,0.591,3,8,0.375,5,8,0.625,0,6,6,7,1,0,3,2,34,12,1,LeBron James,Regular Season,2016-17
22016,2544,0021601014,"Mar 16, 2017",CLE vs. UTA,W,38,13,20,0.65,2,5,0.4,5,10,0.5,0,10,10,6,2,1,6,0,33,14,1,LeBron James,Regular Season,2016-17
22016,2544,0021600999,"Mar 14, 2017",CLE vs. DET,W,28,6,12,0.5,0,2,0.0,4,5,0.8,0,11,11,12,0,0,2,0,16,22,1,LeBron James,Regular Season,2016-17
22016,2544,0021600989,"Mar 12, 2017",CLE @ HOU,L,40,12,20,0.6,4,11,0.364,2,3,0.667,0,7,7,5,2,0,8,2,30,-9,1,LeBron James,Regular Season,2016-17
22016,2544,0021600977,"Mar 11, 2017",CLE @ ORL,W,38,8,14,0.571,2,5,0.4,6,10,0.6,0,12,12,12,0,1,4,3,24,12,1,LeBron James,Regular Season,2016-17
22016,2544,0021600960,"Mar 09, 2017",CLE @ DET,L,39,12,22,0.545,0,6,0.0,5,8,0.625,4,10,14,10,1,0,3,1,29,18,1,LeBron James,Regular Season,2016-17
22016,2544,0021600936,"Mar 06, 2017",CLE vs. MIA,L,39,11,22,0.5,2,5,0.4,6,10,0.6,3,14,17,6,1,1,3,2,30,14,1,LeBron James,Regular Season,2016-17
22016,2544,0021600913,"Mar 03, 2017",CLE @ ATL,W,39,14,27,0.519,6,10,0.6,4,8,0.5,1,12,13,8,0,0,2,4,38,5,1,LeBron James,Regular Season,2016-17
22016,2544,0021600901,"Mar 01, 2017",CLE @ BOS,L,40,10,21,0.476,3,6,0.5,5,8,0.625,5,8,13,10,1,1,4,3,28,-3,1,LeBron James,Regular Season,2016-17
22016,2544,0021600884,"Feb 27, 2017",CLE vs. MIL,W,37,8,12,0.667,1,2,0.5,7,9,0.778,0,10,10,6,0,0,3,1,24,8,1,LeBron James,Regular Season,2016-17
22016,2544,0021600853,"Feb 23, 2017",CLE vs. NYK,W,37,7,11,0.636,0,2,0.0,4,6,0.667,0,13,13,15,0,3,6,1,18,10,1,LeBron James,Regular Season,2016-17
22016,2544,0021600835,"Feb 15, 2017",CLE vs. IND,W,33,12,17,0.706,4,5,0.8,3,4,0.75,0,5,5,4,1,0,4,2,31,9,1,LeBron James,Regular Season,2016-17
22016,2544,0021600832,"Feb 14, 2017",CLE @ MIN,W,40,10,14,0.714,2,3,0.667,3,6,0.5,1,7,8,14,0,0,6,3,25,11,1,LeBron James,Regular Season,2016-17
22016,2544,0021600811,"Feb 11, 2017",CLE vs. DEN,W,33,11,16,0.688,1,1,1.0,4,4,1.0,0,5,5,12,2,0,6,1,27,26,1,LeBron James,Regular Season,2016-17
22016,2544,0021600796,"Feb 09, 2017",CLE @ OKC,L,41,8,19,0.421,1,4,0.25,1,3,0.333,1,4,5,7,2,2,3,1,18,-4,1,LeBron James,Regular Season,2016-17
22016,2544,0021600783,"Feb 08, 2017",CLE @ IND,W,38,9,16,0.563,1,2,0.5,6,8,0.75,1,5,6,9,1,1,4,2,25,8,1,LeBron James,Regular Season,2016-17
22016,2544,0021600769,"Feb 06, 2017",CLE @ WAS,W,42,12,18,0.667,6,8,0.75,2,5,0.4,0,7,7,17,2,2,6,6,32,0,1,LeBron James,Regular Season,2016-17
22016,2544,0021600759,"Feb 04, 2017",CLE @ NYK,W,40,12,20,0.6,4,8,0.5,4,5,0.8,0,5,5,10,0,0,5,1,32,11,1,LeBron James,Regular Season,2016-17
22016,2544,0021600731,"Feb 01, 2017",CLE vs. MIN,W,34,11,14,0.786,1,2,0.5,4,7,0.571,0,8,8,12,2,1,2,1,27,16,1,LeBron James,Regular Season,2016-17
22016,2544,0021600722,"Jan 30, 2017",CLE @ DAL,L,37,9,19,0.474,1,6,0.167,4,8,0.5,0,9,9,9,2,0,5,0,23,-8,1,LeBron James,Regular Season,2016-17
22016,2544,0021600712,"Jan 29, 2017",CLE vs. OKC,W,37,9,18,0.5,0,2,0.0,7,10,0.7,1,13,14,8,1,0,2,1,25,10,1,LeBron James,Regular Season,2016-17
22016,2544,0021600695,"Jan 27, 2017",CLE vs. BKN,W,34,13,18,0.722,1,3,0.333,4,7,0.571,0,5,5,11,0,0,5,1,31,22,1,LeBron James,Regular Season,2016-17
22016,2544,0021600680,"Jan 25, 2017",CLE vs. SAC,L,45,8,15,0.533,0,3,0.0,8,11,0.727,4,9,13,11,2,1,5,3,24,-1,1,LeBron James,Regular Season,2016-17
22016,2544,0021600671,"Jan 23, 2017",CLE @ NOP,L,44,11,21,0.524,1,4,0.25,3,4,0.75,2,8,10,12,2,0,6,2,26,-11,1,LeBron James,Regular Season,2016-17
22016,2544,0021600657,"Jan 21, 2017",CLE vs. SAS,L,45,11,16,0.688,2,5,0.4,5,7,0.714,0,6,6,7,2,0,7,5,29,-16,1,LeBron James,Regular Season,2016-17
22016,2544,0021600636,"Jan 19, 2017",CLE vs. PHX,W,39,8,12,0.667,0,2,0.0,5,8,0.625,0,9,9,15,1,2,4,2,21,14,1,LeBron James,Regular Season,2016-17
22016,2544,0021600619,"Jan 16, 2017",CLE @ GSW,L,35,6,18,0.333,1,4,0.25,7,10,0.7,2,6,8,2,1,0,6,1,20,-32,1,LeBron James,Regular Season,2016-17
22016,2544,0021600599,"Jan 13, 2017",CLE @ SAC,W,42,6,12,0.5,1,4,0.25,3,3,1.0,0,2,2,15,1,1,5,2,16,16,1,LeBron James,Regular Season,2016-17
22016,2544,0021600585,"Jan 11, 2017",CLE @ POR,L,31,5,12,0.417,2,5,0.4,8,9,0.889,1,10,11,4,1,1,5,1,20,-7,1,LeBron James,Regular Season,2016-17
22016,2544,0021600576,"Jan 10, 2017",CLE @ UTA,L,37,10,20,0.5,3,6,0.5,6,7,0.857,1,5,6,5,4,0,4,0,29,-8,1,LeBron James,Regular Season,2016-17
22016,2544,0021600565,"Jan 08, 2017",CLE @ PHX,W,40,11,17,0.647,2,4,0.5,4,6,0.667,3,5,8,4,1,0,7,3,28,-2,1,LeBron James,Regular Season,2016-17
22016,2544,0021600547,"Jan 06, 2017",CLE @ BKN,W,35,14,20,0.7,0,1,0.0,8,10,0.8,0,9,9,6,3,0,5,2,36,20,1,LeBron James,Regular Season,2016-17
22016,2544,0021600532,"Jan 04, 2017",CLE vs. CHI,L,37,12,21,0.571,1,2,0.5,6,9,0.667,2,6,8,7,1,0,5,2,31,-13,1,LeBron James,Regular Season,2016-17
22016,2544,0021600514,"Jan 02, 2017",CLE vs. NOP,W,39,9,21,0.429,0,4,0.0,8,10,0.8,2,5,7,6,2,1,4,1,26,-4,1,LeBron James,Regular Season,2016-17
22016,2544,0021600505,"Dec 31, 2016",CLE @ CHA,W,36,12,25,0.48,4,8,0.5,4,6,0.667,2,4,6,9,1,0,1,1,32,17,1,LeBron James,Regular Season,2016-17
22016,2544,0021600488,"Dec 29, 2016",CLE vs. BOS,W,44,9,18,0.5,2,6,0.333,3,7,0.429,2,6,8,11,1,3,8,2,23,1,1,LeBron James,Regular Season,2016-17
22016,2544,0021600457,"Dec 25, 2016",CLE vs. GSW,W,40,12,22,0.545,4,8,0.5,3,7,0.429,5,8,13,4,2,1,5,2,31,4,1,LeBron James,Regular Season,2016-17
22016,2544,0021600444,"Dec 23, 2016",CLE vs. BKN,W,27,7,16,0.438,0,3,0.0,5,6,0.833,1,3,4,6,3,0,1,0,19,32,1,LeBron James,Regular Season,2016-17
22016,2544,0021600429,"Dec 21, 2016",CLE vs. MIL,W,34,12,24,0.5,4,7,0.571,1,1,1.0,1,8,9,6,0,0,2,0,29,26,1,LeBron James,Regular Season,2016-17
22016,2544,0021600423,"Dec 20, 2016",CLE @ MIL,W,47,12,25,0.48,5,9,0.556,5,6,0.833,3,9,12,7,1,1,2,2,34,8,1,LeBron James,Regular Season,2016-17
22016,2544,0021600402,"Dec 17, 2016",CLE vs. LAL,W,39,9,18,0.5,2,5,0.4,6,11,0.545,1,6,7,9,2,2,2,1,26,17,1,LeBron James,Regular Season,2016-17
22016,2544,0021600368,"Dec 13, 2016",CLE vs. MEM,W,36,9,17,0.529,0,4,0.0,5,8,0.625,1,5,6,8,3,0,6,1,23,8,1,LeBron James,Regular Season,2016-17
22016,2544,0021600349,"Dec 10, 2016",CLE vs. CHA,W,42,17,24,0.708,5,10,0.5,5,9,0.556,1,8,9,10,3,1,5,3,44,-1,1,LeBron James,Regular Season,2016-17
22016,2544,0021600338,"Dec 09, 2016",CLE vs. MIA,W,37,12,22,0.545,1,3,0.333,2,4,0.5,2,6,8,8,3,0,3,2,27,22,1,LeBron James,Regular Season,2016-17
22016,2544,0021600327,"Dec 07, 2016",CLE @ NYK,W,32,7,10,0.7,1,2,0.5,10,14,0.714,2,4,6,7,1,2,4,2,25,32,1,LeBron James,Regular Season,2016-17
22016,2544,0021600305,"Dec 05, 2016",CLE @ TOR,W,42,12,26,0.462,2,7,0.286,8,9,0.889,3,5,8,7,2,0,1,2,34,9,1,LeBron James,Regular Season,2016-17
22016,2544,0021600286,"Dec 02, 2016",CLE @ CHI,L,45,13,22,0.591,1,3,0.333,0,0,0.0,0,5,5,13,0,0,8,2,27,-2,1,LeBron James,Regular Season,2016-17
22016,2544,0021600279,"Dec 01, 2016",CLE vs. LAC,L,34,5,14,0.357,0,2,0.0,6,11,0.545,1,4,5,5,2,0,5,2,16,-20,1,LeBron James,Regular Season,2016-17
22016,2544,0021600262,"Nov 29, 2016",CLE @ MIL,L,33,8,16,0.5,3,8,0.375,3,7,0.429,0,4,4,4,0,0,7,3,22,-12,1,LeBron James,Regular Season,2016-17
22016,2544,0021600245,"Nov 27, 2016",CLE @ PHI,W,42,9,19,0.474,1,4,0.25,7,9,0.778,2,8,10,13,1,0,5,0,26,2,1,LeBron James,Regular Season,2016-17
22016,2544,0021600227,"Nov 25, 2016",CLE vs. DAL,W,29,6,13,0.462,2,5,0.4,5,5,1.0,0,5,5,11,1,0,4,1,19,33,1,LeBron James,Regular Season,2016-17
22016,2544,0021600215,"Nov 23, 2016",CLE vs. POR,W,38,11,21,0.524,2,3,0.667,7,8,0.875,1,9,10,13,3,0,3,0,31,17,1,LeBron James,Regular Season,2016-17
22016,2544,0021600175,"Nov 18, 2016",CLE vs. DET,W,28,9,14,0.643,1,3,0.333,2,3,0.667,0,3,3,3,0,1,2,1,21,21,1,LeBron James,Regular Season,2016-17
22016,2544,0021600153,"Nov 15, 2016",CLE vs. TOR,W,38,10,15,0.667,2,5,0.4,6,10,0.6,0,9,9,15,1,0,5,2,28,1,1,LeBron James,Regular Season,2016-17
22016,2544,0021600140,"Nov 13, 2016",CLE vs. CHA,W,39,8,21,0.381,2,5,0.4,1,2,0.5,0,8,8,8,1,1,3,0,19,12,1,LeBron James,Regular Season,2016-17
22016,2544,0021600122,"Nov 11, 2016",CLE @ WAS,W,38,9,18,0.5,3,4,0.75,6,9,0.667,0,10,10,5,2,2,6,1,27,7,1,LeBron James,Regular Season,2016-17
22016,2544,0021600100,"Nov 08, 2016",CLE vs. ATL,L,37,8,17,0.471,2,5,0.4,5,5,1.0,2,7,9,5,3,0,1,3,23,7,1,LeBron James,Regular Season,2016-17
22016,2544,0021600080,"Nov 05, 2016",CLE @ PHI,W,36,9,23,0.391,1,5,0.2,6,7,0.857,1,7,8,14,2,1,5,1,25,11,1,LeBron James,Regular Season,2016-17
22016,2544,0021600068,"Nov 03, 2016",CLE vs. BOS,W,36,12,22,0.545,1,4,0.25,5,5,1.0,1,6,7,12,1,0,2,2,30,18,1,LeBron James,Regular Season,2016-17
22016,2544,0021600047,"Nov 01, 2016",CLE vs. HOU,W,36,6,12,0.5,1,3,0.333,6,10,0.6,3,10,13,8,0,0,4,4,19,15,1,LeBron James,Regular Season,2016-17
22016,2544,0021600029,"Oct 29, 2016",CLE vs. ORL,W,39,7,16,0.438,2,6,0.333,7,11,0.636,1,5,6,9,1,1,2,2,23,1,1,LeBron James,Regular Season,2016-17
22016,2544,0021600018,"Oct 28, 2016",CLE @ TOR,W,39,7,16,0.438,2,6,0.333,5,7,0.714,2,6,8,7,0,0,5,2,21,0,1,LeBron James,Regular Season,2016-17
22016,2544,0021600001,"Oct 25, 2016",CLE vs. NYK,W,32,9,14,0.643,0,3,0.0,1,2,0.5,3,8,11,14,0,1,4,3,19,26,1,LeBron James,Regular Season,2016-17
42016,2544,0041600405,"Jun 12, 2017",CLE @ GSW,L,46,19,30,0.633,2,5,0.4,1,4,0.25,2,11,13,8,2,1,2,3,41,-13,1,LeBron James,Playoffs,2016-17
42016,2544,0041600404,"Jun 09, 2017",CLE vs. GSW,W,41,11,22,0.5,3,8,0.375,6,10,0.6,1,9,10,11,1,0,2,2,31,30,1,LeBron James,Playoffs,2016-17
42016,2544,0041600403,"Jun 07, 2017",CLE vs. GSW,L,46,15,27,0.556,4,9,0.444,5,6,0.833,3,8,11,9,1,1,5,2,39,7,1,LeBron James,Playoffs,2016-17
42016,2544,0041600402,"Jun 04, 2017",CLE @ GSW,L,39,12,18,0.667,1,3,0.333,4,5,0.8,0,11,11,14,3,1,4,2,29,-11,1,LeBron James,Playoffs,2016-17
42016,2544,0041600401,"Jun 01, 2017",CLE @ GSW,L,40,9,20,0.45,2,6,0.333,8,12,0.667,3,12,15,8,0,2,8,4,28,-22,1,LeBron James,Playoffs,2016-17
42016,2544,0041600305,"May 25, 2017",CLE @ BOS,W,35,13,18,0.722,4,7,0.571,5,8,0.625,1,7,8,8,3,1,2,4,35,36,1,LeBron James,Playoffs,2016-17
42016,2544,0041600304,"May 23, 2017",CLE vs. BOS,W,38,15,27,0.556,1,6,0.167,3,4,0.75,0,5,5,6,1,1,5,4,34,7,1,LeBron James,Playoffs,2016-17
42016,2544,0041600303,"May 21, 2017",CLE vs. BOS,L,45,4,13,0.308,0,4,0.0,3,6,0.5,1,5,6,6,1,1,6,2,11,1,1,LeBron James,Playoffs,2016-17
42016,2544,0041600302,"May 19, 2017",CLE @ BOS,W,33,12,18,0.667,4,6,0.667,2,4,0.5,0,4,4,7,4,3,1,1,30,46,1,LeBron James,Playoffs,2016-17
42016,2544,0041600301,"May 17, 2017",CLE @ BOS,W,42,14,24,0.583,1,6,0.167,9,11,0.818,2,7,9,7,2,0,2,2,38,17,1,LeBron James,Playoffs,2016-17
42016,2544,0041600214,"May 07, 2017",CLE @ TOR,W,46,11,22,0.5,5,12,0.417,8,9,0.889,1,8,9,6,0,1,6,1,35,7,1,LeBron James,Playoffs,2016-17
42016,2544,0041600213,"May 05, 2017",CLE @ TOR,W,41,9,16,0.563,2,4,0.5,15,16,0.938,0,8,8,7,1,0,5,1,35,20,1,LeBron James,Playoffs,2016-17
42016,2544,0041600212,"May 03, 2017",CLE vs. TOR,W,37,10,14,0.714,4,6,0.667,15,21,0.714,1,5,6,4,3,2,3,3,39,24,1,LeBron James,Playoffs,2016-17
42016,2544,0041600211,"May 01, 2017",CLE vs. TOR,W,41,13,23,0.565,2,5,0.4,7,8,0.875,2,8,10,4,1,1,3,2,35,16,1,LeBron James,Playoffs,2016-17
42016,2544,0041600114,"Apr 23, 2017",CLE @ IND,W,45,13,25,0.52,1,3,0.333,6,9,0.667,0,10,10,4,4,2,4,1,33,4,1,LeBron James,Playoffs,2016-17
42016,2544,0041600113,"Apr 20, 2017",CLE @ IND,W,45,14,27,0.519,6,12,0.5,7,14,0.5,1,12,13,12,1,2,3,4,41,13,1,LeBron James,Playoffs,2016-17
42016,2544,0041600112,"Apr 17, 2017",CLE vs. IND,W,42,11,20,0.55,0,2,0.0,3,6,0.5,0,10,10,7,4,4,8,2,25,6,1,LeBron James,Playoffs,2016-17
42016,2544,0041600111,"Apr 15, 2017",CLE vs. IND,W,43,12,20,0.6,2,3,0.667,6,9,0.667,1,5,6,13,3,0,3,3,32,5,1,LeBron James,Playoffs,2016-17
22017,2544,0021701220,"Apr 11, 2018",CLE vs. NYK,L,11,4,9,0.444,0,2,0.0,2,3,0.667,1,4,5,2,1,0,3,0,10,5,1,LeBron James,Regular Season,2017-18
22017,2544,0021701207,"Apr 09, 2018",CLE @ NYK,W,39,7,16,0.438,3,6,0.5,9,10,0.9,0,6,6,11,1,0,4,2,26,16,1,LeBron James,Regular Season,2017-18
22017,2544,0021701183,"Apr 06, 2018",CLE @ PHI,L,40,17,29,0.586,4,8,0.5,6,11,0.545,1,10,11,11,2,1,8,0,44,7,1,LeBron James,Regular Season,2017-18
22017,2544,0021701176,"Apr 05, 2018",CLE vs. WAS,W,39,12,20,0.6,2,7,0.286,7,10,0.7,2,7,9,14,0,0,6,2,33,13,1,LeBron James,Regular Season,2017-18
22017,2544,0021701156,"Apr 03, 2018",CLE vs. TOR,W,37,8,14,0.571,3,6,0.5,8,11,0.727,0,10,10,6,0,0,5,2,27,12,1,LeBron James,Regular Season,2017-18
22017,2544,0021701149,"Apr 01, 2018",CLE vs. DAL,W,39,5,21,0.238,2,3,0.667,4,4,1.0,3,10,13,12,0,0,2,1,16,7,1,LeBron James,Regular Season,2017-18
22017,2544,0021701131,"Mar 30, 2018",CLE vs. NOP,W,42,12,24,0.5,0,4,0.0,3,3,1.0,1,8,9,11,1,0,1,0,27,16,1,LeBron James,Regular Season,2017-18
22017,2544,0021701116,"Mar 28, 2018",CLE @ CHA,W,37,14,26,0.538,4,8,0.5,9,11,0.818,2,8,10,8,1,0,4,1,41,21,1,LeBron James,Regular Season,2017-18
22017,2544,0021701110,"Mar 27, 2018",CLE @ MIA,L,38,7,18,0.389,0,4,0.0,4,5,0.8,1,5,6,7,0,0,6,1,18,-19,1,LeBron James,Regular Season,2017-18
22017,2544,0021701094,"Mar 25, 2018",CLE @ BKN,W,38,14,19,0.737,1,4,0.25,8,10,0.8,2,8,10,8,1,0,2,3,37,11,1,LeBron James,Regular Season,2017-18
22017,2544,0021701080,"Mar 23, 2018",CLE vs. PHX,W,29,11,16,0.688,1,4,0.25,4,6,0.667,0,6,6,9,1,1,4,3,27,11,1,LeBron James,Regular Season,2017-18
22017,2544,0021701065,"Mar 21, 2018",CLE vs. TOR,W,39,11,19,0.579,1,3,0.333,12,14,0.857,1,6,7,17,1,0,0,2,35,12,1,LeBron James,Regular Season,2017-18
22017,2544,0021701050,"Mar 19, 2018",CLE vs. MIL,W,40,16,29,0.552,3,7,0.429,5,8,0.625,5,7,12,10,2,1,6,2,40,4,1,LeBron James,Regular Season,2017-18
22017,2544,0021701039,"Mar 17, 2018",CLE @ CHI,W,40,15,26,0.577,2,8,0.25,1,4,0.25,1,12,13,12,1,2,6,3,33,-4,1,LeBron James,Regular Season,2017-18
22017,2544,0021701028,"Mar 15, 2018",CLE @ POR,L,41,15,25,0.6,1,4,0.25,4,9,0.444,0,14,14,6,2,3,6,4,35,-3,1,LeBron James,Regular Season,2017-18
22017,2544,0021701014,"Mar 13, 2018",CLE @ PHX,W,33,7,14,0.5,1,2,0.5,13,15,0.867,0,12,12,11,3,2,5,2,28,23,1,LeBron James,Regular Season,2017-18
22017,2544,0021701000,"Mar 11, 2018",CLE @ LAL,L,31,9,20,0.45,2,8,0.25,4,5,0.8,2,8,10,7,1,1,2,0,24,-13,1,LeBron James,Regular Season,2017-18
22017,2544,0021700986,"Mar 09, 2018",CLE @ LAC,L,39,11,20,0.55,3,7,0.429,0,2,0.0,0,10,10,6,2,3,5,2,25,-16,1,LeBron James,Regular Season,2017-18
22017,2544,0021700970,"Mar 07, 2018",CLE @ DEN,W,39,15,25,0.6,5,8,0.625,4,8,0.5,1,7,8,10,1,0,3,2,39,8,1,LeBron James,Regular Season,2017-18
22017,2544,0021700950,"Mar 05, 2018",CLE vs. DET,W,29,11,17,0.647,5,7,0.714,4,6,0.667,2,5,7,7,1,0,3,2,31,14,1,LeBron James,Regular Season,2017-18
22017,2544,0021700937,"Mar 03, 2018",CLE vs. DEN,L,42,8,19,0.421,1,4,0.25,8,11,0.727,1,9,10,15,2,0,3,2,25,-6,1,LeBron James,Regular Season,2017-18
22017,2544,0021700923,"Mar 01, 2018",CLE vs. PHI,L,39,12,24,0.5,2,6,0.333,4,6,0.667,1,8,9,8,1,0,3,2,30,-8,1,LeBron James,Regular Season,2017-18
22017,2544,0021700908,"Feb 27, 2018",CLE vs. BKN,W,39,13,25,0.52,2,4,0.5,3,3,1.0,4,8,12,11,1,0,1,1,31,2,1,LeBron James,Regular Season,2017-18
22017,2544,0021700894,"Feb 25, 2018",CLE vs. SAS,L,40,14,25,0.56,2,5,0.4,3,4,0.75,2,11,13,9,1,0,6,3,33,-8,1,LeBron James,Regular Season,2017-18
22017,2544,0021700878,"Feb 23, 2018",CLE @ MEM,W,37,7,16,0.438,0,2,0.0,4,4,1.0,0,14,14,11,1,0,3,0,18,18,1,LeBron James,Regular Season,2017-18
22017,2544,0021700869,"Feb 22, 2018",CLE vs. WAS,L,37,13,18,0.722,1,4,0.25,5,9,0.556,1,8,9,8,2,0,4,2,32,-10,1,LeBron James,Regular Season,2017-18
22017,2544,0021700850,"Feb 13, 2018",CLE @ OKC,W,40,14,23,0.609,3,7,0.429,6,10,0.6,0,8,8,8,0,1,5,1,37,-1,1,LeBron James,Regular Season,2017-18
22017,2544,0021700835,"Feb 11, 2018",CLE @ BOS,W,28,9,20,0.45,2,5,0.4,4,7,0.571,0,8,8,10,1,1,2,1,24,23,1,LeBron James,Regular Season,2017-18
22017,2544,0021700819,"Feb 09, 2018",CLE @ ATL,W,41,8,20,0.4,0,3,0.0,6,7,0.857,2,10,12,19,0,0,3,2,22,12,1,LeBron James,Regular Season,2017-18
22017,2544,0021700807,"Feb 07, 2018",CLE vs. MIN,W,48,16,22,0.727,5,7,0.714,0,2,0.0,1,9,10,15,1,1,5,3,37,-1,1,LeBron James,Regular Season,2017-18
22017,2544,0021700797,"Feb 06, 2018",CLE @ ORL,L,33,10,17,0.588,2,4,0.5,3,4,0.75,1,9,10,5,1,0,6,4,25,-14,1,LeBron James,Regular Season,2017-18
22017,2544,0021700779,"Feb 03, 2018",CLE vs. HOU,L,31,3,10,0.3,1,2,0.5,4,4,1.0,1,8,9,9,2,1,2,0,11,-17,1,LeBron James,Regular Season,2017-18
22017,2544,0021700757,"Jan 31, 2018",CLE vs. MIA,W,38,8,21,0.381,1,6,0.167,7,11,0.636,2,9,11,5,1,0,7,1,24,3,1,LeBron James,Regular Season,2017-18
22017,2544,0021700747,"Jan 30, 2018",CLE @ DET,L,38,9,20,0.45,2,7,0.286,1,2,0.5,0,6,6,7,0,1,4,2,21,-13,1,LeBron James,Regular Season,2017-18
22017,2544,0021700734,"Jan 28, 2018",CLE vs. DET,W,38,8,15,0.533,1,4,0.25,8,9,0.889,1,7,8,14,1,0,3,0,25,18,1,LeBron James,Regular Season,2017-18
22017,2544,0021700715,"Jan 26, 2018",CLE vs. IND,W,40,11,17,0.647,0,2,0.0,4,5,0.8,0,10,10,11,4,1,11,0,26,12,1,LeBron James,Regular Season,2017-18
22017,2544,0021700698,"Jan 23, 2018",CLE @ SAS,L,38,10,23,0.435,2,6,0.333,6,10,0.6,2,7,9,7,0,1,5,0,28,-10,1,LeBron James,Regular Season,2017-18
22017,2544,0021700674,"Jan 20, 2018",CLE vs. OKC,L,38,8,17,0.471,0,4,0.0,2,4,0.5,0,3,3,7,0,1,2,2,18,-33,1,LeBron James,Regular Season,2017-18
22017,2544,0021700664,"Jan 18, 2018",CLE vs. ORL,W,35,7,16,0.438,0,4,0.0,2,8,0.25,1,4,5,6,1,0,6,1,16,-4,1,LeBron James,Regular Season,2017-18
22017,2544,0021700646,"Jan 15, 2018",CLE vs. GSW,L,36,12,18,0.667,0,2,0.0,8,13,0.615,2,6,8,6,3,4,8,3,32,-14,1,LeBron James,Regular Season,2017-18
22017,2544,0021700619,"Jan 12, 2018",CLE @ IND,L,40,11,25,0.44,2,9,0.222,3,4,0.75,2,6,8,11,3,1,5,2,27,-6,1,LeBron James,Regular Season,2017-18
22017,2544,0021700615,"Jan 11, 2018",CLE @ TOR,L,32,9,16,0.563,0,1,0.0,8,10,0.8,0,3,3,1,1,2,2,1,26,-22,1,LeBron James,Regular Season,2017-18
22017,2544,0021700594,"Jan 08, 2018",CLE @ MIN,L,27,4,8,0.5,1,3,0.333,1,3,0.333,1,7,8,5,0,2,3,2,10,-39,1,LeBron James,Regular Season,2017-18
22017,2544,0021700582,"Jan 06, 2018",CLE @ ORL,W,37,12,23,0.522,4,7,0.571,5,7,0.714,3,7,10,9,6,1,3,1,33,15,1,LeBron James,Regular Season,2017-18
22017,2544,0021700559,"Jan 03, 2018",CLE @ BOS,L,33,8,15,0.533,0,2,0.0,3,3,1.0,0,7,7,6,1,1,4,1,19,-6,1,LeBron James,Regular Season,2017-18
22017,2544,0021700549,"Jan 02, 2018",CLE vs. POR,W,34,10,17,0.588,0,2,0.0,4,4,1.0,1,5,6,8,4,1,3,2,24,0,1,LeBron James,Regular Season,2017-18
22017,2544,0021700534,"Dec 30, 2017",CLE @ UTA,L,37,12,22,0.545,1,7,0.143,4,5,0.8,1,7,8,6,2,1,6,1,29,-5,1,LeBron James,Regular Season,2017-18
22017,2544,0021700513,"Dec 27, 2017",CLE @ SAC,L,38,6,17,0.353,0,2,0.0,4,5,0.8,2,8,10,14,5,0,4,2,16,-11,1,LeBron James,Regular Season,2017-18
22017,2544,0021700494,"Dec 25, 2017",CLE @ GSW,L,40,7,18,0.389,2,7,0.286,4,7,0.571,1,5,6,6,0,0,7,2,20,-1,1,LeBron James,Regular Season,2017-18
22017,2544,0021700466,"Dec 21, 2017",CLE vs. CHI,W,39,12,23,0.522,2,5,0.4,8,8,1.0,1,5,6,9,3,0,4,1,34,5,1,LeBron James,Regular Season,2017-18
22017,2544,0021700453,"Dec 19, 2017",CLE @ MIL,L,34,14,22,0.636,6,11,0.545,5,5,1.0,0,1,1,7,3,2,7,1,39,-7,1,LeBron James,Regular Season,2017-18
22017,2544,0021700440,"Dec 17, 2017",CLE @ WAS,W,41,8,23,0.348,2,7,0.286,2,3,0.667,2,9,11,15,0,1,6,4,20,4,1,LeBron James,Regular Season,2017-18
22017,2544,0021700430,"Dec 16, 2017",CLE vs. UTA,W,37,9,15,0.6,1,4,0.25,10,10,1.0,0,11,11,10,1,0,5,2,29,0,1,LeBron James,Regular Season,2017-18
22017,2544,0021700415,"Dec 14, 2017",CLE vs. LAL,W,39,8,18,0.444,1,6,0.167,8,12,0.667,1,11,12,12,2,2,5,0,25,14,1,LeBron James,Regular Season,2017-18
22017,2544,0021700397,"Dec 12, 2017",CLE vs. ATL,W,35,11,13,0.846,2,3,0.667,1,2,0.5,0,7,7,17,2,0,2,4,25,19,1,LeBron James,Regular Season,2017-18
22017,2544,0021700379,"Dec 09, 2017",CLE vs. PHI,W,39,9,23,0.391,2,6,0.333,10,12,0.833,3,10,13,13,3,0,6,1,30,-3,1,LeBron James,Regular Season,2017-18
22017,2544,0021700369,"Dec 08, 2017",CLE @ IND,L,39,12,22,0.545,1,5,0.2,4,5,0.8,2,8,10,8,1,2,3,1,29,3,1,LeBron James,Regular Season,2017-18
22017,2544,0021700353,"Dec 06, 2017",CLE vs. SAC,W,41,12,18,0.667,5,8,0.625,3,6,0.5,2,9,11,9,3,2,7,0,32,2,1,LeBron James,Regular Season,2017-18
22017,2544,0021700344,"Dec 04, 2017",CLE @ CHI,W,34,9,15,0.6,2,4,0.5,3,4,0.75,0,7,7,6,2,0,2,1,23,27,1,LeBron James,Regular Season,2017-18
22017,2544,0021700329,"Dec 02, 2017",CLE vs. MEM,W,39,13,22,0.591,0,3,0.0,8,8,1.0,0,2,2,12,0,1,5,1,34,-5,1,LeBron James,Regular Season,2017-18
22017,2544,0021700313,"Nov 30, 2017",CLE @ ATL,W,38,8,11,0.727,3,6,0.5,5,7,0.714,1,5,6,12,2,2,3,3,24,10,1,LeBron James,Regular Season,2017-18
22017,2544,0021700298,"Nov 28, 2017",CLE vs. MIA,W,28,10,16,0.625,1,3,0.333,0,1,0.0,2,10,12,6,5,1,2,1,21,26,1,LeBron James,Regular Season,2017-18
22017,2544,0021700291,"Nov 27, 2017",CLE @ PHI,W,31,12,23,0.522,3,7,0.429,3,4,0.75,3,11,14,6,0,0,3,0,30,1,1,LeBron James,Regular Season,2017-18
22017,2544,0021700270,"Nov 24, 2017",CLE vs. CHA,W,40,10,20,0.5,3,8,0.375,4,7,0.571,1,15,16,13,0,3,3,2,27,-2,1,LeBron James,Regular Season,2017-18
22017,2544,0021700254,"Nov 22, 2017",CLE vs. BKN,W,33,11,17,0.647,4,7,0.571,7,9,0.778,1,5,6,5,2,0,3,2,33,20,1,LeBron James,Regular Season,2017-18
22017,2544,0021700242,"Nov 20, 2017",CLE @ DET,W,27,7,14,0.5,3,5,0.6,1,1,1.0,0,2,2,8,1,1,0,2,18,21,1,LeBron James,Regular Season,2017-18
22017,2544,0021700220,"Nov 17, 2017",CLE vs. LAC,W,46,17,26,0.654,4,9,0.444,1,5,0.2,1,13,14,6,0,0,6,0,39,1,1,LeBron James,Regular Season,2017-18
22017,2544,0021700207,"Nov 15, 2017",CLE @ CHA,W,37,12,24,0.5,4,7,0.571,3,3,1.0,2,4,6,8,2,1,3,4,31,1,1,LeBron James,Regular Season,2017-18
22017,2544,0021700193,"Nov 13, 2017",CLE @ NYK,W,36,7,14,0.5,2,4,0.5,7,10,0.7,3,6,9,12,0,3,5,1,23,3,2,LeBron James,Regular Season,2017-18
22017,2544,0021700181,"Nov 11, 2017",CLE @ DAL,W,42,6,14,0.429,1,3,0.333,6,8,0.75,1,10,11,4,0,1,6,3,19,5,1,LeBron James,Regular Season,2017-18
22017,2544,0021700166,"Nov 09, 2017",CLE @ HOU,L,40,15,24,0.625,1,4,0.25,2,3,0.667,0,4,4,7,1,1,8,4,33,5,1,LeBron James,Regular Season,2017-18
22017,2544,0021700149,"Nov 07, 2017",CLE vs. MIL,W,37,10,20,0.5,2,4,0.5,8,10,0.8,1,7,8,9,3,0,1,1,30,6,1,LeBron James,Regular Season,2017-18
22017,2544,0021700136,"Nov 05, 2017",CLE vs. ATL,L,41,10,17,0.588,0,3,0.0,6,6,1.0,2,3,5,13,1,2,6,4,26,-4,1,LeBron James,Regular Season,2017-18
22017,2544,0021700122,"Nov 03, 2017",CLE @ WAS,W,43,23,34,0.676,2,4,0.5,9,9,1.0,5,6,11,7,3,2,3,2,57,6,1,LeBron James,Regular Season,2017-18
22017,2544,0021700106,"Nov 01, 2017",CLE vs. IND,L,37,14,22,0.636,1,5,0.2,4,5,0.8,1,5,6,11,2,1,8,1,33,-12,2,LeBron James,Regular Season,2017-18
22017,2544,0021700090,"Oct 29, 2017",CLE vs. NYK,L,39,7,15,0.467,1,4,0.25,1,1,1.0,1,9,10,7,2,0,4,2,16,-17,1,LeBron James,Regular Season,2017-18
22017,2544,0021700077,"Oct 28, 2017",CLE @ NOP,L,31,6,11,0.545,1,3,0.333,5,6,0.833,0,3,3,8,0,0,4,3,18,-10,1,LeBron James,Regular Season,2017-18
22017,2544,0021700058,"Oct 25, 2017",CLE @ BKN,L,41,12,20,0.6,1,2,0.5,4,8,0.5,1,9,10,13,0,4,8,1,29,-2,1,LeBron James,Regular Season,2017-18
22017,2544,0021700049,"Oct 24, 2017",CLE vs. CHI,W,37,13,20,0.65,4,6,0.667,4,5,0.8,0,2,2,13,3,0,2,1,34,7,2,LeBron James,Regular Season,2017-18
22017,2544,0021700028,"Oct 21, 2017",CLE vs. ORL,L,31,8,15,0.533,1,3,0.333,5,6,0.833,0,4,4,2,1,1,1,0,22,-31,1,LeBron James,Regular Season,2017-18
22017,2544,0021700021,"Oct 20, 2017",CLE @ MIL,W,37,10,16,0.625,2,4,0.5,2,2,1.0,1,4,5,8,1,1,5,2,24,13,1,LeBron James,Regular Season,2017-18
22017,2544,0021700001,"Oct 17, 2017",CLE vs. BOS,W,41,12,19,0.632,1,5,0.2,4,4,1.0,1,15,16,9,0,2,4,3,29,3,1,LeBron James,Regular Season,2017-18
42017,2544,0041700404,"Jun 08, 2018",CLE vs. GSW,L,41,7,13,0.538,0,1,0.0,9,11,0.818,1,6,7,8,0,1,6,5,23,-21,1,LeBron James,Playoffs,2017-18
42017,2544,0041700403,"Jun 06, 2018",CLE vs. GSW,L,47,13,28,0.464,1,6,0.167,6,7,0.857,3,7,10,11,2,2,4,2,33,-8,1,LeBron James,Playoffs,2017-18
42017,2544,0041700402,"Jun 03, 2018",CLE @ GSW,L,44,10,20,0.5,2,4,0.5,7,9,0.778,1,8,9,13,2,0,5,2,29,-18,1,LeBron James,Playoffs,2017-18
42017,2544,0041700401,"May 31, 2018",CLE @ GSW,L,48,19,32,0.594,3,7,0.429,10,11,0.909,4,4,8,8,1,1,5,2,51,-13,1,LeBron James,Playoffs,2017-18
42017,2544,0041700307,"May 27, 2018",CLE @ BOS,W,48,12,24,0.5,3,8,0.375,8,11,0.727,0,15,15,9,0,2,8,4,35,8,1,LeBron James,Playoffs,2017-18
42017,2544,0041700306,"May 25, 2018",CLE vs. BOS,W,46,17,33,0.515,5,7,0.714,7,11,0.636,3,8,11,9,3,1,3,2,46,15,1,LeBron James,Playoffs,2017-18
42017,2544,0041700305,"May 23, 2018",CLE @ BOS,L,39,11,22,0.5,1,6,0.167,3,4,0.75,0,10,10,5,1,0,6,2,26,-11,1,LeBron James,Playoffs,2017-18
42017,2544,0041700304,"May 21, 2018",CLE vs. BOS,W,42,17,28,0.607,1,4,0.25,9,13,0.692,1,4,5,3,2,0,7,3,44,9,1,LeBron James,Playoffs,2017-18
42017,2544,0041700303,"May 19, 2018",CLE vs. BOS,W,38,8,12,0.667,3,3,1.0,8,10,0.8,1,4,5,12,2,2,3,3,27,31,1,LeBron James,Playoffs,2017-18
42017,2544,0041700302,"May 15, 2018",CLE @ BOS,L,39,16,29,0.552,5,11,0.455,5,10,0.5,1,9,10,12,0,1,6,3,42,-9,1,LeBron James,Playoffs,2017-18
42017,2544,0041700301,"May 13, 2018",CLE @ BOS,L,36,5,16,0.313,0,5,0.0,5,6,0.833,0,7,7,9,0,2,7,1,15,-32,1,LeBron James,Playoffs,2017-18
42017,2544,0041700204,"May 07, 2018",CLE vs. TOR,W,38,12,19,0.632,0,3,0.0,5,8,0.625,0,8,8,11,2,1,2,2,29,28,1,LeBron James,Playoffs,2017-18
42017,2544,0041700203,"May 05, 2018",CLE vs. TOR,W,41,14,26,0.538,1,4,0.25,9,11,0.818,1,5,6,7,3,1,4,1,38,2,1,LeBron James,Playoffs,2017-18
42017,2544,0041700202,"May 03, 2018",CLE @ TOR,W,41,19,28,0.679,1,3,0.333,4,8,0.5,1,7,8,14,1,0,1,1,43,20,2,LeBron James,Playoffs,2017-18
42017,2544,0041700201,"May 01, 2018",CLE @ TOR,W,47,12,30,0.4,1,8,0.125,1,6,0.167,0,11,11,13,1,2,1,2,26,5,1,LeBron James,Playoffs,2017-18
42017,2544,0041700137,"Apr 29, 2018",CLE vs. IND,W,43,16,25,0.64,2,3,0.667,11,15,0.733,2,6,8,7,4,0,4,4,45,-2,1,LeBron James,Playoffs,2017-18
42017,2544,0041700136,"Apr 27, 2018",CLE @ IND,L,31,7,16,0.438,3,6,0.5,5,5,1.0,0,5,5,7,1,2,4,3,22,-24,1,LeBron James,Playoffs,2017-18
42017,2544,0041700135,"Apr 25, 2018",CLE vs. IND,W,42,14,24,0.583,1,4,0.25,15,15,1.0,3,7,10,8,1,1,5,3,44,2,1,LeBron James,Playoffs,2017-18
42017,2544,0041700134,"Apr 22, 2018",CLE @ IND,W,46,12,22,0.545,0,5,0.0,8,9,0.889,2,11,13,7,0,2,1,3,32,3,1,LeBron James,Playoffs,2017-18
42017,2544,0041700133,"Apr 20, 2018",CLE @ IND,L,42,10,22,0.455,4,7,0.571,4,6,0.667,3,9,12,8,1,1,6,1,28,-1,1,LeBron James,Playoffs,2017-18
42017,2544,0041700132,"Apr 18, 2018",CLE vs. IND,W,40,17,24,0.708,2,5,0.4,10,13,0.769,1,11,12,5,2,0,3,1,46,7,1,LeBron James,Playoffs,2017-18
42017,2544,0041700131,"Apr 15, 2018",CLE vs. IND,L,44,7,17,0.412,0,4,0.0,10,14,0.714,3,7,10,12,1,1,3,2,24,-13,1,LeBron James,Playoffs,2017-18
22018,2544,0021801135,"Mar 29, 2019",LAL vs. CHA,W,32,11,19,0.579,4,7,0.571,1,2,0.5,0,3,3,9,0,0,6,1,27,14,1,LeBron James,Regular Season,2018-19
22018,2544,0021801116,"Mar 26, 2019",LAL vs. WAS,W,34,11,20,0.55,1,6,0.167,0,2,0.0,0,7,7,14,1,0,3,1,23,3,1,LeBron James,Regular Season,2018-19
22018,2544,0021801102,"Mar 24, 2019",LAL vs. SAC,W,35,9,22,0.409,3,6,0.5,8,9,0.889,2,9,11,11,2,1,4,1,29,5,1,LeBron James,Regular Season,2018-19
22018,2544,0021801086,"Mar 22, 2019",LAL vs. BKN,L,37,8,25,0.32,1,7,0.143,8,12,0.667,3,6,9,14,1,1,8,3,25,-2,1,LeBron James,Regular Season,2018-19
22018,2544,0021801042,"Mar 17, 2019",LAL @ NYK,L,35,11,26,0.423,0,6,0.0,11,13,0.846,2,4,6,8,0,1,2,2,33,9,2,LeBron James,Regular Season,2018-19
22018,2544,0021801023,"Mar 14, 2019",LAL @ TOR,L,32,12,23,0.522,1,5,0.2,4,7,0.571,0,4,4,6,1,0,4,2,29,0,1,LeBron James,Regular Season,2018-19
22018,2544,0021801009,"Mar 12, 2019",LAL @ CHI,W,33,15,23,0.652,2,4,0.5,4,5,0.8,1,9,10,4,2,0,5,2,36,9,1,LeBron James,Regular Season,2018-19
22018,2544,0021800989,"Mar 09, 2019",LAL vs. BOS,L,28,13,23,0.565,1,5,0.2,3,7,0.429,2,8,10,12,0,0,3,0,30,11,1,LeBron James,Regular Season,2018-19
22018,2544,0021800974,"Mar 06, 2019",LAL vs. DEN,L,31,13,22,0.591,2,7,0.286,3,8,0.375,0,7,7,7,1,1,4,4,31,-8,1,LeBron James,Regular Season,2018-19
22018,2544,0021800958,"Mar 04, 2019",LAL vs. LAC,L,42,9,18,0.5,1,6,0.167,8,12,0.667,0,8,8,6,1,1,2,3,27,-11,1,LeBron James,Regular Season,2018-19
22018,2544,0021800942,"Mar 02, 2019",LAL @ PHX,L,41,10,21,0.476,4,9,0.444,3,7,0.429,0,9,9,16,0,0,3,2,27,-1,1,LeBron James,Regular Season,2018-19
22018,2544,0021800934,"Mar 01, 2019",LAL vs. MIL,L,39,10,19,0.526,3,8,0.375,8,10,0.8,2,5,7,10,1,0,3,2,31,-4,1,LeBron James,Regular Season,2018-19
22018,2544,0021800921,"Feb 27, 2019",LAL vs. NOP,W,37,13,24,0.542,4,9,0.444,3,8,0.375,1,5,6,10,2,1,2,2,33,2,1,LeBron James,Regular Season,2018-19
22018,2544,0021800904,"Feb 25, 2019",LAL @ MEM,L,40,8,23,0.348,0,4,0.0,8,10,0.8,3,9,12,11,3,0,5,3,24,2,1,LeBron James,Regular Season,2018-19
22018,2544,0021800887,"Feb 23, 2019",LAL @ NOP,L,39,11,17,0.647,3,6,0.5,2,6,0.333,0,7,7,12,4,1,4,0,27,-10,1,LeBron James,Regular Season,2018-19
22018,2544,0021800872,"Feb 21, 2019",LAL vs. HOU,W,40,11,23,0.478,0,4,0.0,7,10,0.7,4,8,12,6,1,1,4,1,29,6,1,LeBron James,Regular Season,2018-19
22018,2544,0021800848,"Feb 12, 2019",LAL @ ATL,L,43,8,20,0.4,3,10,0.3,9,11,0.818,2,9,11,16,3,1,2,3,28,0,1,LeBron James,Regular Season,2018-19
22018,2544,0021800835,"Feb 10, 2019",LAL @ PHI,L,33,8,16,0.5,2,6,0.333,0,0,0.0,0,10,10,9,0,0,4,3,18,0,1,LeBron James,Regular Season,2018-19
22018,2544,0021800814,"Feb 07, 2019",LAL @ BOS,W,38,11,21,0.524,5,10,0.5,1,5,0.2,2,10,12,12,3,0,3,4,28,11,1,LeBron James,Regular Season,2018-19
22018,2544,0021800798,"Feb 05, 2019",LAL @ IND,L,30,7,12,0.583,2,5,0.4,2,3,0.667,0,7,7,9,1,0,6,1,18,-17,1,LeBron James,Regular Season,2018-19
22018,2544,0021800769,"Jan 31, 2019",LAL @ LAC,W,40,9,22,0.409,1,6,0.167,5,7,0.714,1,13,14,9,1,0,4,0,24,2,1,LeBron James,Regular Season,2018-19
22018,2544,0021800500,"Dec 25, 2018",LAL @ GSW,W,21,6,11,0.545,0,2,0.0,5,8,0.625,2,11,13,5,1,0,2,1,17,5,1,LeBron James,Regular Season,2018-19
22018,2544,0021800496,"Dec 23, 2018",LAL vs. MEM,L,36,8,14,0.571,2,5,0.4,4,4,1.0,1,13,14,7,1,1,4,0,22,-3,1,LeBron James,Regular Season,2018-19
22018,2544,0021800478,"Dec 21, 2018",LAL vs. NOP,W,39,8,20,0.4,0,4,0.0,6,9,0.667,2,10,12,14,2,0,2,3,22,13,1,LeBron James,Regular Season,2018-19
22018,2544,0021800453,"Dec 18, 2018",LAL @ BKN,L,41,13,23,0.565,2,7,0.286,8,13,0.615,1,12,13,8,1,1,5,1,36,4,1,LeBron James,Regular Season,2018-19
22018,2544,0021800439,"Dec 16, 2018",LAL @ WAS,L,32,5,16,0.313,0,2,0.0,3,6,0.5,0,6,6,3,0,1,4,0,13,-21,1,LeBron James,Regular Season,2018-19
22018,2544,0021800430,"Dec 15, 2018",LAL @ CHA,W,30,7,15,0.467,2,6,0.333,8,12,0.667,1,11,12,11,1,0,3,0,24,31,1,LeBron James,Regular Season,2018-19
22018,2544,0021800416,"Dec 13, 2018",LAL @ HOU,L,36,12,18,0.667,3,6,0.5,2,6,0.333,0,5,5,4,2,0,3,1,29,-9,1,LeBron James,Regular Season,2018-19
22018,2544,0021800401,"Dec 10, 2018",LAL vs. MIA,W,38,10,19,0.526,4,7,0.571,4,8,0.5,0,9,9,12,1,0,2,0,28,18,1,LeBron James,Regular Season,2018-19
22018,2544,0021800384,"Dec 08, 2018",LAL @ MEM,W,32,9,18,0.5,0,3,0.0,2,3,0.667,1,7,8,9,2,0,5,2,20,21,1,LeBron James,Regular Season,2018-19
22018,2544,0021800375,"Dec 07, 2018",LAL @ SAS,L,37,13,28,0.464,3,8,0.375,6,9,0.667,2,6,8,11,2,0,1,4,35,-19,1,LeBron James,Regular Season,2018-19
22018,2544,0021800364,"Dec 05, 2018",LAL vs. SAS,W,40,15,24,0.625,3,7,0.429,9,13,0.692,0,5,5,6,2,0,2,1,42,19,1,LeBron James,Regular Season,2018-19
22018,2544,0021800337,"Dec 02, 2018",LAL vs. PHX,W,31,9,17,0.529,1,5,0.2,3,4,0.75,0,6,6,8,0,1,5,0,22,12,1,LeBron James,Regular Season,2018-19
22018,2544,0021800328,"Nov 30, 2018",LAL vs. DAL,W,31,12,21,0.571,2,4,0.5,2,4,0.5,2,3,5,4,0,1,4,3,28,10,1,LeBron James,Regular Season,2018-19
22018,2544,0021800317,"Nov 29, 2018",LAL vs. IND,W,38,15,27,0.556,2,7,0.286,6,10,0.6,1,8,9,7,2,0,4,2,38,19,1,LeBron James,Regular Season,2018-19
22018,2544,0021800304,"Nov 27, 2018",LAL @ DEN,L,30,5,15,0.333,0,4,0.0,4,6,0.667,0,7,7,2,2,2,4,0,14,-23,1,LeBron James,Regular Season,2018-19
22018,2544,0021800286,"Nov 25, 2018",LAL vs. ORL,L,40,8,14,0.571,2,7,0.286,6,11,0.545,0,4,4,7,0,1,6,4,24,-14,1,LeBron James,Regular Season,2018-19
22018,2544,0021800278,"Nov 23, 2018",LAL vs. UTA,W,35,8,17,0.471,2,5,0.4,4,6,0.667,1,9,10,7,2,1,5,1,22,13,1,LeBron James,Regular Season,2018-19
22018,2544,0021800256,"Nov 21, 2018",LAL @ CLE,W,36,11,20,0.55,2,6,0.333,8,12,0.667,2,12,14,7,0,1,4,3,32,9,1,LeBron James,Regular Season,2018-19
22018,2544,0021800235,"Nov 18, 2018",LAL @ MIA,W,38,19,31,0.613,6,8,0.75,7,10,0.7,1,7,8,3,2,1,2,3,51,20,1,LeBron James,Regular Season,2018-19
22018,2544,0021800227,"Nov 17, 2018",LAL @ ORL,L,26,8,19,0.421,3,6,0.5,3,4,0.75,0,4,4,7,0,1,3,0,22,-11,1,LeBron James,Regular Season,2018-19
22018,2544,0021800212,"Nov 14, 2018",LAL vs. POR,W,36,13,19,0.684,5,6,0.833,13,15,0.867,2,8,10,9,1,3,4,0,44,4,1,LeBron James,Regular Season,2018-19
22018,2544,0021800189,"Nov 11, 2018",LAL vs. ATL,W,34,10,20,0.5,3,9,0.333,3,7,0.429,3,4,7,4,2,0,4,1,26,22,1,LeBron James,Regular Season,2018-19
22018,2544,0021800183,"Nov 10, 2018",LAL @ SAC,W,31,10,18,0.556,3,6,0.5,2,3,0.667,1,6,7,2,1,0,3,2,25,2,1,LeBron James,Regular Season,2018-19
22018,2544,0021800162,"Nov 07, 2018",LAL vs. MIN,W,39,10,21,0.476,3,9,0.333,1,2,0.5,1,10,11,9,0,2,3,1,24,3,1,LeBron James,Regular Season,2018-19
22018,2544,0021800139,"Nov 04, 2018",LAL vs. TOR,L,28,6,12,0.5,2,3,0.667,4,7,0.571,0,2,2,6,0,1,3,3,18,-16,1,LeBron James,Regular Season,2018-19
22018,2544,0021800132,"Nov 03, 2018",LAL @ POR,W,31,9,20,0.45,1,5,0.2,9,11,0.818,0,5,5,7,0,2,3,1,28,-22,1,LeBron James,Regular Season,2018-19
22018,2544,0021800109,"Oct 31, 2018",LAL vs. DAL,W,39,11,19,0.579,2,3,0.667,5,7,0.714,0,5,5,6,3,0,3,3,29,5,1,LeBron James,Regular Season,2018-19
22018,2544,0021800093,"Oct 29, 2018",LAL @ MIN,L,36,11,23,0.478,3,6,0.5,4,5,0.8,3,7,10,8,2,2,5,2,29,-6,1,LeBron James,Regular Season,2018-19
22018,2544,0021800082,"Oct 27, 2018",LAL @ SAS,L,34,13,21,0.619,2,6,0.333,7,8,0.875,1,10,11,4,2,0,4,3,35,-1,1,LeBron James,Regular Season,2018-19
22018,2544,0021800066,"Oct 25, 2018",LAL vs. DEN,W,35,10,17,0.588,1,5,0.2,7,10,0.7,0,11,11,11,3,0,2,3,28,13,1,LeBron James,Regular Season,2018-19
22018,2544,0021800060,"Oct 24, 2018",LAL @ PHX,W,28,7,16,0.438,1,5,0.2,4,4,1.0,0,7,7,10,3,0,0,1,19,19,1,LeBron James,Regular Season,2018-19
22018,2544,0021800048,"Oct 22, 2018",LAL vs. SAS,L,43,11,25,0.44,2,8,0.25,8,11,0.727,2,6,8,14,1,1,5,2,32,-5,1,LeBron James,Regular Season,2018-19
22018,2544,0021800035,"Oct 20, 2018",LAL vs. HOU,L,39,9,22,0.409,1,7,0.143,5,7,0.714,0,5,5,5,2,1,1,0,24,-13,1,LeBron James,Regular Season,2018-19
22018,2544,0021800016,"Oct 18, 2018",LAL @ POR,L,37,9,16,0.563,0,4,0.0,8,9,0.889,2,10,12,6,1,0,6,3,26,-4,1,LeBron James,Regular Season,2018-19
22019,2544,0021901310,"Aug 13, 2020",LAL vs. SAC,L,15,6,13,0.462,2,5,0.4,3,3,1.0,1,2,3,4,0,0,3,0,17,-13,1,LeBron James,Regular Season,2019-20
22019,2544,0021901296,"Aug 10, 2020",LAL vs. DEN,W,38,9,21,0.429,5,11,0.455,6,10,0.6,0,1,1,12,0,2,5,0,29,-10,1,LeBron James,Regular Season,2019-20
22019,2544,0021901282,"Aug 08, 2020",LAL @ IND,L,35,13,24,0.542,2,6,0.333,3,6,0.5,1,7,8,7,0,1,1,4,31,14,1,LeBron James,Regular Season,2019-20
22019,2544,0021901265,"Aug 05, 2020",LAL vs. OKC,L,30,7,19,0.368,0,5,0.0,5,8,0.625,1,10,11,4,1,0,0,1,19,-8,1,LeBron James,Regular Season,2019-20
22019,2544,0021901255,"Aug 03, 2020",LAL @ UTA,W,35,9,16,0.563,2,5,0.4,2,2,1.0,1,7,8,9,2,1,4,3,22,0,1,LeBron James,Regular Season,2019-20
22019,2544,0021901243,"Aug 01, 2020",LAL @ TOR,L,35,7,15,0.467,2,5,0.4,4,7,0.571,1,9,10,5,0,1,4,1,20,-20,1,LeBron James,Regular Season,2019-20
22019,2544,0021901232,"Jul 30, 2020",LAL vs. LAC,W,34,6,19,0.316,2,7,0.286,2,2,1.0,2,9,11,7,1,1,5,3,16,-4,1,LeBron James,Regular Season,2019-20
22019,2544,0021900968,"Mar 10, 2020",LAL vs. BKN,L,35,12,22,0.545,4,9,0.444,1,5,0.2,1,11,12,9,1,0,3,1,29,8,1,LeBron James,Regular Season,2019-20
22019,2544,0021900948,"Mar 08, 2020",LAL @ LAC,W,35,7,17,0.412,2,6,0.333,12,14,0.857,2,6,8,9,0,2,2,3,28,7,1,LeBron James,Regular Season,2019-20
22019,2544,0021900939,"Mar 06, 2020",LAL vs. MIL,W,37,12,21,0.571,1,7,0.143,12,15,0.8,0,8,8,8,3,0,4,4,37,8,1,LeBron James,Regular Season,2019-20
22019,2544,0021900915,"Mar 03, 2020",LAL vs. PHI,W,34,9,16,0.563,2,5,0.4,2,3,0.667,1,6,7,14,1,2,3,1,22,-2,1,LeBron James,Regular Season,2019-20
22019,2544,0021900900,"Mar 01, 2020",LAL @ NOP,W,36,14,21,0.667,3,5,0.6,3,3,1.0,0,12,12,13,2,0,6,2,34,22,1,LeBron James,Regular Season,2019-20
22019,2544,0021900891,"Feb 29, 2020",LAL @ MEM,L,34,8,18,0.444,2,8,0.25,1,2,0.5,2,6,8,10,1,1,5,1,19,-12,1,LeBron James,Regular Season,2019-20
22019,2544,0021900861,"Feb 25, 2020",LAL vs. NOP,W,34,17,27,0.63,5,11,0.455,1,2,0.5,2,6,8,6,0,1,7,1,40,12,1,LeBron James,Regular Season,2019-20
22019,2544,0021900842,"Feb 23, 2020",LAL vs. BOS,W,35,9,19,0.474,4,10,0.4,7,12,0.583,0,8,8,9,0,0,2,4,29,-1,1,LeBron James,Regular Season,2019-20
22019,2544,0021900833,"Feb 21, 2020",LAL vs. MEM,W,36,10,17,0.588,1,4,0.25,11,12,0.917,0,3,3,7,0,2,1,0,32,6,1,LeBron James,Regular Season,2019-20
22019,2544,0021900817,"Feb 12, 2020",LAL @ DEN,W,42,15,29,0.517,1,7,0.143,1,4,0.25,1,11,12,14,0,0,3,3,32,4,1,LeBron James,Regular Season,2019-20
22019,2544,0021900801,"Feb 10, 2020",LAL vs. PHX,W,30,6,16,0.375,3,6,0.5,2,4,0.5,0,8,8,9,1,0,8,2,17,16,1,LeBron James,Regular Season,2019-20
22019,2544,0021900783,"Feb 08, 2020",LAL @ GSW,W,34,7,17,0.412,3,8,0.375,5,6,0.833,0,8,8,11,1,0,7,2,22,6,1,LeBron James,Regular Season,2019-20
22019,2544,0021900768,"Feb 06, 2020",LAL vs. HOU,L,37,8,19,0.421,1,8,0.125,1,1,1.0,2,7,9,15,2,0,6,0,18,-4,1,LeBron James,Regular Season,2019-20
22019,2544,0021900754,"Feb 04, 2020",LAL vs. SAS,W,34,12,20,0.6,6,9,0.667,6,9,0.667,1,6,7,9,1,0,2,1,36,20,1,LeBron James,Regular Season,2019-20
22019,2544,0021900736,"Feb 01, 2020",LAL @ SAC,W,34,6,15,0.4,1,4,0.25,2,3,0.667,0,10,10,11,2,0,2,3,15,33,1,LeBron James,Regular Season,2019-20
22019,2544,0021900726,"Jan 31, 2020",LAL vs. POR,L,38,9,22,0.409,3,8,0.375,1,4,0.25,2,6,8,10,0,1,5,2,22,7,1,LeBron James,Regular Season,2019-20
22019,2544,0021900684,"Jan 25, 2020",LAL @ PHI,L,35,9,18,0.5,1,6,0.167,10,13,0.769,0,7,7,8,1,0,8,3,29,-22,1,LeBron James,Regular Season,2019-20
22019,2544,0021900667,"Jan 23, 2020",LAL @ BKN,W,34,11,19,0.579,3,6,0.5,2,2,1.0,2,9,11,10,1,1,5,0,27,26,1,LeBron James,Regular Season,2019-20
22019,2544,0021900659,"Jan 22, 2020",LAL @ NYK,W,36,9,16,0.563,2,5,0.4,1,3,0.333,0,6,6,5,5,0,4,0,21,13,1,LeBron James,Regular Season,2019-20
22019,2544,0021900648,"Jan 20, 2020",LAL @ BOS,L,29,5,12,0.417,0,2,0.0,5,5,1.0,3,4,7,13,0,0,4,1,15,-21,1,LeBron James,Regular Season,2019-20
22019,2544,0021900633,"Jan 18, 2020",LAL @ HOU,W,35,13,25,0.52,2,7,0.286,3,5,0.6,0,5,5,12,2,0,6,3,31,2,1,LeBron James,Regular Season,2019-20
22019,2544,0021900613,"Jan 15, 2020",LAL vs. ORL,L,36,7,19,0.368,2,9,0.222,3,5,0.6,0,3,3,19,1,0,5,1,19,-9,1,LeBron James,Regular Season,2019-20
22019,2544,0021900597,"Jan 13, 2020",LAL vs. CLE,W,33,12,16,0.75,1,3,0.333,6,7,0.857,0,2,2,8,1,0,3,2,31,19,1,LeBron James,Regular Season,2019-20
22019,2544,0021900572,"Jan 10, 2020",LAL @ DAL,W,32,14,25,0.56,3,6,0.5,4,5,0.8,2,14,16,7,1,0,3,0,35,13,1,LeBron James,Regular Season,2019-20
22019,2544,0021900553,"Jan 07, 2020",LAL vs. NYK,W,31,9,19,0.474,6,12,0.5,7,7,1.0,0,5,5,5,2,1,4,2,31,26,1,LeBron James,Regular Season,2019-20
22019,2544,0021900538,"Jan 05, 2020",LAL vs. DET,W,35,10,21,0.476,0,3,0.0,1,2,0.5,3,11,14,11,0,0,3,2,21,23,1,LeBron James,Regular Season,2019-20
22019,2544,0021900522,"Jan 03, 2020",LAL vs. NOP,W,37,7,17,0.412,1,3,0.333,2,5,0.4,0,8,8,15,2,0,2,1,17,17,1,LeBron James,Regular Season,2019-20
22019,2544,0021900507,"Jan 01, 2020",LAL vs. PHX,W,38,11,21,0.524,1,4,0.25,8,12,0.667,2,11,13,12,2,1,5,0,31,18,1,LeBron James,Regular Season,2019-20
22019,2544,0021900490,"Dec 29, 2019",LAL vs. DAL,W,34,3,10,0.3,2,4,0.5,5,6,0.833,0,6,6,13,2,0,2,2,13,5,1,LeBron James,Regular Season,2019-20
22019,2544,0021900484,"Dec 28, 2019",LAL @ POR,W,37,7,15,0.467,1,4,0.25,6,8,0.75,1,6,7,16,2,1,1,2,21,5,1,LeBron James,Regular Season,2019-20
22019,2544,0021900458,"Dec 25, 2019",LAL vs. LAC,L,39,9,24,0.375,2,12,0.167,3,4,0.75,3,6,9,10,2,1,2,3,23,3,1,LeBron James,Regular Season,2019-20
22019,2544,0021900417,"Dec 19, 2019",LAL @ MIL,L,37,8,19,0.421,3,7,0.429,2,2,1.0,0,12,12,11,0,0,4,5,21,-14,1,LeBron James,Regular Season,2019-20
22019,2544,0021900402,"Dec 17, 2019",LAL @ IND,L,35,8,20,0.4,0,6,0.0,4,8,0.5,1,8,9,9,0,0,5,2,20,-9,1,LeBron James,Regular Season,2019-20
22019,2544,0021900390,"Dec 15, 2019",LAL @ ATL,W,37,12,21,0.571,4,10,0.4,4,7,0.571,1,12,13,7,1,3,4,1,32,10,1,LeBron James,Regular Season,2019-20
22019,2544,0021900374,"Dec 13, 2019",LAL @ MIA,W,37,11,22,0.5,4,8,0.5,2,4,0.5,2,7,9,12,1,0,8,2,28,9,1,LeBron James,Regular Season,2019-20
22019,2544,0021900358,"Dec 11, 2019",LAL @ ORL,W,38,11,24,0.458,1,6,0.167,2,5,0.4,2,9,11,10,2,0,6,2,25,8,1,LeBron James,Regular Season,2019-20
22019,2544,0021900342,"Dec 08, 2019",LAL vs. MIN,W,28,12,20,0.6,6,8,0.75,2,2,1.0,1,3,4,13,1,0,5,4,32,24,1,LeBron James,Regular Season,2019-20
22019,2544,0021900329,"Dec 06, 2019",LAL @ POR,W,34,11,23,0.478,4,9,0.444,5,7,0.714,1,6,7,8,0,1,3,1,31,21,1,LeBron James,Regular Season,2019-20
22019,2544,0021900314,"Dec 04, 2019",LAL @ UTA,W,29,9,21,0.429,1,6,0.167,1,1,1.0,0,4,4,12,1,0,1,3,20,14,1,LeBron James,Regular Season,2019-20
22019,2544,0021900304,"Dec 03, 2019",LAL @ DEN,W,37,9,18,0.5,1,4,0.25,6,6,1.0,2,4,6,9,0,0,4,3,25,4,1,LeBron James,Regular Season,2019-20
22019,2544,0021900287,"Dec 01, 2019",LAL vs. DAL,L,36,11,20,0.55,0,5,0.0,3,3,1.0,0,9,9,8,4,0,6,3,25,-16,1,LeBron James,Regular Season,2019-20
22019,2544,0021900279,"Nov 29, 2019",LAL vs. WAS,W,25,9,16,0.563,4,8,0.5,1,2,0.5,0,3,3,11,2,1,6,1,23,20,1,LeBron James,Regular Season,2019-20
22019,2544,0021900264,"Nov 27, 2019",LAL @ NOP,W,38,10,18,0.556,2,6,0.333,7,11,0.636,2,3,5,11,2,1,5,2,29,3,1,LeBron James,Regular Season,2019-20
22019,2544,0021900249,"Nov 25, 2019",LAL @ SAS,W,35,13,24,0.542,4,7,0.571,3,8,0.375,1,3,4,14,0,1,3,2,33,6,1,LeBron James,Regular Season,2019-20
22019,2544,0021900232,"Nov 23, 2019",LAL @ MEM,W,39,14,27,0.519,2,9,0.222,0,0,0.0,1,5,6,4,2,0,5,1,30,7,1,LeBron James,Regular Season,2019-20
22019,2544,0021900220,"Nov 22, 2019",LAL @ OKC,W,36,9,20,0.45,1,3,0.333,4,6,0.667,1,5,6,14,1,1,5,2,23,3,1,LeBron James,Regular Season,2019-20
22019,2544,0021900201,"Nov 19, 2019",LAL vs. OKC,W,37,10,21,0.476,2,5,0.4,3,5,0.6,0,11,11,10,2,0,7,2,25,6,1,LeBron James,Regular Season,2019-20
22019,2544,0021900188,"Nov 17, 2019",LAL vs. ATL,W,33,13,21,0.619,6,10,0.6,1,1,1.0,0,7,7,12,1,1,0,1,33,30,1,LeBron James,Regular Season,2019-20
22019,2544,0021900174,"Nov 15, 2019",LAL vs. SAC,W,39,10,20,0.5,2,7,0.286,7,7,1.0,3,1,4,11,3,0,2,1,29,13,1,LeBron James,Regular Season,2019-20
22019,2544,0021900159,"Nov 13, 2019",LAL vs. GSW,W,26,11,21,0.524,1,5,0.2,0,1,0.0,2,4,6,12,1,1,4,1,23,13,1,LeBron James,Regular Season,2019-20
22019,2544,0021900151,"Nov 12, 2019",LAL @ PHX,W,37,8,18,0.444,1,4,0.25,2,7,0.286,0,7,7,11,0,0,1,0,19,-2,1,LeBron James,Regular Season,2019-20
22019,2544,0021900139,"Nov 10, 2019",LAL vs. TOR,L,35,5,15,0.333,0,2,0.0,3,6,0.5,3,10,13,15,0,1,2,0,13,-6,1,LeBron James,Regular Season,2019-20
22019,2544,0021900126,"Nov 08, 2019",LAL vs. MIA,W,36,10,19,0.526,4,7,0.571,1,2,0.5,1,3,4,6,0,0,3,2,25,16,1,LeBron James,Regular Season,2019-20
22019,2544,0021900100,"Nov 05, 2019",LAL @ CHI,W,35,10,19,0.526,2,6,0.333,8,9,0.889,0,10,10,11,2,1,2,3,30,17,1,LeBron James,Regular Season,2019-20
22019,2544,0021900088,"Nov 03, 2019",LAL @ SAS,W,37,8,23,0.348,0,6,0.0,5,10,0.5,1,10,11,13,2,1,5,2,21,15,1,LeBron James,Regular Season,2019-20
22019,2544,0021900074,"Nov 01, 2019",LAL @ DAL,W,43,13,23,0.565,4,9,0.444,9,11,0.818,0,12,12,16,4,1,4,5,39,15,1,LeBron James,Regular Season,2019-20
22019,2544,0021900054,"Oct 29, 2019",LAL vs. MEM,W,28,8,15,0.533,2,5,0.4,5,7,0.714,0,2,2,8,0,1,6,0,23,2,1,LeBron James,Regular Season,2019-20
22019,2544,0021900040,"Oct 27, 2019",LAL vs. CHA,W,35,7,14,0.5,1,3,0.333,5,5,1.0,1,5,6,12,1,0,4,0,20,17,1,LeBron James,Regular Season,2019-20
22019,2544,0021900025,"Oct 25, 2019",LAL vs. UTA,W,31,12,22,0.545,1,4,0.25,7,8,0.875,2,5,7,10,1,0,1,0,32,17,1,LeBron James,Regular Season,2019-20
22019,2544,0021900002,"Oct 22, 2019",LAL @ LAC,L,36,7,19,0.368,1,5,0.2,3,4,0.75,1,9,10,8,1,1,5,3,18,-8,1,LeBron James,Regular Season,2019-20
42019,2544,0041900406,"Oct 11, 2020",LAL @ MIA,W,41,13,20,0.65,1,5,0.2,1,4,0.25,3,11,14,10,1,0,1,3,28,18,1,LeBron James,Playoffs,2019-20
42019,2544,0041900405,"Oct 09, 2020",LAL vs. MIA,L,42,15,21,0.714,6,9,0.667,4,6,0.667,3,10,13,7,3,0,4,1,40,7,1,LeBron James,Playoffs,2019-20
42019,2544,0041900404,"Oct 06, 2020",LAL @ MIA,W,39,8,16,0.5,2,5,0.4,10,12,0.833,2,10,12,8,1,0,6,2,28,-2,1,LeBron James,Playoffs,2019-20
42019,2544,0041900403,"Oct 04, 2020",LAL @ MIA,L,39,9,16,0.563,1,5,0.2,6,9,0.667,1,9,10,8,0,2,8,2,25,-4,1,LeBron James,Playoffs,2019-20
42019,2544,0041900402,"Oct 02, 2020",LAL vs. MIA,W,39,14,25,0.56,3,8,0.375,2,5,0.4,2,7,9,9,1,1,0,2,33,7,1,LeBron James,Playoffs,2019-20
42019,2544,0041900401,"Sep 30, 2020",LAL vs. MIA,W,36,9,17,0.529,2,4,0.5,5,6,0.833,1,12,13,9,1,0,2,3,25,10,1,LeBron James,Playoffs,2019-20
42019,2544,0041900315,"Sep 26, 2020",LAL vs. DEN,W,40,15,25,0.6,1,4,0.25,7,8,0.875,3,13,16,10,1,0,2,2,38,12,1,LeBron James,Playoffs,2019-20
42019,2544,0041900314,"Sep 24, 2020",LAL @ DEN,W,38,7,18,0.389,1,3,0.333,11,14,0.786,1,8,9,8,0,0,0,2,26,8,1,LeBron James,Playoffs,2019-20
42019,2544,0041900313,"Sep 22, 2020",LAL @ DEN,L,37,14,23,0.609,1,4,0.25,1,2,0.5,1,9,10,11,2,2,6,1,30,2,1,LeBron James,Playoffs,2019-20
42019,2544,0041900312,"Sep 20, 2020",LAL vs. DEN,W,36,10,20,0.5,3,8,0.375,3,4,0.75,2,9,11,4,0,2,6,2,26,-9,1,LeBron James,Playoffs,2019-20
42019,2544,0041900311,"Sep 18, 2020",LAL vs. DEN,W,31,6,11,0.545,0,2,0.0,3,4,0.75,1,5,6,12,0,0,3,2,15,15,1,LeBron James,Playoffs,2019-20
42019,2544,0041900225,"Sep 12, 2020",LAL vs. HOU,W,31,9,18,0.5,3,8,0.375,8,10,0.8,2,9,11,7,2,1,4,2,29,19,1,LeBron James,Playoffs,2019-20
42019,2544,0041900224,"Sep 10, 2020",LAL @ HOU,W,34,7,17,0.412,0,5,0.0,2,3,0.667,1,14,15,9,3,0,4,2,16,15,1,LeBron James,Playoffs,2019-20
42019,2544,0041900223,"Sep 08, 2020",LAL @ HOU,W,38,13,23,0.565,4,9,0.444,6,10,0.6,0,7,7,5,1,4,2,1,36,8,1,LeBron James,Playoffs,2019-20
42019,2544,0041900222,"Sep 06, 2020",LAL vs. HOU,W,39,10,17,0.588,1,5,0.2,7,10,0.7,0,11,11,9,4,2,7,3,28,15,1,LeBron James,Playoffs,2019-20
42019,2544,0041900221,"Sep 04, 2020",LAL vs. HOU,L,37,7,15,0.467,2,7,0.286,4,5,0.8,1,7,8,7,0,2,4,2,20,-15,1,LeBron James,Playoffs,2019-20
42019,2544,0041900145,"Aug 29, 2020",LAL vs. POR,W,34,14,19,0.737,4,7,0.571,4,4,1.0,0,10,10,10,1,1,5,1,36,20,1,LeBron James,Playoffs,2019-20
42019,2544,0041900144,"Aug 24, 2020",LAL @ POR,W,28,10,12,0.833,4,5,0.8,6,8,0.75,1,5,6,10,0,1,2,2,30,17,1,LeBron James,Playoffs,2019-20
42019,2544,0041900143,"Aug 22, 2020",LAL @ POR,W,34,11,18,0.611,4,8,0.5,12,17,0.706,1,11,12,8,2,0,8,3,38,2,1,LeBron James,Playoffs,2019-20
42019,2544,0041900142,"Aug 20, 2020",LAL vs. POR,W,27,4,11,0.364,0,3,0.0,2,2,1.0,0,6,6,7,2,0,6,1,10,23,1,LeBron James,Playoffs,2019-20
42019,2544,0041900141,"Aug 18, 2020",LAL vs. POR,L,41,9,20,0.45,1,5,0.2,4,7,0.571,2,15,17,16,1,0,4,1,23,-3,1,LeBron James,Playoffs,2019-20
22020,2544,0022001072,"May 16, 2021",LAL @ NOP,W,27,11,22,0.5,2,5,0.4,1,2,0.5,1,0,1,6,3,0,2,0,25,-2,1,LeBron James,Regular Season,2020-21
22020,2544,0022001061,"May 15, 2021",LAL @ IND,W,28,11,22,0.5,1,4,0.25,1,2,0.5,3,4,7,8,0,0,4,2,24,7,1,LeBron James,Regular Season,2020-21
22020,2544,0022000974,"May 02, 2021",LAL vs. TOR,L,28,6,11,0.545,2,5,0.4,5,7,0.714,0,7,7,6,0,0,5,2,19,-4,1,LeBron James,Regular Season,2020-21
22020,2544,0022000956,"Apr 30, 2021",LAL vs. SAC,L,32,6,12,0.5,1,5,0.2,3,5,0.6,1,7,8,7,2,1,5,1,16,5,1,LeBron James,Regular Season,2020-21
22020,2544,0022000640,"Mar 20, 2021",LAL vs. ATL,L,11,3,6,0.5,1,2,0.5,3,3,1.0,0,1,1,4,0,0,1,0,10,-5,1,LeBron James,Regular Season,2020-21
22020,2544,0022000630,"Mar 18, 2021",LAL vs. CHA,W,37,14,23,0.609,4,9,0.444,5,6,0.833,1,7,8,6,1,1,3,2,37,7,1,LeBron James,Regular Season,2020-21
22020,2544,0022000615,"Mar 16, 2021",LAL vs. MIN,W,31,8,14,0.571,4,7,0.571,5,5,1.0,1,11,12,12,0,1,4,0,25,0,1,LeBron James,Regular Season,2020-21
22020,2544,0022000608,"Mar 15, 2021",LAL @ GSW,W,30,8,13,0.615,2,4,0.5,4,6,0.667,1,9,10,11,0,0,6,3,22,33,1,LeBron James,Regular Season,2020-21
22020,2544,0022000585,"Mar 12, 2021",LAL vs. IND,W,34,5,13,0.385,1,4,0.25,7,11,0.636,0,3,3,10,1,0,3,4,18,11,1,LeBron James,Regular Season,2020-21
22020,2544,0022000542,"Mar 02, 2021",LAL vs. PHX,L,38,16,24,0.667,3,8,0.375,3,5,0.6,0,5,5,6,2,1,3,1,38,2,1,LeBron James,Regular Season,2020-21
22020,2544,0022000527,"Feb 28, 2021",LAL vs. GSW,W,24,7,12,0.583,3,5,0.6,2,4,0.5,2,4,6,4,2,2,2,2,19,18,1,LeBron James,Regular Season,2020-21
22020,2544,0022000512,"Feb 26, 2021",LAL vs. POR,W,36,11,21,0.524,2,5,0.4,4,8,0.5,1,10,11,7,4,3,2,1,28,9,1,LeBron James,Regular Season,2020-21
22020,2544,0022000497,"Feb 24, 2021",LAL @ UTA,L,28,7,13,0.538,1,5,0.2,4,5,0.8,0,4,4,4,1,0,4,0,19,-20,1,LeBron James,Regular Season,2020-21
22020,2544,0022000479,"Feb 22, 2021",LAL vs. WAS,L,43,14,29,0.483,2,10,0.2,1,3,0.333,0,9,9,13,1,0,8,2,31,3,1,LeBron James,Regular Season,2020-21
22020,2544,0022000463,"Feb 20, 2021",LAL vs. MIA,L,37,7,21,0.333,1,8,0.125,4,4,1.0,1,8,9,9,1,1,5,3,19,11,1,LeBron James,Regular Season,2020-21
22020,2544,0022000446,"Feb 18, 2021",LAL vs. BKN,L,33,14,23,0.609,1,6,0.167,3,6,0.5,0,8,8,7,0,0,3,1,32,-7,1,LeBron James,Regular Season,2020-21
22020,2544,0022000431,"Feb 16, 2021",LAL @ MIN,W,38,13,20,0.65,1,4,0.25,3,4,0.75,0,13,13,7,0,1,5,1,30,4,1,LeBron James,Regular Season,2020-21
22020,2544,0022000416,"Feb 14, 2021",LAL @ DEN,L,31,9,18,0.5,0,5,0.0,4,7,0.571,1,9,10,9,0,1,1,2,22,-17,1,LeBron James,Regular Season,2020-21
22020,2544,0022000403,"Feb 12, 2021",LAL vs. MEM,W,34,9,15,0.6,1,4,0.25,9,14,0.643,1,8,9,8,2,0,5,2,28,8,1,LeBron James,Regular Season,2020-21
22020,2544,0022000390,"Feb 10, 2021",LAL vs. OKC,W,41,9,20,0.45,3,9,0.333,4,4,1.0,0,6,6,7,2,0,5,2,25,6,1,LeBron James,Regular Season,2020-21
22020,2544,0022000374,"Feb 08, 2021",LAL vs. OKC,W,43,11,22,0.5,2,10,0.2,4,5,0.8,0,14,14,12,2,2,5,3,28,8,1,LeBron James,Regular Season,2020-21
22020,2544,0022000361,"Feb 06, 2021",LAL vs. DET,W,46,13,26,0.5,3,7,0.429,4,6,0.667,0,5,5,11,4,0,7,3,33,8,1,LeBron James,Regular Season,2020-21
22020,2544,0022000341,"Feb 04, 2021",LAL vs. DEN,W,35,12,19,0.632,2,5,0.4,1,2,0.5,0,10,10,10,0,1,2,1,27,21,1,LeBron James,Regular Season,2020-21
22020,2544,0022000313,"Feb 01, 2021",LAL @ ATL,W,38,5,12,0.417,2,6,0.333,9,11,0.818,0,7,7,9,2,1,2,0,21,10,1,LeBron James,Regular Season,2020-21
22020,2544,0022000302,"Jan 30, 2021",LAL @ BOS,W,37,7,17,0.412,4,11,0.364,3,5,0.6,1,6,7,7,0,1,5,3,21,11,1,LeBron James,Regular Season,2020-21
22020,2544,0022000284,"Jan 28, 2021",LAL @ DET,L,36,8,19,0.421,4,8,0.5,2,3,0.667,2,5,7,10,1,0,2,2,22,-9,1,LeBron James,Regular Season,2020-21
22020,2544,0022000276,"Jan 27, 2021",LAL @ PHI,L,39,12,22,0.545,2,5,0.4,8,11,0.727,0,6,6,7,0,0,3,3,34,4,1,LeBron James,Regular Season,2020-21
22020,2544,0022000261,"Jan 25, 2021",LAL @ CLE,W,38,19,26,0.731,7,11,0.636,1,2,0.5,0,8,8,6,2,2,3,1,46,11,1,LeBron James,Regular Season,2020-21
22020,2544,0022000245,"Jan 23, 2021",LAL @ CHI,W,29,6,16,0.375,0,2,0.0,5,8,0.625,0,11,11,6,2,0,6,1,17,9,1,LeBron James,Regular Season,2020-21
22020,2544,0022000226,"Jan 21, 2021",LAL @ MIL,W,38,13,25,0.52,6,10,0.6,2,2,1.0,1,5,6,8,1,1,3,2,34,15,1,LeBron James,Regular Season,2020-21
22020,2544,0022000212,"Jan 18, 2021",LAL vs. GSW,L,38,6,16,0.375,2,7,0.286,5,8,0.625,0,5,5,5,1,0,5,1,19,-9,1,LeBron James,Regular Season,2020-21
22020,2544,0022000187,"Jan 15, 2021",LAL vs. NOP,W,31,6,11,0.545,2,6,0.333,7,7,1.0,1,7,8,11,1,0,3,3,21,14,1,LeBron James,Regular Season,2020-21
22020,2544,0022000170,"Jan 13, 2021",LAL @ OKC,W,27,9,20,0.45,5,8,0.625,3,4,0.75,0,6,6,7,0,0,2,2,26,14,1,LeBron James,Regular Season,2020-21
22020,2544,0022000161,"Jan 12, 2021",LAL @ HOU,W,29,10,20,0.5,4,9,0.444,2,4,0.5,1,7,8,5,0,1,5,0,26,15,1,LeBron James,Regular Season,2020-21
22020,2544,0022000146,"Jan 10, 2021",LAL @ HOU,W,30,7,15,0.467,1,6,0.167,3,6,0.5,1,6,7,7,1,1,2,2,18,10,1,LeBron James,Regular Season,2020-21
22020,2544,0022000131,"Jan 08, 2021",LAL vs. CHI,W,34,11,21,0.524,0,5,0.0,6,8,0.75,0,7,7,7,0,0,4,1,28,9,1,LeBron James,Regular Season,2020-21
22020,2544,0022000121,"Jan 07, 2021",LAL vs. SAS,L,35,8,15,0.533,4,7,0.571,7,11,0.636,0,6,6,12,0,0,4,3,27,-10,1,LeBron James,Regular Season,2020-21
22020,2544,0022000103,"Jan 05, 2021",LAL @ MEM,W,34,11,20,0.55,1,4,0.25,3,3,1.0,2,10,12,7,1,1,6,0,26,20,1,LeBron James,Regular Season,2020-21
22020,2544,0022000087,"Jan 03, 2021",LAL @ MEM,W,32,9,16,0.563,3,6,0.5,1,3,0.333,0,13,13,8,1,0,2,2,22,19,1,LeBron James,Regular Season,2020-21
22020,2544,0022000075,"Jan 01, 2021",LAL @ SAS,W,36,8,22,0.364,3,7,0.429,7,7,1.0,1,10,11,10,2,0,4,0,26,18,1,LeBron James,Regular Season,2020-21
22020,2544,0022000060,"Dec 30, 2020",LAL @ SAS,W,35,11,23,0.478,1,3,0.333,3,5,0.6,0,5,5,8,1,1,2,1,26,-1,1,LeBron James,Regular Season,2020-21
22020,2544,0022000045,"Dec 28, 2020",LAL vs. POR,L,36,11,20,0.55,3,7,0.429,4,5,0.8,2,7,9,6,2,1,3,2,29,0,1,LeBron James,Regular Season,2020-21
22020,2544,0022000040,"Dec 27, 2020",LAL vs. MIN,W,26,6,13,0.462,1,5,0.2,5,7,0.714,0,9,9,5,1,0,4,1,18,16,1,LeBron James,Regular Season,2020-21
22020,2544,0022000008,"Dec 25, 2020",LAL vs. DAL,W,31,8,18,0.444,3,8,0.375,3,4,0.75,1,6,7,10,1,0,4,0,22,16,1,LeBron James,Regular Season,2020-21
22020,2544,0022000002,"Dec 22, 2020",LAL vs. LAC,L,28,7,17,0.412,3,8,0.375,5,7,0.714,2,3,5,5,0,0,4,2,22,2,1,LeBron James,Regular Season,2020-21
42020,2544,0042000156,"Jun 03, 2021",LAL vs. PHX,L,41,11,26,0.423,3,10,0.3,4,6,0.667,2,7,9,7,2,2,3,1,29,-3,1,LeBron James,Playoffs,2020-21
42020,2544,0042000155,"Jun 01, 2021",LAL @ PHX,L,32,9,19,0.474,6,10,0.6,0,0,0.0,1,4,5,7,0,0,3,1,24,-24,1,LeBron James,Playoffs,2020-21
42020,2544,0042000154,"May 30, 2021",LAL vs. PHX,L,38,10,21,0.476,1,7,0.143,4,7,0.571,2,10,12,6,1,0,6,1,25,6,1,LeBron James,Playoffs,2020-21
42020,2544,0042000153,"May 27, 2021",LAL vs. PHX,W,38,9,19,0.474,1,5,0.2,2,3,0.667,1,5,6,9,1,0,7,0,21,15,1,LeBron James,Playoffs,2020-21
42020,2544,0042000152,"May 25, 2021",LAL @ PHX,W,39,9,16,0.563,4,9,0.444,1,1,1.0,0,4,4,9,2,0,1,3,23,14,1,LeBron James,Playoffs,2020-21
42020,2544,0042000151,"May 23, 2021",LAL @ PHX,L,36,6,13,0.462,3,7,0.429,3,6,0.5,1,6,7,10,3,0,5,1,18,2,1,LeBron James,Playoffs,2020-21
22021,2544,0022101160,"Apr 01, 2022",LAL vs. NOP,L,40,13,23,0.565,3,8,0.375,9,12,0.75,0,8,8,4,1,0,6,3,38,-2,1,LeBron James,Regular Season,2021-22
22021,2544,0022101119,"Mar 27, 2022",LAL @ NOP,L,42,14,27,0.519,7,13,0.538,4,6,0.667,1,8,9,5,0,1,4,1,39,-9,1,LeBron James,Regular Season,2021-22
22021,2544,0022101072,"Mar 21, 2022",LAL @ CLE,W,41,17,29,0.586,0,4,0.0,4,4,1.0,1,9,10,12,1,1,3,0,38,9,1,LeBron James,Regular Season,2021-22
22021,2544,0022101061,"Mar 19, 2022",LAL @ WAS,L,36,16,29,0.552,4,10,0.4,2,3,0.667,2,8,10,6,0,0,2,3,38,1,1,LeBron James,Regular Season,2021-22
22021,2544,0022101051,"Mar 18, 2022",LAL @ TOR,W,45,15,26,0.577,2,7,0.286,4,7,0.571,4,5,9,7,0,2,3,2,36,-5,1,LeBron James,Regular Season,2021-22
22021,2544,0022101039,"Mar 16, 2022",LAL @ MIN,L,37,8,21,0.381,1,8,0.125,2,5,0.4,0,5,5,4,1,2,5,5,19,-19,1,LeBron James,Regular Season,2021-22
22021,2544,0022101028,"Mar 14, 2022",LAL vs. TOR,L,40,11,19,0.579,4,7,0.571,4,7,0.571,3,6,9,3,0,2,5,4,30,-21,1,LeBron James,Regular Season,2021-22
22021,2544,0022101019,"Mar 13, 2022",LAL @ PHX,L,30,10,20,0.5,5,11,0.455,6,7,0.857,0,7,7,6,0,1,4,0,31,-16,1,LeBron James,Regular Season,2021-22
22021,2544,0022101004,"Mar 11, 2022",LAL vs. WAS,W,36,18,25,0.72,6,9,0.667,8,8,1.0,0,7,7,6,0,1,3,3,50,22,1,LeBron James,Regular Season,2021-22
22021,2544,0022100985,"Mar 09, 2022",LAL @ HOU,L,45,9,26,0.346,1,9,0.111,4,6,0.667,2,12,14,12,1,4,5,1,23,-17,1,LeBron James,Regular Season,2021-22
22021,2544,0022100959,"Mar 05, 2022",LAL vs. GSW,W,39,19,31,0.613,6,11,0.545,12,13,0.923,2,8,10,3,0,1,4,0,56,13,1,LeBron James,Regular Season,2021-22
22021,2544,0022100945,"Mar 03, 2022",LAL @ LAC,L,37,8,18,0.444,2,9,0.222,8,10,0.8,1,7,8,4,0,1,4,2,26,-27,1,LeBron James,Regular Season,2021-22
22021,2544,0022100931,"Mar 01, 2022",LAL vs. DAL,L,38,10,18,0.556,3,7,0.429,3,5,0.6,0,12,12,5,1,0,4,2,26,7,1,LeBron James,Regular Season,2021-22
22021,2544,0022100919,"Feb 27, 2022",LAL vs. NOP,L,36,13,23,0.565,1,4,0.25,5,5,1.0,0,6,6,3,2,2,7,2,32,-22,1,LeBron James,Regular Season,2021-22
22021,2544,0022100904,"Feb 25, 2022",LAL vs. LAC,L,36,6,18,0.333,2,8,0.25,7,8,0.875,1,10,11,3,1,1,6,1,21,-4,1,LeBron James,Regular Season,2021-22
22021,2544,0022100884,"Feb 16, 2022",LAL vs. UTA,W,40,14,23,0.609,3,8,0.375,2,2,1.0,1,7,8,6,2,0,3,1,33,7,1,LeBron James,Regular Season,2021-22
22021,2544,0022100854,"Feb 12, 2022",LAL @ GSW,L,38,9,27,0.333,3,10,0.3,5,9,0.556,3,12,15,8,0,0,4,3,26,-11,1,LeBron James,Regular Season,2021-22
22021,2544,0022100829,"Feb 09, 2022",LAL @ POR,L,37,13,22,0.591,3,7,0.429,1,1,1.0,0,7,7,7,3,0,6,1,30,-5,1,LeBron James,Regular Season,2021-22
22021,2544,0022100822,"Feb 08, 2022",LAL vs. MIL,L,35,11,19,0.579,3,7,0.429,2,4,0.5,0,5,5,8,0,0,4,4,27,-25,1,LeBron James,Regular Season,2021-22
22021,2544,0022100799,"Feb 05, 2022",LAL vs. NYK,W,40,13,24,0.542,2,7,0.286,1,2,0.5,3,10,13,10,1,0,3,3,29,12,1,LeBron James,Regular Season,2021-22
22021,2544,0022100718,"Jan 25, 2022",LAL @ BKN,W,34,14,21,0.667,2,8,0.25,3,3,1.0,0,7,7,6,3,2,0,1,33,10,1,LeBron James,Regular Season,2021-22
22021,2544,0022100700,"Jan 23, 2022",LAL @ MIA,L,40,12,22,0.545,1,8,0.125,8,11,0.727,2,9,11,4,2,0,3,4,33,-8,1,LeBron James,Regular Season,2021-22
22021,2544,0022100685,"Jan 21, 2022",LAL @ ORL,W,34,12,23,0.522,2,7,0.286,3,3,1.0,1,6,7,5,1,1,6,3,29,5,1,LeBron James,Regular Season,2021-22
22021,2544,0022100680,"Jan 19, 2022",LAL vs. IND,L,37,11,22,0.5,3,7,0.429,5,7,0.714,1,11,12,5,2,0,3,1,30,-20,1,LeBron James,Regular Season,2021-22
22021,2544,0022100665,"Jan 17, 2022",LAL vs. UTA,W,37,9,20,0.45,3,8,0.375,4,8,0.5,0,7,7,7,1,1,1,1,25,11,1,LeBron James,Regular Season,2021-22
22021,2544,0022100649,"Jan 15, 2022",LAL @ DEN,L,31,9,23,0.391,2,8,0.25,5,7,0.714,1,8,9,2,0,2,1,0,25,-17,1,LeBron James,Regular Season,2021-22
22021,2544,0022100626,"Jan 12, 2022",LAL @ SAC,L,39,13,29,0.448,3,12,0.25,5,10,0.5,1,6,7,6,0,1,1,2,34,-12,1,LeBron James,Regular Season,2021-22
22021,2544,0022100606,"Jan 09, 2022",LAL vs. MEM,L,33,14,19,0.737,3,4,0.75,4,4,1.0,6,3,9,7,0,0,3,4,35,-30,1,LeBron James,Regular Season,2021-22
22021,2544,0022100589,"Jan 07, 2022",LAL vs. ATL,W,37,13,24,0.542,1,6,0.167,5,5,1.0,1,7,8,9,4,3,4,4,32,4,1,LeBron James,Regular Season,2021-22
22021,2544,0022100566,"Jan 04, 2022",LAL vs. SAC,W,36,12,26,0.462,3,10,0.3,4,5,0.8,2,3,5,5,0,1,2,3,31,3,1,LeBron James,Regular Season,2021-22
22021,2544,0022100551,"Jan 02, 2022",LAL vs. MIN,W,39,7,15,0.467,3,9,0.333,9,12,0.75,0,7,7,5,3,1,1,2,26,9,1,LeBron James,Regular Season,2021-22
22021,2544,0022100538,"Dec 31, 2021",LAL vs. POR,W,29,16,26,0.615,5,10,0.5,6,9,0.667,2,12,14,4,2,2,0,1,43,18,1,LeBron James,Regular Season,2021-22
22021,2544,0022100520,"Dec 29, 2021",LAL @ MEM,L,38,13,25,0.52,8,14,0.571,3,3,1.0,2,11,13,7,2,2,5,1,37,0,1,LeBron James,Regular Season,2021-22
22021,2544,0022100511,"Dec 28, 2021",LAL @ HOU,W,39,11,19,0.579,3,5,0.6,7,9,0.778,4,6,10,11,1,2,3,3,32,6,1,LeBron James,Regular Season,2021-22
22021,2544,0022100491,"Dec 25, 2021",LAL vs. BKN,L,40,14,25,0.56,3,9,0.333,8,9,0.889,1,8,9,7,3,1,3,2,39,9,1,LeBron James,Regular Season,2021-22
22021,2544,0022100487,"Dec 23, 2021",LAL vs. SAS,L,35,15,26,0.577,2,7,0.286,4,6,0.667,2,7,9,6,1,2,3,2,36,-23,1,LeBron James,Regular Season,2021-22
22021,2544,0022100469,"Dec 21, 2021",LAL vs. PHX,L,34,13,19,0.684,2,5,0.4,6,6,1.0,0,7,7,2,2,0,2,1,34,0,1,LeBron James,Regular Season,2021-22
22021,2544,0022100448,"Dec 19, 2021",LAL @ CHI,L,39,11,21,0.524,1,7,0.143,8,11,0.727,1,13,14,6,1,2,4,5,31,-1,1,LeBron James,Regular Season,2021-22
22021,2544,0022100436,"Dec 17, 2021",LAL @ MIN,L,36,5,13,0.385,2,6,0.333,6,8,0.75,1,9,10,5,1,2,4,5,18,-11,1,LeBron James,Regular Season,2021-22
22021,2544,0022100420,"Dec 15, 2021",LAL @ DAL,W,43,9,19,0.474,4,9,0.444,2,3,0.667,0,3,3,5,1,0,2,1,24,-6,1,LeBron James,Regular Season,2021-22
22021,2544,0022100403,"Dec 12, 2021",LAL vs. ORL,W,37,12,20,0.6,3,7,0.429,3,4,0.75,1,10,11,10,0,3,6,2,30,14,1,LeBron James,Regular Season,2021-22
22021,2544,0022100389,"Dec 10, 2021",LAL @ OKC,W,35,13,20,0.65,4,6,0.667,3,4,0.75,0,5,5,6,3,2,2,2,33,19,1,LeBron James,Regular Season,2021-22
22021,2544,0022100380,"Dec 09, 2021",LAL @ MEM,L,37,7,15,0.467,1,6,0.167,5,5,1.0,0,10,10,11,4,2,5,1,20,2,1,LeBron James,Regular Season,2021-22
22021,2544,0022100365,"Dec 07, 2021",LAL vs. BOS,W,36,13,19,0.684,2,5,0.4,2,2,1.0,2,2,4,5,0,0,3,2,30,18,1,LeBron James,Regular Season,2021-22
22021,2544,0022100341,"Dec 03, 2021",LAL vs. LAC,L,36,9,23,0.391,2,8,0.25,3,5,0.6,3,8,11,6,2,0,3,2,23,-5,1,LeBron James,Regular Season,2021-22
22021,2544,0022100304,"Nov 28, 2021",LAL vs. DET,W,37,12,20,0.6,4,9,0.444,5,8,0.625,0,5,5,9,2,1,2,1,33,14,1,LeBron James,Regular Season,2021-22
22021,2544,0022100291,"Nov 26, 2021",LAL vs. SAC,L,50,10,25,0.4,2,13,0.154,8,11,0.727,1,6,7,11,1,0,7,4,30,-7,1,LeBron James,Regular Season,2021-22
22021,2544,0022100268,"Nov 24, 2021",LAL @ IND,W,43,13,29,0.448,5,12,0.417,8,9,0.889,0,5,5,6,1,2,2,2,39,-3,1,LeBron James,Regular Season,2021-22
22021,2544,0022100249,"Nov 21, 2021",LAL @ DET,W,21,4,7,0.571,1,3,0.333,1,1,1.0,0,1,1,5,0,0,2,1,10,-15,1,LeBron James,Regular Season,2021-22
22021,2544,0022100232,"Nov 19, 2021",LAL @ BOS,L,32,10,16,0.625,3,7,0.429,0,1,0.0,1,5,6,2,2,0,3,3,23,-4,1,LeBron James,Regular Season,2021-22
22021,2544,0022100107,"Nov 02, 2021",LAL vs. HOU,W,36,13,21,0.619,2,4,0.5,2,2,1.0,0,4,4,10,2,0,4,3,30,8,1,LeBron James,Regular Season,2021-22
22021,2544,0022100093,"Oct 31, 2021",LAL vs. HOU,W,35,6,19,0.316,0,6,0.0,3,4,0.75,1,6,7,8,4,1,2,0,15,7,1,LeBron James,Regular Season,2021-22
22021,2544,0022100077,"Oct 29, 2021",LAL vs. CLE,W,38,10,22,0.455,1,10,0.1,5,5,1.0,1,2,3,8,3,1,7,1,26,9,1,LeBron James,Regular Season,2021-22
22021,2544,0022100040,"Oct 24, 2021",LAL vs. MEM,W,40,7,19,0.368,4,9,0.444,1,2,0.5,0,6,6,6,2,2,3,1,19,-1,1,LeBron James,Regular Season,2021-22
22021,2544,0022100025,"Oct 22, 2021",LAL vs. PHX,L,37,8,18,0.444,5,9,0.556,4,4,1.0,0,2,2,5,2,0,5,4,25,-6,1,LeBron James,Regular Season,2021-22
22021,2544,0022100002,"Oct 19, 2021",LAL vs. GSW,L,37,13,23,0.565,5,11,0.455,3,6,0.5,1,10,11,5,1,1,4,5,34,-2,1,LeBron James,Regular Season,2021-22
22022,2544,0022201228,"Apr 09, 2023",LAL vs. UTA,W,33,13,25,0.52,8,14,0.571,2,2,1.0,1,5,6,6,1,1,2,0,36,20,1,LeBron James,Regular Season,2022-23
22022,2544,0022201212,"Apr 07, 2023",LAL vs. PHX,W,29,6,19,0.316,3,7,0.429,1,2,0.5,0,6,6,6,0,0,5,1,16,11,1,LeBron James,Regular Season,2022-23
22022,2544,0022201196,"Apr 05, 2023",LAL @ LAC,L,35,13,20,0.65,4,6,0.667,3,5,0.6,0,8,8,7,1,1,6,0,33,-10,1,LeBron James,Regular Season,2022-23
22022,2544,0022201186,"Apr 04, 2023",LAL @ UTA,W,38,14,27,0.519,3,10,0.3,6,6,1.0,0,5,5,6,1,1,5,2,37,-7,1,LeBron James,Regular Season,2022-23
22022,2544,0022201171,"Apr 02, 2023",LAL @ HOU,W,29,8,18,0.444,1,7,0.143,1,1,1.0,2,8,10,11,0,1,1,1,18,23,1,LeBron James,Regular Season,2022-23
22022,2544,0022201157,"Mar 31, 2023",LAL @ MIN,W,32,7,19,0.368,1,3,0.333,3,4,0.75,1,9,10,6,1,2,3,1,18,3,1,LeBron James,Regular Season,2022-23
22022,2544,0022201140,"Mar 29, 2023",LAL @ CHI,W,31,10,19,0.526,1,3,0.333,4,4,1.0,3,5,8,4,2,0,4,2,25,23,1,LeBron James,Regular Season,2022-23
22022,2544,0022201114,"Mar 26, 2023",LAL vs. CHI,L,30,6,11,0.545,0,2,0.0,7,8,0.875,1,7,8,3,0,0,5,2,19,4,1,LeBron James,Regular Season,2022-23
22022,2544,0022200913,"Feb 26, 2023",LAL @ DAL,W,37,10,23,0.435,1,6,0.167,5,7,0.714,3,5,8,3,1,1,3,4,26,0,1,LeBron James,Regular Season,2022-23
22022,2544,0022200893,"Feb 23, 2023",LAL vs. GSW,W,26,5,20,0.25,2,6,0.333,1,2,0.5,3,6,9,8,0,0,2,2,13,22,1,LeBron James,Regular Season,2022-23
22022,2544,0022200882,"Feb 15, 2023",LAL vs. NOP,W,29,7,14,0.5,0,5,0.0,7,10,0.7,0,6,6,6,0,1,4,1,21,14,1,LeBron James,Regular Season,2022-23
22022,2544,0022200821,"Feb 07, 2023",LAL vs. OKC,L,34,13,20,0.65,4,6,0.667,8,10,0.8,0,7,7,3,3,0,4,3,38,8,1,LeBron James,Regular Season,2022-23
22022,2544,0022200798,"Feb 04, 2023",LAL @ NOP,L,40,10,22,0.455,1,7,0.143,6,9,0.667,0,9,9,6,0,0,2,2,27,-5,1,LeBron James,Regular Season,2022-23
22022,2544,0022200778,"Feb 02, 2023",LAL @ IND,W,33,11,19,0.579,2,5,0.4,2,2,1.0,2,5,7,7,0,0,3,1,26,-4,1,LeBron James,Regular Season,2022-23
22022,2544,0022200765,"Jan 31, 2023",LAL @ NYK,W,43,11,25,0.44,2,8,0.25,4,7,0.571,1,9,10,11,1,0,5,2,28,22,1,LeBron James,Regular Season,2022-23
22022,2544,0022200749,"Jan 28, 2023",LAL @ BOS,L,44,15,30,0.5,6,12,0.5,5,6,0.833,1,8,9,8,0,0,2,2,41,2,1,LeBron James,Regular Season,2022-23
22022,2544,0022200729,"Jan 25, 2023",LAL vs. SAS,W,35,8,20,0.4,1,6,0.167,3,4,0.75,1,8,9,11,0,0,6,0,20,2,1,LeBron James,Regular Season,2022-23
22022,2544,0022200719,"Jan 24, 2023",LAL vs. LAC,L,33,16,29,0.552,9,14,0.643,5,5,1.0,1,7,8,7,2,1,0,0,46,-14,1,LeBron James,Regular Season,2022-23
22022,2544,0022200705,"Jan 22, 2023",LAL @ POR,W,36,14,24,0.583,2,7,0.286,7,10,0.7,0,11,11,4,0,2,4,2,37,17,1,LeBron James,Regular Season,2022-23
22022,2544,0022200690,"Jan 20, 2023",LAL vs. MEM,W,37,8,21,0.381,1,5,0.2,6,7,0.857,2,7,9,6,2,2,3,4,23,9,1,LeBron James,Regular Season,2022-23
22022,2544,0022200677,"Jan 18, 2023",LAL vs. SAC,L,37,11,25,0.44,2,9,0.222,8,9,0.889,0,8,8,9,1,1,1,0,32,-16,1,LeBron James,Regular Season,2022-23
22022,2544,0022200664,"Jan 16, 2023",LAL vs. HOU,W,36,16,26,0.615,5,10,0.5,11,12,0.917,1,7,8,9,0,0,0,1,48,19,1,LeBron James,Regular Season,2022-23
22022,2544,0022200655,"Jan 15, 2023",LAL vs. PHI,L,35,15,23,0.652,1,5,0.2,4,5,0.8,0,8,8,10,1,1,3,1,35,19,1,LeBron James,Regular Season,2022-23
22022,2544,0022200630,"Jan 12, 2023",LAL vs. DAL,L,47,9,28,0.321,0,7,0.0,6,10,0.6,6,10,16,9,2,0,3,0,24,-3,1,LeBron James,Regular Season,2022-23
22022,2544,0022200595,"Jan 07, 2023",LAL @ SAC,W,38,14,28,0.5,1,6,0.167,8,9,0.889,1,7,8,7,1,0,4,2,37,15,1,LeBron James,Regular Season,2022-23
22022,2544,0022200590,"Jan 06, 2023",LAL vs. ATL,W,33,10,19,0.526,1,5,0.2,4,6,0.667,0,7,7,10,0,0,5,0,25,12,1,LeBron James,Regular Season,2022-23
22022,2544,0022200551,"Jan 02, 2023",LAL @ CHA,W,40,16,26,0.615,0,5,0.0,11,15,0.733,0,11,11,6,1,0,3,1,43,9,1,LeBron James,Regular Season,2022-23
22022,2544,0022200530,"Dec 30, 2022",LAL @ ATL,W,40,18,27,0.667,4,6,0.667,7,9,0.778,2,8,10,9,0,1,5,0,47,12,1,LeBron James,Regular Season,2022-23
22022,2544,0022200518,"Dec 28, 2022",LAL @ MIA,L,33,10,18,0.556,2,5,0.4,5,5,1.0,0,9,9,6,0,0,6,4,27,-4,1,LeBron James,Regular Season,2022-23
22022,2544,0022200505,"Dec 27, 2022",LAL @ ORL,W,31,12,24,0.5,0,7,0.0,4,5,0.8,2,5,7,5,1,1,4,1,28,8,1,LeBron James,Regular Season,2022-23
22022,2544,0022200494,"Dec 25, 2022",LAL @ DAL,L,34,13,23,0.565,0,4,0.0,12,12,1.0,0,6,6,5,0,0,2,2,38,2,1,LeBron James,Regular Season,2022-23
22022,2544,0022200492,"Dec 23, 2022",LAL vs. CHA,L,34,15,23,0.652,4,8,0.5,0,2,0.0,0,2,2,8,1,0,3,2,34,-6,1,LeBron James,Regular Season,2022-23
22022,2544,0022200475,"Dec 21, 2022",LAL @ SAC,L,34,11,21,0.524,0,4,0.0,9,10,0.9,0,6,6,11,0,2,2,0,31,-4,1,LeBron James,Regular Season,2022-23
22022,2544,0022200451,"Dec 18, 2022",LAL vs. WAS,W,37,13,24,0.542,1,4,0.25,6,8,0.75,1,6,7,9,0,1,0,0,33,10,1,LeBron James,Regular Season,2022-23
22022,2544,0022200437,"Dec 16, 2022",LAL vs. DEN,W,36,13,21,0.619,1,4,0.25,3,4,0.75,1,8,9,4,2,0,2,2,30,26,1,LeBron James,Regular Season,2022-23
22022,2544,0022200413,"Dec 13, 2022",LAL vs. BOS,L,43,14,25,0.56,3,11,0.273,2,4,0.5,0,9,9,9,2,1,4,4,33,10,1,LeBron James,Regular Season,2022-23
22022,2544,0022200396,"Dec 11, 2022",LAL @ DET,W,37,14,24,0.583,2,6,0.333,5,5,1.0,1,4,5,5,1,0,1,1,35,18,1,LeBron James,Regular Season,2022-23
22022,2544,0022200382,"Dec 09, 2022",LAL @ PHI,L,44,9,22,0.409,1,8,0.125,4,8,0.5,1,3,4,6,2,0,3,3,23,-10,1,LeBron James,Regular Season,2022-23
22022,2544,0022200360,"Dec 06, 2022",LAL @ CLE,L,36,8,17,0.471,2,6,0.333,3,4,0.75,4,13,17,4,1,1,3,0,21,-14,1,LeBron James,Regular Season,2022-23
22022,2544,0022200349,"Dec 04, 2022",LAL @ WAS,W,34,12,26,0.462,2,7,0.286,3,4,0.75,1,7,8,6,1,0,5,3,29,13,1,LeBron James,Regular Season,2022-23
22022,2544,0022200331,"Dec 02, 2022",LAL @ MIL,W,37,12,27,0.444,3,6,0.5,1,2,0.5,1,7,8,11,2,0,0,2,28,6,1,LeBron James,Regular Season,2022-23
22022,2544,0022200324,"Nov 30, 2022",LAL vs. POR,W,33,12,18,0.667,6,8,0.75,1,3,0.333,2,5,7,8,0,1,2,1,31,8,1,LeBron James,Regular Season,2022-23
22022,2544,0022200308,"Nov 28, 2022",LAL vs. IND,L,36,8,22,0.364,3,10,0.3,2,3,0.667,1,6,7,3,1,0,1,1,21,-7,1,LeBron James,Regular Season,2022-23
22022,2544,0022200288,"Nov 26, 2022",LAL @ SAS,W,35,11,21,0.524,7,12,0.583,10,10,1.0,0,11,11,3,1,1,4,3,39,-3,1,LeBron James,Regular Season,2022-23
22022,2544,0022200282,"Nov 25, 2022",LAL @ SAS,W,33,8,17,0.471,1,4,0.25,4,4,1.0,0,8,8,5,3,1,9,2,21,16,1,LeBron James,Regular Season,2022-23
22022,2544,0022200170,"Nov 09, 2022",LAL @ LAC,L,32,12,22,0.545,4,9,0.444,2,4,0.5,1,7,8,5,2,0,3,2,30,-17,1,LeBron James,Regular Season,2022-23
22022,2544,0022200140,"Nov 06, 2022",LAL vs. CLE,L,34,13,23,0.565,1,4,0.25,0,3,0.0,2,5,7,4,0,0,1,0,27,-8,1,LeBron James,Regular Season,2022-23
22022,2544,0022200131,"Nov 04, 2022",LAL vs. UTA,L,34,7,19,0.368,0,5,0.0,3,5,0.6,2,8,10,8,0,1,3,3,17,-11,1,LeBron James,Regular Season,2022-23
22022,2544,0022200117,"Nov 02, 2022",LAL vs. NOP,W,40,9,23,0.391,0,7,0.0,2,4,0.5,0,10,10,8,0,2,2,3,20,5,1,LeBron James,Regular Season,2022-23
22022,2544,0022200095,"Oct 30, 2022",LAL vs. DEN,W,35,10,22,0.455,2,5,0.4,4,5,0.8,0,6,6,8,1,0,3,1,26,-1,1,LeBron James,Regular Season,2022-23
22022,2544,0022200076,"Oct 28, 2022",LAL @ MIN,L,37,10,24,0.417,1,6,0.167,7,8,0.875,3,4,7,5,4,0,3,2,28,-13,1,LeBron James,Regular Season,2022-23
22022,2544,0022200064,"Oct 26, 2022",LAL @ DEN,L,35,8,21,0.381,2,8,0.25,1,2,0.5,2,5,7,9,1,0,8,1,19,-7,1,LeBron James,Regular Season,2022-23
22022,2544,0022200037,"Oct 23, 2022",LAL vs. POR,L,38,12,22,0.545,2,9,0.222,5,7,0.714,1,7,8,8,2,2,4,3,31,2,1,LeBron James,Regular Season,2022-23
22022,2544,0022200016,"Oct 20, 2022",LAL vs. LAC,L,37,7,17,0.412,2,8,0.25,4,6,0.667,2,8,10,6,1,2,2,3,20,-1,1,LeBron James,Regular Season,2022-23
22022,2544,0022200002,"Oct 18, 2022",LAL @ GSW,L,35,12,26,0.462,3,10,0.3,4,4,1.0,5,10,15,8,0,0,5,2,31,-10,1,LeBron James,Regular Season,2022-23
42022,2544,0042200314,"May 22, 2023",LAL vs. DEN,L,48,15,25,0.6,4,7,0.571,6,7,0.857,2,8,10,9,2,0,1,1,40,-2,1,LeBron James,Playoffs,2022-23
42022,2544,0042200313,"May 20, 2023",LAL vs. DEN,L,43,8,19,0.421,3,9,0.333,4,7,0.571,0,7,7,12,0,0,2,2,23,-4,1,LeBron James,Playoffs,2022-23
42022,2544,0042200312,"May 18, 2023",LAL @ DEN,L,40,9,19,0.474,0,6,0.0,4,4,1.0,0,9,9,10,4,2,3,2,22,4,1,LeBron James,Playoffs,2022-23
42022,2544,0042200311,"May 16, 2023",LAL @ DEN,L,40,9,16,0.563,0,4,0.0,8,11,0.727,3,9,12,9,0,1,3,1,26,-6,1,LeBron James,Playoffs,2022-23
42022,2544,0042200236,"May 12, 2023",LAL vs. GSW,W,43,10,14,0.714,2,3,0.667,8,11,0.727,0,9,9,9,2,1,2,2,30,21,1,LeBron James,Playoffs,2022-23
42022,2544,0042200235,"May 10, 2023",LAL @ GSW,L,39,9,17,0.529,3,7,0.429,4,4,1.0,1,8,9,3,2,1,4,3,25,-16,1,LeBron James,Playoffs,2022-23
42022,2544,0042200234,"May 08, 2023",LAL vs. GSW,W,43,10,25,0.4,2,9,0.222,5,5,1.0,2,7,9,6,0,1,3,3,27,-8,1,LeBron James,Playoffs,2022-23
42022,2544,0042200233,"May 06, 2023",LAL vs. GSW,W,32,6,11,0.545,2,4,0.5,7,8,0.875,1,7,8,8,0,1,0,0,21,26,1,LeBron James,Playoffs,2022-23
42022,2544,0042200232,"May 04, 2023",LAL @ GSW,L,28,10,18,0.556,3,8,0.375,0,0,0.0,0,7,7,3,1,0,0,3,23,-27,1,LeBron James,Playoffs,2022-23
42022,2544,0042200231,"May 02, 2023",LAL @ GSW,W,40,9,24,0.375,1,8,0.125,3,4,0.75,2,9,11,4,0,3,4,0,22,1,1,LeBron James,Playoffs,2022-23
42022,2544,0042200156,"Apr 28, 2023",LAL vs. MEM,W,31,9,13,0.692,2,5,0.4,2,3,0.667,1,4,5,6,1,0,3,2,22,32,1,LeBron James,Playoffs,2022-23
42022,2544,0042200155,"Apr 26, 2023",LAL @ MEM,L,37,5,17,0.294,1,9,0.111,4,6,0.667,2,8,10,5,1,1,5,1,15,-1,1,LeBron James,Playoffs,2022-23
42022,2544,0042200154,"Apr 24, 2023",LAL vs. MEM,W,45,8,18,0.444,1,7,0.143,5,7,0.714,5,15,20,7,0,2,1,3,22,8,1,LeBron James,Playoffs,2022-23
42022,2544,0042200153,"Apr 22, 2023",LAL vs. MEM,W,36,10,20,0.5,0,4,0.0,5,7,0.714,2,7,9,5,1,1,3,3,25,-6,1,LeBron James,Playoffs,2022-23
42022,2544,0042200152,"Apr 19, 2023",LAL @ MEM,L,39,12,23,0.522,1,8,0.125,3,4,0.75,2,10,12,3,1,1,1,1,28,-17,1,LeBron James,Playoffs,2022-23
42022,2544,0042200151,"Apr 16, 2023",LAL @ MEM,W,34,8,16,0.5,3,8,0.375,2,4,0.5,2,9,11,5,2,3,5,1,21,7,1,LeBron James,Playoffs,2022-23
22023,2544,0022301195,"Apr 14, 2024",LAL @ NOP,W,38,11,20,0.55,0,2,0.0,6,6,1.0,2,9,11,17,5,1,4,0,28,19,1,LeBron James,Regular Season,2023-24
22023,2544,0022301177,"Apr 12, 2024",LAL @ MEM,W,41,13,20,0.65,3,7,0.429,8,11,0.727,2,7,9,5,2,0,8,1,37,-3,1,LeBron James,Regular Season,2023-24
22023,2544,0022301155,"Apr 09, 2024",LAL vs. GSW,L,36,14,22,0.636,1,3,0.333,4,5,0.8,1,6,7,11,2,0,4,0,33,-6,1,LeBron James,Regular Season,2023-24
22023,2544,0022301127,"Apr 06, 2024",LAL vs. CLE,W,36,10,18,0.556,1,5,0.2,3,5,0.6,0,5,5,12,1,1,5,1,24,10,1,LeBron James,Regular Season,2023-24
22023,2544,0022301103,"Apr 03, 2024",LAL @ WAS,W,36,9,18,0.5,0,1,0.0,7,9,0.778,2,5,7,9,3,0,4,2,25,9,1,LeBron James,Regular Season,2023-24
22023,2544,0022301094,"Apr 02, 2024",LAL @ TOR,W,29,10,12,0.833,1,1,1.0,2,5,0.4,0,4,4,9,0,0,1,0,23,13,1,LeBron James,Regular Season,2023-24
22023,2544,0022301078,"Mar 31, 2024",LAL @ BKN,W,37,13,17,0.765,9,10,0.9,5,6,0.833,1,6,7,5,0,0,4,0,40,22,1,LeBron James,Regular Season,2023-24
22023,2544,0022301063,"Mar 29, 2024",LAL @ IND,L,35,6,12,0.5,0,3,0.0,4,4,1.0,1,9,10,8,0,0,5,1,16,-13,1,LeBron James,Regular Season,2023-24
22023,2544,0022301055,"Mar 27, 2024",LAL @ MEM,W,35,8,14,0.571,0,1,0.0,7,11,0.636,0,14,14,12,1,0,4,1,23,33,1,LeBron James,Regular Season,2023-24
22023,2544,0022301032,"Mar 24, 2024",LAL vs. IND,W,38,8,19,0.421,2,4,0.5,8,8,1.0,1,4,5,10,1,1,3,1,26,12,1,LeBron James,Regular Season,2023-24
22023,2544,0022301018,"Mar 22, 2024",LAL vs. PHI,W,38,7,15,0.467,1,3,0.333,5,7,0.714,0,8,8,6,0,1,8,1,20,7,1,LeBron James,Regular Season,2023-24
22023,2544,0022300990,"Mar 18, 2024",LAL vs. ATL,W,29,10,14,0.714,2,5,0.4,3,3,1.0,0,7,7,10,0,0,2,0,25,20,1,LeBron James,Regular Season,2023-24
22023,2544,0022300973,"Mar 16, 2024",LAL vs. GSW,L,38,15,23,0.652,3,5,0.6,7,8,0.875,3,5,8,9,1,1,4,1,40,-6,1,LeBron James,Regular Season,2023-24
22023,2544,0022300954,"Mar 13, 2024",LAL @ SAC,L,40,6,16,0.375,2,8,0.25,4,6,0.667,1,12,13,9,2,0,5,3,18,-10,1,LeBron James,Regular Season,2023-24
22023,2544,0022300932,"Mar 10, 2024",LAL vs. MIN,W,38,10,16,0.625,2,4,0.5,7,9,0.778,0,8,8,9,0,0,4,1,29,14,1,LeBron James,Regular Season,2023-24
22023,2544,0022300901,"Mar 06, 2024",LAL vs. SAC,L,36,10,16,0.625,1,4,0.25,10,10,1.0,0,5,5,13,1,0,3,0,31,-3,1,LeBron James,Regular Season,2023-24
22023,2544,0022300884,"Mar 04, 2024",LAL vs. OKC,W,31,7,14,0.5,1,3,0.333,4,5,0.8,1,10,11,8,1,0,3,1,19,14,1,LeBron James,Regular Season,2023-24
22023,2544,0022300869,"Mar 02, 2024",LAL vs. DEN,L,37,12,20,0.6,2,5,0.4,0,2,0.0,0,4,4,9,3,0,3,1,26,-1,1,LeBron James,Regular Season,2023-24
22023,2544,0022300856,"Feb 29, 2024",LAL vs. WAS,W,39,12,24,0.5,2,5,0.4,5,7,0.714,0,4,4,9,1,1,4,1,31,-5,1,LeBron James,Regular Season,2023-24
22023,2544,0022300848,"Feb 28, 2024",LAL @ LAC,W,37,13,21,0.619,7,12,0.583,1,1,1.0,1,5,6,8,0,2,3,2,34,11,1,LeBron James,Regular Season,2023-24
22023,2544,0022300818,"Feb 25, 2024",LAL @ PHX,L,37,12,19,0.632,3,6,0.5,1,4,0.25,1,6,7,12,2,1,3,3,28,-8,1,LeBron James,Regular Season,2023-24
22023,2544,0022300813,"Feb 23, 2024",LAL vs. SAS,W,34,13,22,0.591,2,3,0.667,2,2,1.0,1,6,7,9,1,0,2,0,30,21,1,LeBron James,Regular Season,2023-24
22023,2544,0022300776,"Feb 13, 2024",LAL vs. DET,W,31,9,15,0.6,3,6,0.5,4,4,1.0,0,1,1,8,0,0,4,0,25,9,1,LeBron James,Regular Season,2023-24
22023,2544,0022300747,"Feb 09, 2024",LAL vs. NOP,W,38,6,13,0.462,2,2,1.0,7,8,0.875,1,3,4,14,1,1,2,2,21,15,1,LeBron James,Regular Season,2023-24
22023,2544,0022300740,"Feb 08, 2024",LAL vs. DEN,L,35,9,20,0.45,2,6,0.333,5,5,1.0,1,8,9,7,1,1,2,0,25,-6,1,LeBron James,Regular Season,2023-24
22023,2544,0022300713,"Feb 05, 2024",LAL @ CHA,W,40,12,22,0.545,0,5,0.0,2,3,0.667,0,4,4,7,1,1,4,2,26,2,1,LeBron James,Regular Season,2023-24
22023,2544,0022300701,"Feb 03, 2024",LAL @ NYK,W,40,10,19,0.526,2,5,0.4,2,2,1.0,1,4,5,5,2,1,1,1,24,11,1,LeBron James,Regular Season,2023-24
22023,2544,0022300669,"Jan 30, 2024",LAL @ ATL,L,36,7,17,0.412,2,6,0.333,4,9,0.444,2,7,9,8,1,1,3,1,20,-6,1,LeBron James,Regular Season,2023-24
22023,2544,0022300662,"Jan 29, 2024",LAL @ HOU,L,37,9,15,0.6,2,5,0.4,3,8,0.375,0,6,6,10,1,1,1,4,23,-11,1,LeBron James,Regular Season,2023-24
22023,2544,0022300650,"Jan 27, 2024",LAL @ GSW,W,48,14,25,0.56,2,4,0.5,6,6,1.0,1,19,20,12,0,0,3,2,36,-6,1,LeBron James,Regular Season,2023-24
22023,2544,0022300633,"Jan 25, 2024",LAL vs. CHI,W,36,10,19,0.526,3,4,0.75,2,2,1.0,0,4,4,12,2,0,5,2,25,14,1,LeBron James,Regular Season,2023-24
22023,2544,0022300605,"Jan 21, 2024",LAL vs. POR,W,31,8,16,0.5,3,8,0.375,9,10,0.9,0,5,5,5,0,0,3,2,28,28,1,LeBron James,Regular Season,2023-24
22023,2544,0022300591,"Jan 19, 2024",LAL vs. BKN,L,34,9,22,0.409,2,5,0.4,4,5,0.8,5,6,11,5,0,0,4,1,24,-13,1,LeBron James,Regular Season,2023-24
22023,2544,0022300577,"Jan 17, 2024",LAL vs. DAL,W,33,10,19,0.526,3,7,0.429,2,2,1.0,1,7,8,8,1,0,3,1,25,20,1,LeBron James,Regular Season,2023-24
22023,2544,0022300565,"Jan 15, 2024",LAL vs. OKC,W,39,12,20,0.6,1,2,0.5,0,1,0.0,0,7,7,6,0,0,5,1,25,2,1,LeBron James,Regular Season,2023-24
22023,2544,0022300531,"Jan 11, 2024",LAL vs. PHX,L,24,3,11,0.273,0,4,0.0,4,7,0.571,0,5,5,9,1,0,4,1,10,-25,1,LeBron James,Regular Season,2023-24
22023,2544,0022300516,"Jan 09, 2024",LAL vs. TOR,W,35,8,17,0.471,2,5,0.4,4,6,0.667,0,5,5,12,1,1,3,0,22,0,1,LeBron James,Regular Season,2023-24
22023,2544,0022300505,"Jan 07, 2024",LAL vs. LAC,W,38,11,19,0.579,1,3,0.333,2,3,0.667,1,7,8,7,1,0,4,2,25,5,1,LeBron James,Regular Season,2023-24
22023,2544,0022300491,"Jan 05, 2024",LAL vs. MEM,L,39,11,24,0.458,4,9,0.444,6,10,0.6,2,3,5,7,5,0,4,0,32,-8,1,LeBron James,Regular Season,2023-24
22023,2544,0022300475,"Jan 03, 2024",LAL vs. MIA,L,38,6,18,0.333,0,6,0.0,0,0,0.0,0,6,6,9,0,0,2,2,12,-20,1,LeBron James,Regular Season,2023-24
22023,2544,0022300446,"Dec 31, 2023",LAL @ NOP,L,37,12,24,0.5,3,7,0.429,7,8,0.875,0,5,5,8,0,1,4,2,34,-11,1,LeBron James,Regular Season,2023-24
22023,2544,0022300443,"Dec 30, 2023",LAL @ MIN,L,39,10,21,0.476,1,4,0.25,5,7,0.714,0,3,3,6,3,1,1,2,26,-5,1,LeBron James,Regular Season,2023-24
22023,2544,0022300428,"Dec 28, 2023",LAL vs. CHA,W,25,7,13,0.538,2,5,0.4,1,1,1.0,0,4,4,11,0,0,3,0,17,1,1,LeBron James,Regular Season,2023-24
22023,2544,0022300403,"Dec 25, 2023",LAL vs. BOS,L,37,5,14,0.357,1,2,0.5,5,6,0.833,0,9,9,8,0,0,3,1,16,-11,1,LeBron James,Regular Season,2023-24
22023,2544,0022300397,"Dec 23, 2023",LAL @ OKC,W,37,13,20,0.65,5,5,1.0,9,9,1.0,2,5,7,7,2,2,3,0,40,10,1,LeBron James,Regular Season,2023-24
22023,2544,0022300370,"Dec 20, 2023",LAL @ CHI,L,37,10,18,0.556,1,3,0.333,4,4,1.0,2,8,10,9,1,2,5,0,25,-11,1,LeBron James,Regular Season,2023-24
22023,2544,0022300359,"Dec 18, 2023",LAL vs. NYK,L,39,10,23,0.435,2,8,0.25,3,4,0.75,1,10,11,11,1,0,2,1,25,-13,1,LeBron James,Regular Season,2023-24
22023,2544,0022300331,"Dec 15, 2023",LAL @ SAS,L,36,7,17,0.412,2,6,0.333,7,10,0.7,2,5,7,14,2,0,2,1,23,-28,1,LeBron James,Regular Season,2023-24
22023,2544,0022300306,"Dec 12, 2023",LAL @ DAL,L,40,14,27,0.519,3,8,0.375,2,3,0.667,2,6,8,9,3,1,4,1,33,-4,1,LeBron James,Regular Season,2023-24
22023,2544,0022301230,"Dec 07, 2023",LAL vs. NOP,W,23,9,12,0.75,4,4,1.0,8,8,1.0,0,5,5,8,0,0,0,1,30,36,1,LeBron James,Regular Season,2023-24
22023,2544,0022301203,"Dec 05, 2023",LAL vs. PHX,W,40,12,25,0.48,2,4,0.5,5,6,0.833,3,5,8,11,5,0,2,3,31,12,1,LeBron James,Regular Season,2023-24
22023,2544,0022300291,"Dec 02, 2023",LAL vs. HOU,W,35,7,17,0.412,0,4,0.0,2,5,0.4,0,4,4,7,1,1,5,0,16,16,1,LeBron James,Regular Season,2023-24
22023,2544,0022300271,"Nov 30, 2023",LAL @ OKC,L,35,7,12,0.583,4,8,0.5,3,4,0.75,2,10,12,6,1,1,5,1,21,-18,1,LeBron James,Regular Season,2023-24
22023,2544,0022300258,"Nov 29, 2023",LAL @ DET,W,29,9,19,0.474,2,6,0.333,5,5,1.0,2,6,8,3,0,0,1,0,25,26,1,LeBron James,Regular Season,2023-24
22023,2544,0022300255,"Nov 27, 2023",LAL @ PHI,L,30,8,12,0.667,1,1,1.0,1,2,0.5,0,0,0,5,1,1,1,0,18,-30,1,LeBron James,Regular Season,2023-24
22023,2544,0022300242,"Nov 25, 2023",LAL @ CLE,W,36,8,23,0.348,1,9,0.111,5,7,0.714,1,5,6,6,2,2,4,1,22,2,1,LeBron James,Regular Season,2023-24
22023,2544,0022300238,"Nov 22, 2023",LAL vs. DAL,L,36,9,19,0.474,4,9,0.444,4,7,0.571,2,7,9,7,0,0,3,0,26,7,1,LeBron James,Regular Season,2023-24
22023,2544,0022300042,"Nov 21, 2023",LAL vs. UTA,W,24,6,10,0.6,3,5,0.6,2,2,1.0,1,6,7,9,0,0,2,0,17,14,1,LeBron James,Regular Season,2023-24
22023,2544,0022300216,"Nov 19, 2023",LAL vs. HOU,W,40,14,19,0.737,2,5,0.4,7,9,0.778,1,5,6,8,3,0,2,0,37,2,1,LeBron James,Regular Season,2023-24
22023,2544,0022300036,"Nov 17, 2023",LAL @ POR,W,35,13,22,0.591,5,9,0.556,4,6,0.667,0,5,5,9,2,0,3,3,35,19,1,LeBron James,Regular Season,2023-24
22023,2544,0022300198,"Nov 15, 2023",LAL vs. SAC,L,35,9,15,0.6,3,7,0.429,7,8,0.875,2,8,10,12,4,1,6,1,28,0,1,LeBron James,Regular Season,2023-24
22023,2544,0022300026,"Nov 14, 2023",LAL vs. MEM,W,23,6,11,0.545,3,6,0.5,1,2,0.5,0,9,9,6,1,0,4,1,16,15,1,LeBron James,Regular Season,2023-24
22023,2544,0022300015,"Nov 10, 2023",LAL @ PHX,W,36,11,17,0.647,3,4,0.75,7,11,0.636,1,10,11,6,1,1,4,1,32,2,1,LeBron James,Regular Season,2023-24
22023,2544,0022300163,"Nov 08, 2023",LAL @ HOU,L,27,7,13,0.538,0,2,0.0,4,5,0.8,1,5,6,2,0,0,3,1,18,-24,1,LeBron James,Regular Season,2023-24
22023,2544,0022300150,"Nov 06, 2023",LAL @ MIA,L,37,13,23,0.565,0,4,0.0,4,4,1.0,0,4,4,3,1,3,5,4,30,6,1,LeBron James,Regular Season,2023-24
22023,2544,0022300134,"Nov 04, 2023",LAL @ ORL,L,35,8,15,0.533,2,5,0.4,6,7,0.857,1,8,9,5,3,0,3,1,24,12,1,LeBron James,Regular Season,2023-24
22023,2544,0022300127,"Nov 01, 2023",LAL vs. LAC,W,42,13,19,0.684,4,8,0.5,5,10,0.5,0,12,12,7,1,2,4,3,35,6,1,LeBron James,Regular Season,2023-24
22023,2544,0022300111,"Oct 30, 2023",LAL vs. ORL,W,33,7,17,0.412,2,6,0.333,3,4,0.75,0,3,3,4,3,1,5,0,19,5,1,LeBron James,Regular Season,2023-24
22023,2544,0022300100,"Oct 29, 2023",LAL @ SAC,L,39,11,19,0.579,3,8,0.375,2,6,0.333,0,15,15,8,0,0,8,2,27,-5,1,LeBron James,Regular Season,2023-24
22023,2544,0022300076,"Oct 26, 2023",LAL vs. PHX,W,35,7,14,0.5,1,5,0.2,6,8,0.75,1,7,8,9,2,2,5,1,21,22,1,LeBron James,Regular Season,2023-24
22023,2544,0022300061,"Oct 24, 2023",LAL @ DEN,L,29,10,16,0.625,1,4,0.25,0,1,0.0,1,7,8,5,1,0,0,1,21,7,1,LeBron James,Regular Season,2023-24
42023,2544,0042300155,"Apr 29, 2024",LAL @ DEN,L,44,11,21,0.524,3,7,0.429,5,7,0.714,1,8,9,11,4,0,1,4,30,3,1,LeBron James,Playoffs,2023-24
42023,2544,0042300154,"Apr 27, 2024",LAL vs. DEN,W,39,14,23,0.609,0,2,0.0,2,2,1.0,1,4,5,4,3,1,6,0,30,1,1,LeBron James,Playoffs,2023-24
42023,2544,0042300153,"Apr 25, 2024",LAL vs. DEN,L,42,12,20,0.6,1,6,0.167,1,2,0.5,0,6,6,9,2,1,3,3,26,-8,1,LeBron James,Playoffs,2023-24
42023,2544,0042300152,"Apr 22, 2024",LAL @ DEN,L,38,9,19,0.474,3,6,0.5,5,7,0.714,0,8,8,12,2,2,2,3,26,2,1,LeBron James,Playoffs,2023-24
42023,2544,0042300151,"Apr 20, 2024",LAL @ DEN,L,41,10,16,0.625,3,5,0.6,4,5,0.8,2,4,6,8,1,1,7,1,27,-9,1,LeBron James,Playoffs,2023-24
22024,2544,0022401185,"Apr 11, 2025",LAL vs. HOU,W,22,6,11,0.545,1,4,0.25,1,1,1.0,0,4,4,8,1,0,1,1,14,5,1,LeBron James,Regular Season,2024-25
22024,2544,0022401159,"Apr 09, 2025",LAL @ DAL,W,36,11,20,0.55,0,4,0.0,5,6,0.833,2,5,7,3,1,0,2,2,27,18,1,LeBron James,Regular Season,2024-25
22024,2544,0022401153,"Apr 08, 2025",LAL @ OKC,L,35,8,19,0.421,3,6,0.5,9,10,0.9,0,7,7,3,1,0,6,1,28,-23,1,LeBron James,Regular Season,2024-25
22024,2544,0022401135,"Apr 06, 2025",LAL @ OKC,W,34,9,16,0.563,1,1,1.0,0,0,0.0,2,1,3,7,1,0,2,0,19,7,1,LeBron James,Regular Season,2024-25
22024,2544,0022401126,"Apr 04, 2025",LAL vs. NOP,W,33,9,17,0.529,2,7,0.286,7,8,0.875,0,0,0,8,2,0,1,1,27,7,1,LeBron James,Regular Season,2024-25
22024,2544,0022401117,"Apr 03, 2025",LAL vs. GSW,L,40,10,15,0.667,5,8,0.625,8,9,0.889,1,4,5,9,1,1,4,2,33,-1,1,LeBron James,Regular Season,2024-25
22024,2544,0022401096,"Mar 31, 2025",LAL vs. HOU,W,38,5,12,0.417,2,4,0.5,4,4,1.0,0,8,8,4,2,2,3,1,16,9,1,LeBron James,Regular Season,2024-25
22024,2544,0022401078,"Mar 29, 2025",LAL @ MEM,W,37,10,21,0.476,2,5,0.4,3,4,0.75,1,5,6,8,3,1,3,3,25,-1,1,LeBron James,Regular Season,2024-25
22024,2544,0022401063,"Mar 27, 2025",LAL @ CHI,L,39,8,20,0.4,0,5,0.0,1,2,0.5,1,4,5,12,2,0,4,1,17,-10,1,LeBron James,Regular Season,2024-25
22024,2544,0022401055,"Mar 26, 2025",LAL @ IND,W,38,4,12,0.333,0,3,0.0,5,5,1.0,3,10,13,7,1,0,1,1,13,5,1,LeBron James,Regular Season,2024-25
22024,2544,0022401038,"Mar 24, 2025",LAL @ ORL,L,38,9,18,0.5,0,3,0.0,6,7,0.857,3,3,6,7,0,0,2,0,24,-17,1,LeBron James,Regular Season,2024-25
22024,2544,0022401028,"Mar 22, 2025",LAL vs. CHI,L,31,7,16,0.438,1,2,0.5,2,5,0.4,0,6,6,4,3,0,5,1,17,-27,1,LeBron James,Regular Season,2024-25
22024,2544,0022400918,"Mar 08, 2025",LAL @ BOS,L,35,11,23,0.478,0,6,0.0,0,3,0.0,2,12,14,9,0,0,1,3,22,-11,1,LeBron James,Regular Season,2024-25
22024,2544,0022400903,"Mar 06, 2025",LAL vs. NYK,W,44,11,23,0.478,2,8,0.25,7,8,0.875,1,11,12,8,0,1,1,3,31,4,1,LeBron James,Regular Season,2024-25
22024,2544,0022400890,"Mar 04, 2025",LAL vs. NOP,W,33,10,18,0.556,5,10,0.5,9,9,1.0,1,7,8,6,1,2,4,1,34,7,1,LeBron James,Regular Season,2024-25
22024,2544,0022400874,"Mar 02, 2025",LAL vs. LAC,W,36,6,17,0.353,1,6,0.167,4,4,1.0,1,4,5,9,2,1,8,2,17,-5,1,LeBron James,Regular Season,2024-25
22024,2544,0022400859,"Feb 28, 2025",LAL vs. LAC,W,37,12,21,0.571,2,7,0.286,2,3,0.667,1,12,13,3,1,0,4,0,28,-1,1,LeBron James,Regular Season,2024-25
22024,2544,0022400849,"Feb 27, 2025",LAL vs. MIN,W,37,11,21,0.524,4,9,0.444,7,10,0.7,5,12,17,6,1,1,4,1,33,12,1,LeBron James,Regular Season,2024-25
22024,2544,0022400835,"Feb 25, 2025",LAL vs. DAL,W,37,11,17,0.647,2,4,0.5,3,4,0.75,3,9,12,3,1,0,6,2,27,-5,1,LeBron James,Regular Season,2024-25
22024,2544,0022400808,"Feb 22, 2025",LAL @ DEN,W,33,11,19,0.579,1,4,0.25,2,3,0.667,2,7,9,5,1,3,1,2,25,9,1,LeBron James,Regular Season,2024-25
22024,2544,0022400796,"Feb 20, 2025",LAL @ POR,W,36,14,24,0.583,4,8,0.5,8,8,1.0,0,8,8,4,2,1,11,2,40,8,1,LeBron James,Regular Season,2024-25
22024,2544,0022400524,"Feb 19, 2025",LAL vs. CHA,L,38,10,22,0.455,4,11,0.364,2,2,1.0,1,6,7,11,1,2,2,0,26,-4,1,LeBron James,Regular Season,2024-25
22024,2544,0022400781,"Feb 12, 2025",LAL @ UTA,L,34,6,13,0.462,4,8,0.5,2,4,0.5,1,5,6,7,1,0,3,3,18,-10,1,LeBron James,Regular Season,2024-25
22024,2544,0022400768,"Feb 10, 2025",LAL vs. UTA,W,29,10,17,0.588,3,7,0.429,1,2,0.5,1,6,7,8,1,0,7,2,24,24,1,LeBron James,Regular Season,2024-25
22024,2544,0022400731,"Feb 06, 2025",LAL vs. GSW,W,38,14,25,0.56,6,9,0.667,8,10,0.8,1,16,17,8,1,1,3,1,42,7,1,LeBron James,Regular Season,2024-25
22024,2544,0022400715,"Feb 04, 2025",LAL @ LAC,W,31,8,13,0.615,2,4,0.5,8,11,0.727,0,8,8,9,3,0,3,4,26,19,1,LeBron James,Regular Season,2024-25
22024,2544,0022400692,"Feb 01, 2025",LAL @ NYK,W,37,14,26,0.538,3,8,0.375,2,4,0.5,0,11,11,12,0,0,5,3,33,12,1,LeBron James,Regular Season,2024-25
22024,2544,0022400674,"Jan 30, 2025",LAL @ WAS,W,27,9,19,0.474,1,4,0.25,5,5,1.0,0,3,3,11,0,0,0,1,24,29,1,LeBron James,Regular Season,2024-25
22024,2544,0022400660,"Jan 28, 2025",LAL @ PHI,L,33,10,16,0.625,1,4,0.25,10,11,0.909,1,7,8,9,1,0,8,1,31,-11,1,LeBron James,Regular Season,2024-25
22024,2544,0022400648,"Jan 27, 2025",LAL @ CHA,W,36,9,17,0.529,1,8,0.125,3,5,0.6,0,7,7,8,0,0,5,0,22,-1,1,LeBron James,Regular Season,2024-25
22024,2544,0022400644,"Jan 25, 2025",LAL @ GSW,W,35,12,25,0.48,0,1,0.0,1,2,0.5,1,4,5,12,1,0,3,0,25,11,1,LeBron James,Regular Season,2024-25
22024,2544,0022400629,"Jan 23, 2025",LAL vs. BOS,W,31,9,20,0.45,0,2,0.0,2,2,1.0,3,11,14,6,0,0,2,0,20,7,1,LeBron James,Regular Season,2024-25
22024,2544,0022400610,"Jan 21, 2025",LAL vs. WAS,W,36,8,18,0.444,2,6,0.333,3,3,1.0,0,10,10,13,2,1,5,0,21,19,1,LeBron James,Regular Season,2024-25
22024,2544,0022400596,"Jan 19, 2025",LAL @ LAC,L,35,9,20,0.45,2,6,0.333,5,6,0.833,2,3,5,11,3,1,5,3,25,-3,1,LeBron James,Regular Season,2024-25
22024,2544,0022400585,"Jan 17, 2025",LAL vs. BKN,W,35,12,17,0.706,4,6,0.667,1,2,0.5,1,6,7,8,1,2,5,2,29,-11,1,LeBron James,Regular Season,2024-25
22024,2544,0022400570,"Jan 15, 2025",LAL vs. MIA,W,38,9,15,0.6,3,6,0.5,1,2,0.5,1,4,5,9,2,0,2,0,22,14,1,LeBron James,Regular Season,2024-25
22024,2544,0022400552,"Jan 13, 2025",LAL vs. SAS,L,32,7,11,0.636,2,3,0.667,2,4,0.5,1,4,5,8,1,1,7,3,18,-15,1,LeBron James,Regular Season,2024-25
22024,2544,0022400504,"Jan 07, 2025",LAL @ DAL,L,35,6,12,0.5,1,4,0.25,5,6,0.833,0,10,10,8,1,0,2,0,18,-12,1,LeBron James,Regular Season,2024-25
22024,2544,0022400491,"Jan 05, 2025",LAL @ HOU,L,36,8,16,0.5,4,7,0.571,1,2,0.5,1,12,13,9,1,0,2,4,21,-13,1,LeBron James,Regular Season,2024-25
22024,2544,0022400477,"Jan 03, 2025",LAL vs. ATL,W,30,13,20,0.65,2,5,0.4,2,2,1.0,0,3,3,8,0,0,3,3,30,4,1,LeBron James,Regular Season,2024-25
22024,2544,0022400468,"Jan 02, 2025",LAL vs. POR,W,36,15,25,0.6,7,10,0.7,1,2,0.5,1,2,3,8,0,0,4,1,38,4,1,LeBron James,Regular Season,2024-25
22024,2544,0022400454,"Dec 31, 2024",LAL vs. CLE,L,34,9,17,0.529,3,6,0.5,2,2,1.0,0,4,4,7,0,1,2,1,23,-11,1,LeBron James,Regular Season,2024-25
22024,2544,0022400408,"Dec 25, 2024",LAL @ GSW,W,37,12,22,0.545,2,4,0.5,5,5,1.0,0,4,4,10,2,1,1,3,31,4,1,LeBron James,Regular Season,2024-25
22024,2544,0022400404,"Dec 23, 2024",LAL vs. DET,L,35,10,16,0.625,2,4,0.5,6,7,0.857,2,9,11,11,0,0,2,1,28,-1,1,LeBron James,Regular Season,2024-25
22024,2544,0022400376,"Dec 21, 2024",LAL @ SAC,W,34,13,24,0.542,1,8,0.125,5,6,0.833,0,7,7,6,4,0,4,2,32,10,1,LeBron James,Regular Season,2024-25
22024,2544,0022400372,"Dec 19, 2024",LAL @ SAC,W,34,8,21,0.381,1,4,0.25,2,2,1.0,0,6,6,7,0,1,2,1,19,13,1,LeBron James,Regular Season,2024-25
22024,2544,0022401220,"Dec 15, 2024",LAL vs. MEM,W,34,7,17,0.412,3,6,0.5,1,4,0.25,4,4,8,8,1,2,5,2,18,0,1,LeBron James,Regular Season,2024-25
22024,2544,0022400334,"Dec 06, 2024",LAL @ ATL,L,43,14,25,0.56,6,11,0.545,5,6,0.833,0,10,10,11,2,3,4,3,39,3,1,LeBron James,Regular Season,2024-25
22024,2544,0022400321,"Dec 04, 2024",LAL @ MIA,L,29,12,18,0.667,1,4,0.25,4,4,1.0,1,4,5,8,1,0,5,2,29,-21,1,LeBron James,Regular Season,2024-25
22024,2544,0022400318,"Dec 02, 2024",LAL @ MIN,L,31,4,16,0.25,0,4,0.0,2,4,0.5,3,5,8,4,0,0,6,1,10,-28,1,LeBron James,Regular Season,2024-25
22024,2544,0022400311,"Dec 01, 2024",LAL @ UTA,W,36,12,28,0.429,0,9,0.0,3,3,1.0,1,4,5,14,0,2,3,1,27,0,1,LeBron James,Regular Season,2024-25
22024,2544,0022400048,"Nov 29, 2024",LAL vs. OKC,L,34,5,13,0.385,0,4,0.0,2,2,1.0,0,8,8,6,0,0,5,0,12,-12,1,LeBron James,Regular Season,2024-25
22024,2544,0022400296,"Nov 27, 2024",LAL @ SAS,W,33,8,18,0.444,0,2,0.0,0,0,0.0,3,7,10,11,1,1,5,0,16,4,1,LeBron James,Regular Season,2024-25
22024,2544,0022400039,"Nov 26, 2024",LAL @ PHX,L,35,7,16,0.438,2,7,0.286,2,2,1.0,1,7,8,10,0,0,5,0,18,-30,1,LeBron James,Regular Season,2024-25
22024,2544,0022400270,"Nov 23, 2024",LAL vs. DEN,L,35,7,17,0.412,1,4,0.25,3,3,1.0,0,6,6,7,3,0,6,3,18,-25,1,LeBron James,Regular Season,2024-25
22024,2544,0022400263,"Nov 21, 2024",LAL vs. ORL,L,37,12,22,0.545,5,9,0.556,2,4,0.5,2,8,10,7,0,1,4,0,31,-8,1,LeBron James,Regular Season,2024-25
22024,2544,0022400026,"Nov 19, 2024",LAL vs. UTA,W,34,9,17,0.529,1,5,0.2,7,11,0.636,0,2,2,12,0,0,4,1,26,-5,1,LeBron James,Regular Season,2024-25
22024,2544,0022400231,"Nov 16, 2024",LAL @ NOP,W,37,8,19,0.421,2,7,0.286,3,5,0.6,4,3,7,5,1,0,6,1,21,1,1,LeBron James,Regular Season,2024-25
22024,2544,0022400015,"Nov 15, 2024",LAL @ SAS,W,38,6,12,0.5,1,4,0.25,2,4,0.5,1,15,16,12,1,0,7,0,15,3,1,LeBron James,Regular Season,2024-25
22024,2544,0022400225,"Nov 13, 2024",LAL vs. MEM,W,37,13,22,0.591,4,7,0.571,5,8,0.625,1,11,12,14,1,0,6,2,35,3,1,LeBron James,Regular Season,2024-25
22024,2544,0022400211,"Nov 10, 2024",LAL vs. TOR,W,35,6,14,0.429,0,3,0.0,7,7,1.0,2,8,10,16,1,0,3,0,19,13,1,LeBron James,Regular Season,2024-25
22024,2544,0022400195,"Nov 08, 2024",LAL vs. PHI,W,34,9,14,0.643,2,4,0.5,1,1,1.0,0,12,12,13,0,3,2,0,21,12,1,LeBron James,Regular Season,2024-25
22024,2544,0022400174,"Nov 06, 2024",LAL @ MEM,L,35,15,24,0.625,6,11,0.545,3,4,0.75,0,7,7,6,1,0,5,2,39,-21,1,LeBron James,Regular Season,2024-25
22024,2544,0022400156,"Nov 04, 2024",LAL @ DET,L,40,7,16,0.438,1,2,0.5,5,5,1.0,1,7,8,11,2,0,1,1,20,-16,1,LeBron James,Regular Season,2024-25
22024,2544,0022400137,"Nov 01, 2024",LAL @ TOR,W,36,9,17,0.529,5,8,0.625,4,6,0.667,0,6,6,10,1,0,0,1,27,11,1,LeBron James,Regular Season,2024-25
22024,2544,0022400118,"Oct 30, 2024",LAL @ CLE,L,29,9,13,0.692,1,3,0.333,7,7,1.0,1,5,6,3,0,0,6,2,26,-17,1,LeBron James,Regular Season,2024-25
22024,2544,0022400111,"Oct 28, 2024",LAL @ PHX,L,36,3,14,0.214,2,5,0.4,3,6,0.5,0,5,5,8,1,0,2,1,11,-17,1,LeBron James,Regular Season,2024-25
22024,2544,0022400096,"Oct 26, 2024",LAL vs. SAC,W,34,12,22,0.545,4,9,0.444,4,4,1.0,0,14,14,10,0,1,5,3,32,13,1,LeBron James,Regular Season,2024-25
22024,2544,0022400085,"Oct 25, 2024",LAL vs. PHX,W,35,7,13,0.538,2,5,0.4,5,8,0.625,0,4,4,8,0,0,2,1,21,14,1,LeBron James,Regular Season,2024-25
22024,2544,0022400062,"Oct 22, 2024",LAL vs. MIN,W,35,7,16,0.438,1,4,0.25,1,1,1.0,0,5,5,4,0,2,2,3,16,-6,1,LeBron James,Regular Season,2024-25
42024,2544,0042400165,"Apr 30, 2025",LAL vs. MIN,L,40,9,21,0.429,1,5,0.2,3,6,0.5,2,5,7,6,2,0,3,2,22,-14,1,LeBron James,Playoffs,2024-25
42024,2544,0042400164,"Apr 27, 2025",LAL @ MIN,L,46,5,9,0.556,2,4,0.5,15,18,0.833,3,9,12,8,3,3,3,2,27,-4,1,LeBron James,Playoffs,2024-25
42024,2544,0042400163,"Apr 25, 2025",LAL @ MIN,L,41,13,21,0.619,5,9,0.556,7,10,0.7,3,7,10,4,2,2,1,0,38,-10,1,LeBron James,Playoffs,2024-25
42024,2544,0042400162,"Apr 22, 2025",LAL vs. MIN,W,40,8,19,0.421,1,5,0.2,4,4,1.0,3,8,11,7,1,1,2,4,21,9,1,LeBron James,Playoffs,2024-25
42024,2544,0042400161,"Apr 19, 2025",LAL vs. MIN,L,36,8,18,0.444,1,5,0.2,2,2,1.0,1,4,5,3,2,3,4,0,19,-22,1,LeBron James,Playoffs,2024-25
22025,2544,9922501038,"Jun 22, 2026",LAL @ DET,,39,4,10,0.4,1,2,0.5,3,3,1.0,1,8,9,10,0,1,4,2,12,-8,0,LeBron James,Regular Season,2025-26
42025,2544,0042500224,"May 11, 2026",LAL vs. OKC,L,40,8,18,0.444,2,6,0.333,6,8,0.75,0,12,12,3,0,1,4,1,24,-17,1,LeBron James,Playoffs,2025-26
42025,2544,0042500223,"May 09, 2026",LAL vs. OKC,L,37,7,19,0.368,2,6,0.333,3,4,0.75,0,6,6,8,1,0,3,1,19,-25,1,LeBron James,Playoffs,2025-26
42025,2544,0042500222,"May 07, 2026",LAL @ OKC,L,38,9,18,0.5,1,4,0.25,4,4,1.0,1,1,2,6,3,0,3,1,23,-9,1,LeBron James,Playoffs,2025-26
42025,2544,0042500221,"May 05, 2026",LAL @ OKC,L,36,12,17,0.706,3,6,0.5,0,1,0.0,1,3,4,6,1,0,2,1,27,-6,1,LeBron James,Playoffs,2025-26
42025,2544,0042500176,"May 01, 2026",LAL @ HOU,W,37,10,25,0.4,2,5,0.4,6,8,0.75,1,6,7,8,0,0,3,2,28,26,1,LeBron James,Playoffs,2025-26
42025,2544,0042500175,"Apr 29, 2026",LAL vs. HOU,L,39,9,20,0.45,0,6,0.0,7,10,0.7,0,3,3,7,2,0,2,1,25,-5,1,LeBron James,Playoffs,2025-26
42025,2544,0042500174,"Apr 26, 2026",LAL @ HOU,L,33,2,9,0.222,0,3,0.0,6,6,1.0,0,4,4,9,0,0,8,2,10,-18,1,LeBron James,Playoffs,2025-26
42025,2544,0042500173,"Apr 24, 2026",LAL @ HOU,W,45,10,22,0.455,4,9,0.444,5,6,0.833,0,13,13,6,3,1,8,1,29,0,1,LeBron James,Playoffs,2025-26
42025,2544,0042500172,"Apr 21, 2026",LAL vs. HOU,W,39,8,20,0.4,2,5,0.4,10,14,0.714,1,7,8,7,1,0,3,3,28,6,1,LeBron James,Playoffs,2025-26
42025,2544,0042500171,"Apr 18, 2026",LAL vs. HOU,W,38,9,15,0.6,1,2,0.5,0,2,0.0,0,8,8,13,2,1,2,3,19,11,1,LeBron James,Playoffs,2025-26
