SEASON_ID,Player_ID,Game_ID,GAME_DATE,MATCHUP,WL,MIN,FGM,FGA,FG_PCT,FG3M,FG3A,FG3_PCT,FTM,FTA,FT_PCT,OREB,DREB,REB,AST,STL,BLK,TOV,PF,PTS,PLUS_MINUS,VIDEO_AVAILABLE,PLAYER_NAME,SEASON_TYPE,SEASON_YEAR
21996,977,0029601189,"Apr 20, 1997",LAL @ POR,L,4,0,0,0.0,0,0,0.0,2,2,1.0,0,1,1,1,0,1,2,0,2,1,0,Kobe Bryant,Regular Season,1996-97
21996,977,0029601173,"Apr 18, 1997",LAL @ LAC,W,15,0,0,0.0,0,0,0.0,5,8,0.625,0,1,1,2,0,0,2,1,5,-4,0,Kobe Bryant,Regular Season,1996-97
21996,977,0029601162,"Apr 17, 1997",LAL vs. SAC,W,16,1,4,0.25,0,1,0.0,1,2,0.5,0,2,2,1,1,0,3,2,3,-6,0,Kobe Bryant,Regular Season,1996-97
21996,977,0029601135,"Apr 13, 1997",LAL vs. UTA,W,16,3,5,0.6,0,1,0.0,6,6,1.0,1,0,1,4,0,1,1,0,12,-1,0,Kobe Bryant,Regular Season,1996-97
21996,977,0029601121,"Apr 11, 1997",LAL vs. PHX,W,28,3,7,0.429,1,2,0.5,0,0,0.0,1,0,1,1,1,0,1,2,7,16,0,Kobe Bryant,Regular Season,1996-97
21996,977,0029601104,"Apr 09, 1997",LAL @ UTA,L,33,3,12,0.25,1,2,0.5,4,6,0.667,1,1,2,3,1,0,2,2,11,-5,0,Kobe Bryant,Regular Season,1996-97
21996,977,0029601099,"Apr 08, 1997",LAL @ GSW,W,25,9,11,0.818,2,3,0.667,4,7,0.571,1,1,2,3,1,0,5,3,24,23,0,Kobe Bryant,Regular Season,1996-97
21996,977,0029601083,"Apr 06, 1997",LAL vs. DAL,W,22,3,9,0.333,2,4,0.5,5,5,1.0,1,1,2,3,3,0,1,3,13,-4,0,Kobe Bryant,Regular Season,1996-97
21996,977,0029601070,"Apr 04, 1997",LAL vs. SAS,L,17,4,6,0.667,0,1,0.0,7,7,1.0,0,0,0,3,0,0,3,2,15,-11,0,Kobe Bryant,Regular Season,1996-97
21996,977,0029601055,"Apr 02, 1997",LAL vs. DEN,W,16,2,6,0.333,0,0,0.0,2,2,1.0,1,2,3,3,1,0,1,1,6,10,0,Kobe Bryant,Regular Season,1996-97
21996,977,0029601046,"Apr 01, 1997",LAL @ SEA,W,12,4,5,0.8,1,1,1.0,0,0,0.0,0,1,1,1,0,0,2,5,9,-3,0,Kobe Bryant,Regular Season,1996-97
21996,977,0029601014,"Mar 27, 1997",LAL @ VAN,W,43,6,16,0.375,1,5,0.2,7,7,1.0,4,4,8,4,3,0,3,3,20,14,0,Kobe Bryant,Regular Season,1996-97
21996,977,0029601008,"Mar 26, 1997",LAL vs. MIL,W,32,7,14,0.5,2,4,0.5,3,4,0.75,0,1,1,4,2,0,1,1,19,15,0,Kobe Bryant,Regular Season,1996-97
21996,977,0029600991,"Mar 24, 1997",LAL @ NJN,W,9,2,3,0.667,0,0,0.0,2,3,0.667,1,0,1,0,0,0,1,0,6,11,0,Kobe Bryant,Regular Season,1996-97
21996,977,0029600985,"Mar 23, 1997",LAL @ ORL,L,19,3,6,0.5,0,1,0.0,2,2,1.0,1,1,2,4,0,0,4,1,8,-11,0,Kobe Bryant,Regular Season,1996-97
21996,977,0029600968,"Mar 21, 1997",LAL @ MIA,L,3,0,0,0.0,0,0,0.0,0,0,0.0,0,0,0,0,0,0,0,0,0,6,0,Kobe Bryant,Regular Season,1996-97
21996,977,0029600961,"Mar 20, 1997",LAL @ CLE,W,3,0,1,0.0,0,0,0.0,0,0,0.0,0,1,1,1,0,0,2,1,0,-5,0,Kobe Bryant,Regular Season,1996-97
21996,977,0029600942,"Mar 17, 1997",LAL @ DEN,W,10,3,7,0.429,2,4,0.5,0,0,0.0,0,0,0,1,2,0,1,0,8,6,0,Kobe Bryant,Regular Season,1996-97
21996,977,0029600935,"Mar 16, 1997",LAL vs. TOR,W,23,2,9,0.222,2,7,0.286,4,4,1.0,1,4,5,1,0,0,1,2,10,-4,0,Kobe Bryant,Regular Season,1996-97
21996,977,0029600920,"Mar 14, 1997",LAL vs. LAC,L,26,6,13,0.462,3,4,0.75,1,2,0.5,2,2,4,1,3,0,1,2,16,10,0,Kobe Bryant,Regular Season,1996-97
21996,977,0029600905,"Mar 12, 1997",LAL vs. GSW,W,18,6,10,0.6,4,6,0.667,2,3,0.667,1,0,1,0,3,0,3,4,18,1,0,Kobe Bryant,Regular Season,1996-97
21996,977,0029600884,"Mar 09, 1997",LAL vs. NJN,W,26,3,6,0.5,1,3,0.333,5,5,1.0,1,1,2,2,2,1,0,3,12,18,0,Kobe Bryant,Regular Season,1996-97
21996,977,0029600869,"Mar 07, 1997",LAL vs. HOU,L,17,3,10,0.3,0,4,0.0,2,2,1.0,0,1,1,1,1,0,1,1,8,-16,0,Kobe Bryant,Regular Season,1996-97
21996,977,0029600844,"Mar 04, 1997",LAL @ DAL,W,6,0,2,0.0,0,1,0.0,0,0,0.0,1,1,2,0,0,0,0,0,0,0,0,Kobe Bryant,Regular Season,1996-97
21996,977,0029600828,"Mar 02, 1997",LAL @ IND,L,21,4,9,0.444,0,1,0.0,2,2,1.0,1,0,1,1,0,0,1,1,10,-3,0,Kobe Bryant,Regular Season,1996-97
21996,977,0029600813,"Feb 28, 1997",LAL @ ATL,L,1,0,1,0.0,0,0,0.0,0,0,0.0,0,0,0,0,0,0,0,0,0,0,0,Kobe Bryant,Regular Season,1996-97
21996,977,0029600781,"Feb 23, 1997",LAL vs. NYK,L,4,0,2,0.0,0,1,0.0,0,0,0.0,0,1,1,0,0,0,0,1,0,4,0,Kobe Bryant,Regular Season,1996-97
21996,977,0029600767,"Feb 21, 1997",LAL vs. VAN,W,5,1,1,1.0,0,0,0.0,0,0,0.0,0,1,1,0,0,0,2,0,2,-1,0,Kobe Bryant,Regular Season,1996-97
21996,977,0029600748,"Feb 19, 1997",LAL vs. CLE,L,23,3,7,0.429,2,4,0.5,2,2,1.0,0,2,2,0,0,2,1,3,10,4,0,Kobe Bryant,Regular Season,1996-97
21996,977,0029600727,"Feb 16, 1997",LAL vs. SEA,L,13,0,3,0.0,0,1,0.0,0,0,0.0,0,1,1,0,0,0,2,2,0,-18,0,Kobe Bryant,Regular Season,1996-97
21996,977,0029600704,"Feb 13, 1997",LAL @ DEN,W,20,4,10,0.4,1,2,0.5,0,0,0.0,1,1,2,3,1,0,1,2,9,14,0,Kobe Bryant,Regular Season,1996-97
21996,977,0029600698,"Feb 12, 1997",LAL @ MIN,W,11,0,4,0.0,0,0,0.0,2,3,0.667,1,1,2,3,0,1,1,1,2,2,0,Kobe Bryant,Regular Season,1996-97
21996,977,0029600673,"Feb 05, 1997",LAL vs. CHI,W,13,2,7,0.286,1,2,0.5,0,0,0.0,1,2,3,0,0,1,0,0,5,10,0,Kobe Bryant,Regular Season,1996-97
21996,977,0029600665,"Feb 04, 1997",LAL @ LAC,L,23,2,10,0.2,0,2,0.0,2,2,1.0,1,2,3,0,2,0,2,2,6,-18,0,Kobe Bryant,Regular Season,1996-97
21996,977,0029600654,"Feb 02, 1997",LAL vs. WAS,W,24,2,9,0.222,0,1,0.0,9,9,1.0,0,3,3,3,0,0,1,0,13,2,0,Kobe Bryant,Regular Season,1996-97
21996,977,0029600623,"Jan 29, 1997",LAL @ SAS,W,30,6,12,0.5,3,7,0.429,4,4,1.0,1,3,4,0,2,2,3,2,19,13,0,Kobe Bryant,Regular Season,1996-97
21996,977,0029600613,"Jan 28, 1997",LAL @ DAL,W,32,5,11,0.455,0,3,0.0,2,3,0.667,1,2,3,2,2,1,3,1,12,10,0,Kobe Bryant,Regular Season,1996-97
21996,977,0029600603,"Jan 26, 1997",LAL @ SEA,W,17,3,6,0.5,1,1,1.0,0,0,0.0,1,0,1,1,1,0,3,0,7,-3,0,Kobe Bryant,Regular Season,1996-97
21996,977,0029600590,"Jan 24, 1997",LAL vs. GSW,W,25,4,8,0.5,1,4,0.25,8,8,1.0,3,3,6,4,1,0,3,2,17,13,0,Kobe Bryant,Regular Season,1996-97
21996,977,0029600559,"Jan 20, 1997",LAL vs. DAL,W,13,3,7,0.429,0,0,0.0,0,0,0.0,1,1,2,1,1,0,5,2,6,-5,0,Kobe Bryant,Regular Season,1996-97
21996,977,0029600545,"Jan 18, 1997",LAL vs. DET,L,32,8,13,0.615,3,5,0.6,2,2,1.0,0,2,2,5,1,0,4,1,21,-1,0,Kobe Bryant,Regular Season,1996-97
21996,977,0029600513,"Jan 14, 1997",LAL vs. VAN,W,6,1,6,0.167,0,2,0.0,0,0,0.0,0,0,0,0,1,0,0,1,2,-5,0,Kobe Bryant,Regular Season,1996-97
21996,977,0029600488,"Jan 10, 1997",LAL vs. MIA,W,8,1,3,0.333,0,1,0.0,0,0,0.0,1,2,3,0,0,0,2,0,2,-2,0,Kobe Bryant,Regular Season,1996-97
21996,977,0029600474,"Jan 08, 1997",LAL vs. CHH,W,22,4,13,0.308,0,2,0.0,1,2,0.5,1,0,1,2,2,1,2,2,9,-2,0,Kobe Bryant,Regular Season,1996-97
21996,977,0029600457,"Jan 06, 1997",LAL @ POR,L,23,3,9,0.333,1,3,0.333,1,2,0.5,0,2,2,2,2,0,2,3,8,7,0,Kobe Bryant,Regular Season,1996-97
21996,977,0029600454,"Jan 05, 1997",LAL @ VAN,W,29,6,9,0.667,1,1,1.0,3,4,0.75,3,2,5,3,1,0,2,3,16,12,0,Kobe Bryant,Regular Season,1996-97
21996,977,0029600439,"Jan 03, 1997",LAL vs. SAC,W,22,6,10,0.6,0,2,0.0,9,10,0.9,2,3,5,1,2,2,0,1,21,10,0,Kobe Bryant,Regular Season,1996-97
21996,977,0029600432,"Jan 02, 1997",LAL @ SAC,W,10,2,3,0.667,0,1,0.0,0,0,0.0,0,1,1,2,1,0,0,3,4,6,0,Kobe Bryant,Regular Season,1996-97
21996,977,0029600412,"Dec 29, 1996",LAL vs. PHI,W,7,0,1,0.0,0,0,0.0,0,0,0.0,0,1,1,0,1,0,1,3,0,2,0,Kobe Bryant,Regular Season,1996-97
21996,977,0029600382,"Dec 25, 1996",LAL @ PHX,W,5,0,2,0.0,0,1,0.0,0,0,0.0,0,1,1,0,0,0,0,1,0,3,0,Kobe Bryant,Regular Season,1996-97
21996,977,0029600362,"Dec 21, 1996",LAL @ MIN,L,12,2,3,0.667,1,2,0.5,0,0,0.0,0,1,1,0,0,1,3,2,5,-4,0,Kobe Bryant,Regular Season,1996-97
21996,977,0029600337,"Dec 18, 1996",LAL @ MIL,W,8,0,0,0.0,0,0,0.0,0,0,0.0,2,1,3,1,0,1,1,0,0,-4,0,Kobe Bryant,Regular Season,1996-97
21996,977,0029600330,"Dec 17, 1996",LAL @ CHI,L,10,2,5,0.4,1,2,0.5,0,2,0.0,0,1,1,0,0,1,0,1,5,-5,0,Kobe Bryant,Regular Season,1996-97
21996,977,0029600284,"Dec 10, 1996",LAL @ SAC,W,6,0,1,0.0,0,1,0.0,0,0,0.0,0,1,1,1,1,0,1,0,0,-8,0,Kobe Bryant,Regular Season,1996-97
21996,977,0029600270,"Dec 08, 1996",LAL vs. MIN,W,22,3,10,0.3,0,3,0.0,5,6,0.833,2,1,3,3,2,2,3,2,11,-1,0,Kobe Bryant,Regular Season,1996-97
21996,977,0029600240,"Dec 04, 1996",LAL @ UTA,L,13,2,6,0.333,0,0,0.0,4,6,0.667,1,2,3,2,0,0,1,1,8,0,0,Kobe Bryant,Regular Season,1996-97
21996,977,0029600219,"Dec 01, 1996",LAL vs. DEN,W,3,1,2,0.5,0,0,0.0,0,0,0.0,0,1,1,0,0,0,1,0,2,-4,0,Kobe Bryant,Regular Season,1996-97
21996,977,0029600202,"Nov 29, 1996",LAL @ DET,W,7,0,1,0.0,0,0,0.0,1,2,0.5,1,0,1,0,0,1,0,1,1,2,0,Kobe Bryant,Regular Season,1996-97
21996,977,0029600187,"Nov 27, 1996",LAL @ BOS,L,20,1,7,0.143,0,3,0.0,0,0,0.0,1,3,4,1,0,1,2,3,2,-8,0,Kobe Bryant,Regular Season,1996-97
21996,977,0029600179,"Nov 26, 1996",LAL @ PHI,W,21,4,10,0.4,2,5,0.4,2,2,1.0,0,1,1,1,0,0,3,1,12,12,0,Kobe Bryant,Regular Season,1996-97
21996,977,0029600144,"Nov 20, 1996",LAL vs. UTA,L,21,4,5,0.8,3,3,1.0,0,0,0.0,0,1,1,1,0,1,2,1,11,-5,0,Kobe Bryant,Regular Season,1996-97
21996,977,0029600136,"Nov 19, 1996",LAL @ GSW,W,8,0,2,0.0,0,1,0.0,3,4,0.75,0,2,2,1,0,0,1,2,3,-2,0,Kobe Bryant,Regular Season,1996-97
21996,977,0029600126,"Nov 17, 1996",LAL @ PHX,W,14,5,8,0.625,4,6,0.667,2,2,1.0,2,0,2,2,0,0,4,2,16,-3,0,Kobe Bryant,Regular Season,1996-97
21996,977,0029600112,"Nov 15, 1996",LAL vs. LAC,W,7,1,4,0.25,0,2,0.0,2,3,0.667,0,0,0,0,0,0,1,4,4,1,0,Kobe Bryant,Regular Season,1996-97
21996,977,0029600095,"Nov 13, 1996",LAL @ SAS,L,6,2,2,1.0,1,1,1.0,1,1,1.0,0,0,0,0,1,0,0,2,6,-4,0,Kobe Bryant,Regular Season,1996-97
21996,977,0029600086,"Nov 12, 1996",LAL @ HOU,W,5,1,2,0.5,0,1,0.0,0,0,0.0,0,1,1,0,0,0,2,0,2,-4,0,Kobe Bryant,Regular Season,1996-97
21996,977,0029600072,"Nov 10, 1996",LAL vs. ATL,W,8,0,3,0.0,0,0,0.0,2,2,1.0,1,2,3,1,0,0,0,0,2,-4,0,Kobe Bryant,Regular Season,1996-97
21996,977,0029600057,"Nov 08, 1996",LAL @ TOR,L,17,3,8,0.375,2,3,0.667,2,4,0.5,0,3,3,0,0,1,0,3,10,2,0,Kobe Bryant,Regular Season,1996-97
21996,977,0029600044,"Nov 06, 1996",LAL @ CHH,L,7,2,3,0.667,1,2,0.5,0,0,0.0,0,0,0,0,0,0,3,0,5,0,0,Kobe Bryant,Regular Season,1996-97
21996,977,0029600031,"Nov 05, 1996",LAL @ NYK,W,3,0,1,0.0,0,0,0.0,1,2,0.5,0,0,0,0,0,0,1,0,1,-8,0,Kobe Bryant,Regular Season,1996-97
21996,977,0029600027,"Nov 03, 1996",LAL vs. MIN,W,6,0,1,0.0,0,0,0.0,0,0,0.0,0,1,1,0,0,1,1,1,0,-8,0,Kobe Bryant,Regular Season,1996-97
41996,977,0049600057,"May 12, 1997",LAL @ UTA,L,28,4,14,0.286,0,6,0.0,3,3,1.0,0,2,2,2,1,0,1,3,11,-1,0,Kobe Bryant,Playoffs,1996-97
41996,977,0049600052,"May 10, 1997",LAL vs. UTA,L,28,3,9,0.333,3,6,0.5,0,0,0.0,0,2,2,0,0,0,5,4,9,-12,0,Kobe Bryant,Playoffs,1996-97
41996,977,0049600048,"May 08, 1997",LAL vs. UTA,W,19,3,7,0.429,0,2,0.0,13,14,0.929,0,1,1,3,1,1,3,3,19,10,0,Kobe Bryant,Playoffs,1996-97
41996,977,0049600044,"May 06, 1997",LAL @ UTA,L,4,1,1,1.0,0,0,0.0,0,0,0.0,0,0,0,1,0,0,1,2,2,3,0,Kobe Bryant,Playoffs,1996-97
41996,977,0049600041,"May 04, 1997",LAL @ UTA,L,14,1,7,0.143,1,5,0.2,0,1,0.0,1,1,2,3,0,1,0,5,3,-10,0,Kobe Bryant,Playoffs,1996-97
41996,977,0049600032,"May 02, 1997",LAL @ POR,W,5,0,0,0.0,0,0,0.0,0,0,0.0,0,0,0,0,0,0,0,0,0,-2,0,Kobe Bryant,Playoffs,1996-97
41996,977,0049600024,"Apr 30, 1997",LAL @ POR,L,26,7,13,0.538,2,3,0.667,6,8,0.75,0,4,4,2,1,0,4,5,22,15,0,Kobe Bryant,Playoffs,1996-97
41996,977,0049600013,"Apr 27, 1997",LAL vs. POR,W,4,1,3,0.333,0,1,0.0,4,4,1.0,0,0,0,0,0,0,0,1,6,-4,0,Kobe Bryant,Playoffs,1996-97
41996,977,0049600008,"Apr 25, 1997",LAL vs. POR,W,0,1,1,1.0,0,0,0.0,0,0,0.0,0,0,0,0,0,0,0,0,2,2,0,Kobe Bryant,Playoffs,1996-97
21997,977,0029701187,"Apr 19, 1998",LAL vs. UTA,W,37,10,19,0.526,1,5,0.2,4,6,0.667,1,1,2,3,2,2,2,1,25,10,0,Kobe Bryant,Regular Season,1997-98
21997,977,0029701173,"Apr 17, 1998",LAL vs. DAL,W,27,5,8,0.625,1,3,0.333,6,7,0.857,1,6,7,4,0,0,3,3,17,-6,0,Kobe Bryant,Regular Season,1997-98
21997,977,0029701145,"Apr 14, 1998",LAL @ DAL,W,28,6,11,0.545,1,1,1.0,6,7,0.857,1,3,4,1,0,0,2,6,19,-7,0,Kobe Bryant,Regular Season,1997-98
21997,977,0029701137,"Apr 13, 1998",LAL @ SAS,W,26,5,10,0.5,0,2,0.0,5,6,0.833,0,1,1,3,0,2,3,2,15,14,0,Kobe Bryant,Regular Season,1997-98
21997,977,0029701127,"Apr 11, 1998",LAL @ GSW,W,24,4,9,0.444,2,3,0.667,0,0,0.0,0,1,1,1,0,1,2,1,10,4,0,Kobe Bryant,Regular Season,1997-98
21997,977,0029701120,"Apr 10, 1998",LAL vs. PHX,L,29,2,11,0.182,2,6,0.333,6,8,0.75,1,1,2,3,1,1,1,1,12,-13,0,Kobe Bryant,Regular Season,1997-98
21997,977,0029701106,"Apr 08, 1998",LAL vs. VAN,W,26,4,10,0.4,1,5,0.2,5,6,0.833,0,1,1,4,0,2,5,3,14,7,0,Kobe Bryant,Regular Season,1997-98
21997,977,0029701080,"Apr 05, 1998",LAL @ DET,W,27,2,11,0.182,0,4,0.0,2,2,1.0,2,1,3,1,2,2,1,4,6,3,0,Kobe Bryant,Regular Season,1997-98
21997,977,0029701064,"Apr 03, 1998",LAL @ CLE,W,23,3,8,0.375,1,2,0.5,0,0,0.0,0,1,1,5,1,0,3,4,7,1,0,Kobe Bryant,Regular Season,1997-98
21997,977,0029701055,"Apr 02, 1998",LAL @ NJN,W,25,7,11,0.636,1,2,0.5,5,9,0.556,1,3,4,2,1,0,2,4,20,1,0,Kobe Bryant,Regular Season,1997-98
21997,977,0029701040,"Mar 31, 1998",LAL @ TOR,W,25,7,13,0.538,2,4,0.5,1,1,1.0,1,1,2,5,1,1,3,2,17,7,0,Kobe Bryant,Regular Season,1997-98
21997,977,0029701033,"Mar 29, 1998",LAL vs. WAS,W,23,5,12,0.417,0,1,0.0,5,5,1.0,1,4,5,2,0,1,1,1,15,5,0,Kobe Bryant,Regular Season,1997-98
21997,977,0029701022,"Mar 28, 1998",LAL @ UTA,L,27,0,4,0.0,0,2,0.0,2,2,1.0,0,0,0,3,4,1,2,1,2,-16,0,Kobe Bryant,Regular Season,1997-98
21997,977,0029701003,"Mar 25, 1998",LAL vs. SAC,W,21,3,7,0.429,1,3,0.333,4,5,0.8,1,0,1,3,0,0,5,2,11,1,0,Kobe Bryant,Regular Season,1997-98
21997,977,0029700985,"Mar 23, 1998",LAL @ DEN,W,32,8,12,0.667,2,4,0.5,5,5,1.0,0,3,3,3,2,0,2,1,23,15,0,Kobe Bryant,Regular Season,1997-98
21997,977,0029700981,"Mar 22, 1998",LAL @ SAC,W,25,2,9,0.222,0,2,0.0,8,12,0.667,3,3,6,3,0,0,2,5,12,5,0,Kobe Bryant,Regular Season,1997-98
21997,977,0029700967,"Mar 20, 1998",LAL vs. SEA,W,18,3,7,0.429,2,3,0.667,8,8,1.0,1,0,1,2,2,0,2,1,16,8,0,Kobe Bryant,Regular Season,1997-98
21997,977,0029700948,"Mar 18, 1998",LAL vs. PHX,W,28,1,10,0.1,0,3,0.0,8,9,0.889,1,2,3,6,0,3,1,1,10,7,0,Kobe Bryant,Regular Season,1997-98
21997,977,0029700933,"Mar 16, 1998",LAL @ SEA,L,14,0,1,0.0,0,1,0.0,0,0,0.0,0,0,0,2,0,0,1,2,0,2,0,Kobe Bryant,Regular Season,1997-98
21997,977,0029700927,"Mar 15, 1998",LAL @ VAN,W,25,4,7,0.571,1,1,1.0,4,7,0.571,1,2,3,5,0,2,1,0,13,11,0,Kobe Bryant,Regular Season,1997-98
21997,977,0029700903,"Mar 12, 1998",LAL @ LAC,W,12,2,9,0.222,1,2,0.5,1,2,0.5,0,3,3,1,0,0,4,1,6,-2,0,Kobe Bryant,Regular Season,1997-98
21997,977,0029700896,"Mar 11, 1998",LAL vs. POR,W,20,4,10,0.4,1,2,0.5,4,5,0.8,1,1,2,2,0,0,1,2,13,11,0,Kobe Bryant,Regular Season,1997-98
21997,977,0029700876,"Mar 08, 1998",LAL vs. DET,W,19,2,7,0.286,0,2,0.0,0,0,0.0,1,2,3,0,1,0,1,0,4,-8,0,Kobe Bryant,Regular Season,1997-98
21997,977,0029700863,"Mar 06, 1998",LAL vs. SAS,W,21,1,6,0.167,0,2,0.0,5,6,0.833,0,1,1,2,1,2,1,0,7,-4,0,Kobe Bryant,Regular Season,1997-98
21997,977,0029700848,"Mar 04, 1998",LAL vs. IND,W,21,3,8,0.375,0,0,0.0,9,14,0.643,1,2,3,1,0,0,4,3,15,2,0,Kobe Bryant,Regular Season,1997-98
21997,977,0029700831,"Mar 02, 1998",LAL @ WAS,L,12,2,7,0.286,0,1,0.0,0,0,0.0,0,1,1,1,0,0,1,0,4,-16,0,Kobe Bryant,Regular Season,1997-98
21997,977,0029700823,"Mar 01, 1998",LAL @ NYK,L,27,4,15,0.267,1,5,0.2,5,5,1.0,1,4,5,0,0,0,1,5,14,-11,0,Kobe Bryant,Regular Season,1997-98
21997,977,0029700813,"Feb 27, 1998",LAL @ MIN,W,26,4,12,0.333,1,4,0.25,5,6,0.833,0,3,3,4,1,1,2,2,14,10,0,Kobe Bryant,Regular Season,1997-98
21997,977,0029700798,"Feb 25, 1998",LAL @ IND,W,23,1,8,0.125,0,0,0.0,6,6,1.0,2,1,3,2,1,0,6,3,8,-1,0,Kobe Bryant,Regular Season,1997-98
21997,977,0029700790,"Feb 24, 1998",LAL @ MIL,W,25,3,12,0.25,1,1,1.0,5,5,1.0,1,4,5,2,0,0,1,2,12,-1,0,Kobe Bryant,Regular Season,1997-98
21997,977,0029700775,"Feb 22, 1998",LAL @ ORL,L,37,6,15,0.4,2,3,0.667,4,5,0.8,0,3,3,4,2,0,2,1,18,3,0,Kobe Bryant,Regular Season,1997-98
21997,977,0029700757,"Feb 19, 1998",LAL vs. DEN,W,35,7,10,0.7,0,0,0.0,7,8,0.875,1,3,4,7,0,0,0,1,21,43,0,Kobe Bryant,Regular Season,1997-98
21997,977,0029700748,"Feb 18, 1998",LAL @ PHX,L,24,3,8,0.375,0,1,0.0,2,2,1.0,1,3,4,4,2,0,4,3,8,1,0,Kobe Bryant,Regular Season,1997-98
21997,977,0029700728,"Feb 15, 1998",LAL vs. HOU,L,33,8,15,0.533,2,5,0.4,0,0,0.0,2,0,2,0,1,0,2,2,18,2,0,Kobe Bryant,Regular Season,1997-98
21997,977,0029700715,"Feb 13, 1998",LAL vs. SEA,L,41,4,13,0.308,0,4,0.0,7,7,1.0,1,2,3,6,0,1,1,1,15,0,0,Kobe Bryant,Regular Season,1997-98
21997,977,0029700701,"Feb 11, 1998",LAL vs. GSW,W,22,5,11,0.455,0,0,0.0,1,2,0.5,2,3,5,0,0,0,4,1,11,-11,0,Kobe Bryant,Regular Season,1997-98
21997,977,0029700693,"Feb 10, 1998",LAL @ POR,L,30,6,13,0.462,2,3,0.667,3,5,0.6,2,2,4,2,1,1,1,4,17,-3,0,Kobe Bryant,Regular Season,1997-98
21997,977,0029700673,"Feb 04, 1998",LAL vs. POR,W,29,6,10,0.6,1,2,0.5,13,13,1.0,1,3,4,4,3,1,1,4,26,-2,0,Kobe Bryant,Regular Season,1997-98
21997,977,0029700647,"Feb 01, 1998",LAL vs. CHI,W,26,7,16,0.438,2,6,0.333,4,7,0.571,0,4,4,1,2,0,1,4,20,13,0,Kobe Bryant,Regular Season,1997-98
21997,977,0029700634,"Jan 30, 1998",LAL vs. MIN,W,30,7,16,0.438,2,3,0.667,6,9,0.667,2,1,3,7,0,0,4,4,22,24,0,Kobe Bryant,Regular Season,1997-98
21997,977,0029700620,"Jan 28, 1998",LAL vs. NJN,L,35,10,19,0.526,0,3,0.0,6,8,0.75,3,2,5,0,0,0,2,3,26,-1,0,Kobe Bryant,Regular Season,1997-98
21997,977,0029700596,"Jan 24, 1998",LAL @ SEA,L,33,6,14,0.429,1,4,0.25,5,8,0.625,1,3,4,0,0,1,3,5,18,-4,0,Kobe Bryant,Regular Season,1997-98
21997,977,0029700574,"Jan 21, 1998",LAL @ PHX,W,34,7,12,0.583,3,4,0.75,8,10,0.8,1,4,5,3,0,1,2,3,25,22,0,Kobe Bryant,Regular Season,1997-98
21997,977,0029700557,"Jan 19, 1998",LAL vs. ORL,W,31,4,7,0.571,1,2,0.5,7,7,1.0,1,1,2,1,1,1,1,0,16,-3,0,Kobe Bryant,Regular Season,1997-98
21997,977,0029700543,"Jan 17, 1998",LAL vs. MIA,W,27,6,9,0.667,1,2,0.5,8,9,0.889,3,2,5,2,0,0,4,4,21,-8,0,Kobe Bryant,Regular Season,1997-98
21997,977,0029700521,"Jan 14, 1998",LAL vs. DEN,W,23,3,8,0.375,1,3,0.333,7,8,0.875,1,2,3,5,0,0,2,1,14,7,0,Kobe Bryant,Regular Season,1997-98
21997,977,0029700500,"Jan 11, 1998",LAL vs. CHH,L,14,3,9,0.333,0,2,0.0,0,0,0.0,0,2,2,1,0,0,1,1,6,-15,0,Kobe Bryant,Regular Season,1997-98
21997,977,0029700487,"Jan 09, 1998",LAL @ LAC,W,27,4,11,0.364,0,2,0.0,7,7,1.0,0,0,0,2,2,1,1,3,15,7,0,Kobe Bryant,Regular Season,1997-98
21997,977,0029700472,"Jan 07, 1998",LAL vs. MIL,W,20,4,7,0.571,0,1,0.0,9,10,0.9,1,1,2,2,2,1,3,2,17,12,0,Kobe Bryant,Regular Season,1997-98
21997,977,0029700464,"Jan 06, 1998",LAL @ VAN,W,25,6,10,0.6,1,1,1.0,3,3,1.0,1,1,2,2,2,0,1,1,16,5,0,Kobe Bryant,Regular Season,1997-98
21997,977,0029700450,"Jan 04, 1998",LAL vs. PHI,L,31,6,18,0.333,1,3,0.333,7,11,0.636,2,4,6,4,2,0,0,5,20,1,0,Kobe Bryant,Regular Season,1997-98
21997,977,0029700435,"Jan 02, 1998",LAL vs. ATL,W,24,5,8,0.625,2,3,0.667,0,0,0.0,1,2,3,4,2,0,3,1,12,9,0,Kobe Bryant,Regular Season,1997-98
21997,977,0029700419,"Dec 30, 1997",LAL vs. SAC,W,28,4,10,0.4,0,1,0.0,4,6,0.667,0,4,4,1,0,1,2,2,12,4,0,Kobe Bryant,Regular Season,1997-98
21997,977,0029700404,"Dec 28, 1997",LAL vs. BOS,L,26,5,11,0.455,0,2,0.0,7,10,0.7,0,0,0,1,2,1,2,4,17,-9,0,Kobe Bryant,Regular Season,1997-98
21997,977,0029700390,"Dec 26, 1997",LAL vs. LAC,W,27,7,15,0.467,2,5,0.4,0,1,0.0,0,1,1,2,0,1,1,4,16,1,0,Kobe Bryant,Regular Season,1997-98
21997,977,0029700370,"Dec 22, 1997",LAL @ HOU,W,26,6,13,0.462,2,4,0.5,5,6,0.833,2,3,5,0,2,1,2,3,19,8,0,Kobe Bryant,Regular Season,1997-98
21997,977,0029700352,"Dec 20, 1997",LAL @ CHH,W,26,5,14,0.357,1,3,0.333,2,2,1.0,1,0,1,1,0,0,1,3,13,12,0,Kobe Bryant,Regular Season,1997-98
21997,977,0029700343,"Dec 19, 1997",LAL @ ATL,W,31,7,16,0.438,1,4,0.25,4,6,0.667,1,1,2,1,3,0,2,2,19,1,0,Kobe Bryant,Regular Season,1997-98
21997,977,0029700335,"Dec 17, 1997",LAL @ CHI,L,29,12,20,0.6,3,5,0.6,6,9,0.667,2,1,3,2,0,0,0,4,33,0,0,Kobe Bryant,Regular Season,1997-98
21997,977,0029700322,"Dec 16, 1997",LAL @ MIN,W,23,7,15,0.467,0,2,0.0,5,5,1.0,2,4,6,0,0,0,1,3,19,-2,0,Kobe Bryant,Regular Season,1997-98
21997,977,0029700310,"Dec 14, 1997",LAL vs. DAL,W,32,12,21,0.571,3,7,0.429,3,4,0.75,1,2,3,3,0,0,2,3,30,13,0,Kobe Bryant,Regular Season,1997-98
21997,977,0029700297,"Dec 12, 1997",LAL vs. HOU,W,26,8,15,0.533,2,4,0.5,9,10,0.9,1,4,5,1,2,0,1,1,27,13,0,Kobe Bryant,Regular Season,1997-98
21997,977,0029700284,"Dec 10, 1997",LAL @ GSW,L,30,7,15,0.467,2,3,0.667,4,8,0.5,3,3,6,4,1,0,2,0,20,-4,0,Kobe Bryant,Regular Season,1997-98
21997,977,0029700267,"Dec 08, 1997",LAL @ POR,L,25,6,14,0.429,1,3,0.333,6,8,0.75,0,2,2,1,1,0,3,3,19,-13,0,Kobe Bryant,Regular Season,1997-98
21997,977,0029700262,"Dec 07, 1997",LAL vs. CLE,L,29,5,15,0.333,2,4,0.5,9,10,0.9,1,3,4,2,0,0,1,5,21,3,0,Kobe Bryant,Regular Season,1997-98
21997,977,0029700249,"Dec 05, 1997",LAL vs. SAS,W,27,4,10,0.4,1,3,0.333,8,8,1.0,1,3,4,5,3,0,0,1,17,20,0,Kobe Bryant,Regular Season,1997-98
21997,977,0029700233,"Dec 03, 1997",LAL @ DEN,W,24,3,10,0.3,1,3,0.333,3,4,0.75,1,3,4,5,0,2,2,1,10,6,0,Kobe Bryant,Regular Season,1997-98
21997,977,0029700217,"Nov 30, 1997",LAL vs. TOR,W,19,2,8,0.25,0,1,0.0,2,2,1.0,0,5,5,3,1,0,2,3,6,4,0,Kobe Bryant,Regular Season,1997-98
21997,977,0029700194,"Nov 28, 1997",LAL @ PHI,L,23,7,11,0.636,3,5,0.6,2,5,0.4,1,1,2,1,0,1,4,4,19,-4,0,Kobe Bryant,Regular Season,1997-98
21997,977,0029700183,"Nov 26, 1997",LAL @ BOS,W,28,5,11,0.455,1,1,1.0,3,8,0.375,2,3,5,2,1,0,7,1,14,5,0,Kobe Bryant,Regular Season,1997-98
21997,977,0029700177,"Nov 25, 1997",LAL @ MIA,L,27,7,21,0.333,1,5,0.2,1,5,0.2,2,0,2,3,3,0,2,2,16,-15,0,Kobe Bryant,Regular Season,1997-98
21997,977,0029700172,"Nov 23, 1997",LAL vs. LAC,W,29,8,21,0.381,0,2,0.0,8,9,0.889,3,2,5,4,4,0,1,3,24,18,0,Kobe Bryant,Regular Season,1997-98
21997,977,0029700144,"Nov 19, 1997",LAL vs. MIN,W,34,9,18,0.5,1,5,0.2,1,1,1.0,0,3,3,3,2,0,2,2,20,33,0,Kobe Bryant,Regular Season,1997-98
21997,977,0029700135,"Nov 18, 1997",LAL @ UTA,W,29,4,10,0.4,0,2,0.0,11,12,0.917,1,4,5,2,0,2,2,2,19,9,0,Kobe Bryant,Regular Season,1997-98
21997,977,0029700126,"Nov 16, 1997",LAL vs. VAN,W,16,2,6,0.333,1,4,0.25,6,6,1.0,0,1,1,1,0,0,2,2,11,1,0,Kobe Bryant,Regular Season,1997-98
21997,977,0029700076,"Nov 09, 1997",LAL vs. GSW,W,24,11,18,0.611,2,3,0.667,1,2,0.5,2,1,3,5,3,1,0,1,25,16,0,Kobe Bryant,Regular Season,1997-98
21997,977,0029700062,"Nov 07, 1997",LAL vs. NYK,W,20,1,9,0.111,0,2,0.0,2,3,0.667,0,1,1,1,1,0,0,2,4,-6,0,Kobe Bryant,Regular Season,1997-98
21997,977,0029700040,"Nov 04, 1997",LAL @ SAC,W,21,2,10,0.2,0,2,0.0,0,0,0.0,2,1,3,3,2,1,3,1,4,-7,0,Kobe Bryant,Regular Season,1997-98
21997,977,0029700012,"Oct 31, 1997",LAL vs. UTA,W,33,5,13,0.385,0,2,0.0,13,14,0.929,0,3,3,5,1,0,1,1,23,18,0,Kobe Bryant,Regular Season,1997-98
41997,977,0049700075,"May 24, 1998",LAL vs. UTA,L,18,2,2,1.0,0,0,0.0,2,3,0.667,0,1,1,0,1,1,3,3,6,0,0,Kobe Bryant,Playoffs,1997-98
41997,977,0049700073,"May 22, 1998",LAL vs. UTA,L,15,2,4,0.5,0,1,0.0,5,7,0.714,0,0,0,1,0,0,2,4,9,-2,0,Kobe Bryant,Playoffs,1997-98
41997,977,0049700071,"May 18, 1998",LAL @ UTA,L,21,3,10,0.3,0,1,0.0,3,4,0.75,1,1,2,1,0,0,2,3,9,-6,0,Kobe Bryant,Playoffs,1997-98
41997,977,0049700069,"May 16, 1998",LAL @ UTA,L,31,4,14,0.286,0,5,0.0,8,12,0.667,2,2,4,2,0,1,0,0,16,-20,0,Kobe Bryant,Playoffs,1997-98
41997,977,0049700059,"May 12, 1998",LAL @ SEA,W,11,3,3,1.0,1,1,1.0,0,0,0.0,0,1,1,0,0,1,1,2,7,-6,0,Kobe Bryant,Playoffs,1997-98
41997,977,0049700054,"May 10, 1998",LAL vs. SEA,W,3,0,0,0.0,0,0,0.0,0,0,0.0,0,0,0,0,0,0,0,0,0,1,0,Kobe Bryant,Playoffs,1997-98
41997,977,0049700042,"May 04, 1998",LAL @ SEA,L,16,1,5,0.2,0,2,0.0,2,4,0.5,1,0,1,0,1,1,0,2,4,-16,0,Kobe Bryant,Playoffs,1997-98
41997,977,0049700029,"Apr 30, 1998",LAL @ POR,W,36,9,16,0.563,1,1,1.0,3,4,0.75,0,3,3,4,0,1,1,4,22,21,0,Kobe Bryant,Playoffs,1997-98
41997,977,0049700022,"Apr 28, 1998",LAL @ POR,L,15,1,6,0.167,0,2,0.0,2,2,1.0,3,2,5,0,0,0,1,3,4,-11,0,Kobe Bryant,Playoffs,1997-98
41997,977,0049700014,"Apr 26, 1998",LAL vs. POR,W,24,2,7,0.286,0,0,0.0,0,0,0.0,0,3,3,4,0,1,1,2,4,-3,0,Kobe Bryant,Playoffs,1997-98
41997,977,0049700008,"Apr 24, 1998",LAL vs. POR,W,27,4,9,0.444,1,1,1.0,6,9,0.667,0,1,1,4,1,2,0,5,15,2,0,Kobe Bryant,Playoffs,1997-98
21998,977,0029800723,"May 05, 1999",LAL vs. POR,W,22,4,5,0.8,0,0,0.0,3,5,0.6,1,4,5,1,0,0,1,2,11,17,0,Kobe Bryant,Regular Season,1998-99
21998,977,0029800703,"May 03, 1999",LAL vs. DAL,W,40,6,12,0.5,0,0,0.0,5,5,1.0,0,4,4,10,3,1,5,4,17,16,0,Kobe Bryant,Regular Season,1998-99
21998,977,0029800698,"May 02, 1999",LAL @ SEA,W,44,12,20,0.6,1,2,0.5,3,4,0.75,2,4,6,4,2,3,3,5,28,9,0,Kobe Bryant,Regular Season,1998-99
21998,977,0029800672,"Apr 29, 1999",LAL vs. POR,W,38,5,11,0.455,0,2,0.0,5,6,0.833,0,6,6,7,2,2,6,2,15,26,0,Kobe Bryant,Regular Season,1998-99
21998,977,0029800646,"Apr 26, 1999",LAL @ HOU,L,35,3,14,0.214,1,3,0.333,2,2,1.0,1,4,5,2,1,0,1,2,9,-18,0,Kobe Bryant,Regular Season,1998-99
21998,977,0029800629,"Apr 24, 1999",LAL @ SAS,L,38,5,14,0.357,0,2,0.0,1,2,0.5,0,4,4,4,2,1,2,3,11,-24,0,Kobe Bryant,Regular Season,1998-99
21998,977,0029800610,"Apr 21, 1999",LAL @ POR,L,45,7,15,0.467,2,5,0.4,6,7,0.857,2,4,6,4,2,1,6,4,22,-4,0,Kobe Bryant,Regular Season,1998-99
21998,977,0029800600,"Apr 20, 1999",LAL @ GSW,W,40,10,17,0.588,3,4,0.75,4,5,0.8,3,2,5,5,1,3,5,3,27,7,0,Kobe Bryant,Regular Season,1998-99
21998,977,0029800593,"Apr 19, 1999",LAL vs. VAN,W,36,6,11,0.545,0,3,0.0,5,6,0.833,0,4,4,8,1,0,1,4,17,3,0,Kobe Bryant,Regular Season,1998-99
21998,977,0029800574,"Apr 17, 1999",LAL @ UTA,L,42,6,16,0.375,2,4,0.5,3,5,0.6,0,5,5,5,0,0,4,2,17,-13,0,Kobe Bryant,Regular Season,1998-99
21998,977,0029800542,"Apr 13, 1999",LAL @ POR,L,39,7,19,0.368,0,2,0.0,6,7,0.857,0,0,0,2,0,0,2,1,20,-18,0,Kobe Bryant,Regular Season,1998-99
21998,977,0029800525,"Apr 11, 1999",LAL vs. SEA,L,44,8,21,0.381,0,4,0.0,9,10,0.9,2,3,5,9,1,0,0,6,25,-8,0,Kobe Bryant,Regular Season,1998-99
21998,977,0029800510,"Apr 09, 1999",LAL vs. MIN,W,37,7,14,0.5,1,3,0.333,3,4,0.75,2,1,3,7,1,0,1,2,18,11,0,Kobe Bryant,Regular Season,1998-99
21998,977,0029800495,"Apr 07, 1999",LAL @ SAC,W,42,7,18,0.389,0,1,0.0,4,4,1.0,0,2,2,7,6,0,8,4,18,11,0,Kobe Bryant,Regular Season,1998-99
21998,977,0029800484,"Apr 06, 1999",LAL vs. UTA,L,36,6,14,0.429,0,2,0.0,3,4,0.75,2,0,2,3,0,1,1,3,15,-14,0,Kobe Bryant,Regular Season,1998-99
21998,977,0029800476,"Apr 05, 1999",LAL vs. DEN,W,37,8,12,0.667,4,4,1.0,6,7,0.857,1,1,2,3,0,0,0,1,26,10,0,Kobe Bryant,Regular Season,1998-99
21998,977,0029800460,"Apr 03, 1999",LAL vs. GSW,L,39,5,15,0.333,0,1,0.0,7,9,0.778,1,1,2,2,1,0,2,2,17,0,0,Kobe Bryant,Regular Season,1998-99
21998,977,0029800452,"Apr 02, 1999",LAL @ PHX,W,41,7,20,0.35,0,0,0.0,4,4,1.0,0,3,3,4,2,2,4,3,18,-10,0,Kobe Bryant,Regular Season,1998-99
21998,977,0029800418,"Mar 29, 1999",LAL vs. VAN,W,34,7,17,0.412,0,1,0.0,6,6,1.0,3,0,3,3,3,3,2,2,20,6,0,Kobe Bryant,Regular Season,1998-99
21998,977,0029800413,"Mar 28, 1999",LAL vs. NYK,W,39,11,20,0.55,0,0,0.0,7,8,0.875,0,5,5,3,5,1,2,3,29,6,0,Kobe Bryant,Regular Season,1998-99
21998,977,0029800396,"Mar 26, 1999",LAL vs. SAC,L,40,10,17,0.588,1,1,1.0,5,6,0.833,0,0,0,6,2,3,2,0,26,-6,0,Kobe Bryant,Regular Season,1998-99
21998,977,0029800379,"Mar 24, 1999",LAL vs. PHX,L,39,10,22,0.455,0,3,0.0,5,7,0.714,1,2,3,2,1,2,5,3,25,-14,0,Kobe Bryant,Regular Season,1998-99
21998,977,0029800362,"Mar 22, 1999",LAL @ DAL,W,37,8,17,0.471,0,0,0.0,5,5,1.0,0,2,2,2,2,1,1,0,21,-1,0,Kobe Bryant,Regular Season,1998-99
21998,977,0029800350,"Mar 21, 1999",LAL @ ORL,W,45,15,24,0.625,2,2,1.0,6,7,0.857,0,3,3,4,2,1,4,3,38,15,0,Kobe Bryant,Regular Season,1998-99
21998,977,0029800333,"Mar 19, 1999",LAL @ PHI,L,40,9,16,0.563,1,4,0.25,4,4,1.0,0,2,2,2,1,1,5,1,23,-21,0,Kobe Bryant,Regular Season,1998-99
21998,977,0029800328,"Mar 18, 1999",LAL @ CLE,L,37,4,12,0.333,0,1,0.0,6,6,1.0,1,3,4,5,0,0,2,5,14,-6,0,Kobe Bryant,Regular Season,1998-99
21998,977,0029800313,"Mar 16, 1999",LAL @ MIN,W,39,6,12,0.5,1,2,0.5,8,10,0.8,2,7,9,3,0,0,0,3,21,16,0,Kobe Bryant,Regular Season,1998-99
21998,977,0029800297,"Mar 14, 1999",LAL @ SAC,L,43,11,19,0.579,1,6,0.167,6,6,1.0,2,8,10,4,2,0,6,1,29,9,0,Kobe Bryant,Regular Season,1998-99
21998,977,0029800281,"Mar 12, 1999",LAL vs. GSW,W,42,7,13,0.538,0,0,0.0,4,4,1.0,0,4,4,3,5,1,2,3,18,9,0,Kobe Bryant,Regular Season,1998-99
21998,977,0029800265,"Mar 10, 1999",LAL vs. LAC,W,28,4,14,0.286,0,0,0.0,1,2,0.5,2,2,4,4,0,0,3,3,9,7,0,Kobe Bryant,Regular Season,1998-99
21998,977,0029800255,"Mar 09, 1999",LAL @ LAC,W,28,4,7,0.571,0,0,0.0,8,10,0.8,1,1,2,5,2,0,4,4,16,-12,0,Kobe Bryant,Regular Season,1998-99
21998,977,0029800239,"Mar 07, 1999",LAL @ UTA,W,38,7,16,0.438,0,2,0.0,10,13,0.769,2,2,4,1,0,1,5,5,24,5,0,Kobe Bryant,Regular Season,1998-99
21998,977,0029800227,"Mar 05, 1999",LAL vs. SEA,W,43,8,15,0.533,0,0,0.0,4,4,1.0,2,3,5,2,1,1,2,2,20,-1,0,Kobe Bryant,Regular Season,1998-99
21998,977,0029800210,"Mar 03, 1999",LAL vs. PHX,W,42,11,19,0.579,0,0,0.0,10,12,0.833,0,5,5,5,2,4,4,0,32,4,0,Kobe Bryant,Regular Season,1998-99
21998,977,0029800192,"Mar 01, 1999",LAL @ PHX,W,27,3,11,0.273,0,1,0.0,4,5,0.8,1,3,4,2,1,1,3,5,10,2,0,Kobe Bryant,Regular Season,1998-99
21998,977,0029800186,"Feb 28, 1999",LAL vs. HOU,W,40,8,20,0.4,0,2,0.0,2,2,1.0,0,5,5,3,1,1,4,2,18,6,0,Kobe Bryant,Regular Season,1998-99
21998,977,0029800169,"Feb 26, 1999",LAL vs. LAC,W,34,7,10,0.7,0,0,0.0,8,10,0.8,0,4,4,0,1,2,6,6,22,7,0,Kobe Bryant,Regular Season,1998-99
21998,977,0029800160,"Feb 25, 1999",LAL @ LAC,W,25,2,6,0.333,0,1,0.0,3,4,0.75,1,5,6,2,1,0,2,1,7,6,0,Kobe Bryant,Regular Season,1998-99
21998,977,0029800145,"Feb 23, 1999",LAL @ VAN,L,35,5,21,0.238,0,6,0.0,1,3,0.333,2,3,5,2,0,0,5,5,11,-7,0,Kobe Bryant,Regular Season,1998-99
21998,977,0029800135,"Feb 22, 1999",LAL @ DEN,L,46,8,15,0.533,1,3,0.333,9,11,0.818,1,12,13,9,1,0,4,4,26,-1,0,Kobe Bryant,Regular Season,1998-99
21998,977,0029800130,"Feb 21, 1999",LAL @ SEA,L,40,8,20,0.4,1,6,0.167,6,6,1.0,4,9,13,2,1,0,4,5,23,-9,0,Kobe Bryant,Regular Season,1998-99
21998,977,0029800112,"Feb 19, 1999",LAL vs. SAS,W,42,9,19,0.474,0,0,0.0,3,4,0.75,1,7,8,6,1,1,3,5,21,12,0,Kobe Bryant,Regular Season,1998-99
21998,977,0029800096,"Feb 17, 1999",LAL vs. DAL,W,31,8,15,0.533,0,0,0.0,7,8,0.875,1,8,9,4,1,0,3,2,23,26,0,Kobe Bryant,Regular Season,1998-99
21998,977,0029800088,"Feb 16, 1999",LAL vs. CHH,W,31,8,14,0.571,0,1,0.0,0,0,0.0,0,9,9,5,2,2,4,1,16,27,0,Kobe Bryant,Regular Season,1998-99
21998,977,0029800071,"Feb 14, 1999",LAL vs. IND,L,35,6,12,0.5,1,4,0.25,5,6,0.833,0,2,2,0,2,2,3,5,18,-6,0,Kobe Bryant,Regular Season,1998-99
21998,977,0029800058,"Feb 11, 1999",LAL @ MIN,L,38,8,21,0.381,0,3,0.0,8,9,0.889,2,8,10,2,2,1,1,1,24,-10,0,Kobe Bryant,Regular Season,1998-99
21998,977,0029800048,"Feb 10, 1999",LAL @ DEN,W,38,8,15,0.533,1,2,0.5,4,5,0.8,1,9,10,5,1,0,3,5,21,3,0,Kobe Bryant,Regular Season,1998-99
21998,977,0029800034,"Feb 08, 1999",LAL @ SAS,W,42,8,19,0.421,1,4,0.25,2,2,1.0,2,8,10,2,2,2,4,5,19,9,0,Kobe Bryant,Regular Season,1998-99
21998,977,0029800025,"Feb 07, 1999",LAL vs. UTA,L,41,7,12,0.583,0,1,0.0,2,2,1.0,2,10,12,3,0,2,5,6,16,-5,0,Kobe Bryant,Regular Season,1998-99
21998,977,0029800011,"Feb 05, 1999",LAL vs. HOU,W,44,8,21,0.381,2,3,0.667,7,9,0.778,2,8,10,2,2,3,2,4,25,14,0,Kobe Bryant,Regular Season,1998-99
41998,977,0049800054,"May 23, 1999",LAL vs. SAS,L,40,7,16,0.438,1,3,0.333,1,2,0.5,3,5,8,3,0,0,3,6,16,-16,0,Kobe Bryant,Playoffs,1998-99
41998,977,0049800051,"May 22, 1999",LAL vs. SAS,L,44,7,18,0.389,2,5,0.4,4,6,0.667,0,4,4,1,4,1,4,4,20,-6,0,Kobe Bryant,Playoffs,1998-99
41998,977,0049800046,"May 19, 1999",LAL @ SAS,L,47,12,25,0.48,1,3,0.333,3,5,0.6,1,7,8,4,0,0,5,3,28,-3,0,Kobe Bryant,Playoffs,1998-99
41998,977,0049800042,"May 17, 1999",LAL @ SAS,L,35,8,17,0.471,0,1,0.0,5,6,0.833,2,4,6,6,3,1,7,2,21,-5,0,Kobe Bryant,Playoffs,1998-99
41998,977,0049800032,"May 15, 1999",LAL @ HOU,W,47,9,25,0.36,1,3,0.333,5,6,0.833,1,5,6,8,3,2,3,1,24,11,0,Kobe Bryant,Playoffs,1998-99
41998,977,0049800024,"May 13, 1999",LAL @ HOU,L,34,5,17,0.294,1,4,0.25,2,2,1.0,4,5,9,5,2,4,3,3,13,0,0,Kobe Bryant,Playoffs,1998-99
41998,977,0049800016,"May 11, 1999",LAL vs. HOU,W,37,8,15,0.533,1,3,0.333,2,2,1.0,2,7,9,5,3,1,4,1,19,26,0,Kobe Bryant,Playoffs,1998-99
41998,977,0049800007,"May 09, 1999",LAL vs. HOU,W,28,5,9,0.556,1,1,1.0,6,6,1.0,0,5,5,5,0,1,2,4,17,0,0,Kobe Bryant,Playoffs,1998-99
21999,977,0029901185,"Apr 19, 2000",LAL @ SAS,L,43,9,21,0.429,2,5,0.4,3,4,0.75,6,1,7,1,1,0,1,5,23,-9,0,Kobe Bryant,Regular Season,1999-00
21999,977,0029901171,"Apr 18, 2000",LAL @ DAL,L,43,7,20,0.35,1,5,0.2,1,1,1.0,8,6,14,6,2,1,6,3,16,-10,0,Kobe Bryant,Regular Season,1999-00
21999,977,0029901159,"Apr 16, 2000",LAL vs. MIN,W,41,7,18,0.389,0,4,0.0,11,11,1.0,1,2,3,10,2,1,6,1,25,7,0,Kobe Bryant,Regular Season,1999-00
21999,977,0029901144,"Apr 14, 2000",LAL vs. SAC,W,40,13,21,0.619,1,2,0.5,4,6,0.667,1,4,5,5,3,3,1,1,31,10,0,Kobe Bryant,Regular Season,1999-00
21999,977,0029901114,"Apr 10, 2000",LAL vs. SEA,W,45,13,28,0.464,0,3,0.0,7,9,0.778,3,7,10,6,2,0,1,5,33,16,0,Kobe Bryant,Regular Season,1999-00
21999,977,0029901097,"Apr 08, 2000",LAL vs. SAS,L,39,12,30,0.4,0,3,0.0,2,4,0.5,3,5,8,5,1,0,0,1,26,-11,0,Kobe Bryant,Regular Season,1999-00
21999,977,0029901073,"Apr 05, 2000",LAL @ GSW,W,42,5,14,0.357,1,1,1.0,5,6,0.833,2,3,5,11,1,0,4,4,16,10,0,Kobe Bryant,Regular Season,1999-00
21999,977,0029901052,"Apr 02, 2000",LAL vs. NYK,W,29,5,11,0.455,0,0,0.0,7,7,1.0,0,6,6,8,0,1,2,1,17,9,0,Kobe Bryant,Regular Season,1999-00
21999,977,0029901039,"Mar 31, 2000",LAL vs. PHI,W,37,4,12,0.333,0,2,0.0,2,2,1.0,1,8,9,5,0,1,4,2,10,7,0,Kobe Bryant,Regular Season,1999-00
21999,977,0029901025,"Mar 29, 2000",LAL @ VAN,W,43,13,20,0.65,0,0,0.0,2,2,1.0,3,3,6,3,4,0,1,5,28,5,0,Kobe Bryant,Regular Season,1999-00
21999,977,0029901006,"Mar 26, 2000",LAL @ SAC,W,44,8,19,0.421,0,1,0.0,8,11,0.727,5,9,14,4,2,1,3,1,24,2,0,Kobe Bryant,Regular Season,1999-00
21999,977,0029900990,"Mar 24, 2000",LAL vs. PHX,W,33,9,15,0.6,1,2,0.5,9,11,0.818,2,4,6,7,2,0,1,5,28,6,0,Kobe Bryant,Regular Season,1999-00
21999,977,0029900977,"Mar 22, 2000",LAL vs. GSW,W,28,7,16,0.438,2,4,0.5,2,2,1.0,1,5,6,4,2,2,3,2,18,19,0,Kobe Bryant,Regular Season,1999-00
21999,977,0029900955,"Mar 20, 2000",LAL @ MIA,W,43,11,25,0.44,0,0,0.0,1,1,1.0,0,5,5,4,1,0,2,2,23,13,0,Kobe Bryant,Regular Season,1999-00
21999,977,0029900947,"Mar 19, 2000",LAL @ NYK,W,44,8,23,0.348,1,4,0.25,7,10,0.7,2,7,9,7,3,1,2,2,24,12,0,Kobe Bryant,Regular Season,1999-00
21999,977,0029900934,"Mar 17, 2000",LAL @ DET,W,33,12,21,0.571,0,1,0.0,1,5,0.2,2,6,8,6,2,2,4,3,25,27,0,Kobe Bryant,Regular Season,1999-00
21999,977,0029900923,"Mar 16, 2000",LAL @ WAS,L,33,2,10,0.2,0,0,0.0,3,4,0.75,1,2,3,7,1,0,6,6,7,-7,0,Kobe Bryant,Regular Season,1999-00
21999,977,0029900906,"Mar 13, 2000",LAL @ DEN,W,43,8,20,0.4,0,3,0.0,6,8,0.75,2,7,9,5,1,0,1,4,22,7,0,Kobe Bryant,Regular Season,1999-00
21999,977,0029900901,"Mar 12, 2000",LAL vs. SAC,W,43,15,24,0.625,2,4,0.5,8,9,0.889,3,7,10,8,0,1,4,3,40,-5,0,Kobe Bryant,Regular Season,1999-00
21999,977,0029900878,"Mar 09, 2000",LAL @ GSW,W,39,9,19,0.474,1,4,0.25,11,13,0.846,3,1,4,4,2,1,2,2,30,30,0,Kobe Bryant,Regular Season,1999-00
21999,977,0029900856,"Mar 06, 2000",LAL @ LAC,W,29,9,12,0.75,1,2,0.5,3,4,0.75,0,1,1,5,0,0,0,5,22,6,0,Kobe Bryant,Regular Season,1999-00
21999,977,0029900849,"Mar 05, 2000",LAL vs. MIA,W,39,5,12,0.417,1,3,0.333,4,6,0.667,1,6,7,3,3,1,2,4,15,9,0,Kobe Bryant,Regular Season,1999-00
21999,977,0029900835,"Mar 03, 2000",LAL vs. IND,W,41,9,17,0.529,1,2,0.5,3,4,0.75,1,4,5,7,1,1,3,3,22,10,0,Kobe Bryant,Regular Season,1999-00
21999,977,0029900821,"Mar 01, 2000",LAL vs. VAN,W,42,9,22,0.409,1,4,0.25,8,10,0.8,3,3,6,3,2,0,1,2,27,10,0,Kobe Bryant,Regular Season,1999-00
21999,977,0029900816,"Feb 29, 2000",LAL @ POR,W,36,6,11,0.545,0,1,0.0,10,10,1.0,1,6,7,3,1,1,5,4,22,2,0,Kobe Bryant,Regular Season,1999-00
21999,977,0029900800,"Feb 27, 2000",LAL vs. HOU,W,36,13,18,0.722,2,4,0.5,3,7,0.429,1,3,4,6,1,1,4,5,31,22,0,Kobe Bryant,Regular Season,1999-00
21999,977,0029900787,"Feb 25, 2000",LAL vs. BOS,W,31,6,12,0.5,0,0,0.0,5,6,0.833,1,5,6,5,3,2,2,5,17,8,0,Kobe Bryant,Regular Season,1999-00
21999,977,0029900768,"Feb 23, 2000",LAL @ CLE,W,39,9,22,0.409,1,3,0.333,2,3,0.667,0,7,7,6,2,1,0,2,21,6,0,Kobe Bryant,Regular Season,1999-00
21999,977,0029900758,"Feb 22, 2000",LAL @ NJN,W,39,9,20,0.45,0,1,0.0,3,4,0.75,3,1,4,4,0,1,1,3,21,5,0,Kobe Bryant,Regular Season,1999-00
21999,977,0029900743,"Feb 20, 2000",LAL @ PHI,W,39,7,15,0.467,0,1,0.0,4,5,0.8,1,2,3,7,0,5,3,3,18,10,0,Kobe Bryant,Regular Season,1999-00
21999,977,0029900729,"Feb 18, 2000",LAL @ ORL,W,44,4,10,0.4,1,2,0.5,2,2,1.0,0,3,3,5,4,0,4,2,11,8,0,Kobe Bryant,Regular Season,1999-00
21999,977,0029900718,"Feb 16, 2000",LAL @ CHH,W,34,9,18,0.5,0,1,0.0,8,8,1.0,3,4,7,6,0,0,3,3,26,9,0,Kobe Bryant,Regular Season,1999-00
21999,977,0029900708,"Feb 15, 2000",LAL @ CHI,W,42,8,14,0.571,1,3,0.333,4,4,1.0,1,4,5,5,5,2,4,1,21,15,0,Kobe Bryant,Regular Season,1999-00
21999,977,0029900698,"Feb 09, 2000",LAL vs. MIN,W,33,9,17,0.529,2,2,1.0,4,5,0.8,2,3,5,4,1,0,5,1,24,15,0,Kobe Bryant,Regular Season,1999-00
21999,977,0029900680,"Feb 07, 2000",LAL vs. DEN,W,42,10,21,0.476,3,5,0.6,6,7,0.857,1,8,9,11,1,3,4,2,29,7,0,Kobe Bryant,Regular Season,1999-00
21999,977,0029900658,"Feb 04, 2000",LAL vs. UTA,W,26,5,8,0.625,0,1,0.0,3,5,0.6,0,4,4,9,2,1,4,4,13,24,0,Kobe Bryant,Regular Season,1999-00
21999,977,0029900635,"Feb 01, 2000",LAL @ SAS,L,41,7,14,0.5,0,1,0.0,5,6,0.833,1,6,7,8,4,2,1,3,19,-20,0,Kobe Bryant,Regular Season,1999-00
21999,977,0029900624,"Jan 30, 2000",LAL @ HOU,L,41,6,22,0.273,0,2,0.0,5,6,0.833,1,3,4,5,1,0,2,3,17,-5,0,Kobe Bryant,Regular Season,1999-00
21999,977,0029900611,"Jan 28, 2000",LAL vs. MIL,W,33,8,15,0.533,1,2,0.5,6,6,1.0,0,2,2,0,3,1,0,4,23,23,0,Kobe Bryant,Regular Season,1999-00
21999,977,0029900582,"Jan 24, 2000",LAL @ UTA,L,44,9,24,0.375,1,2,0.5,7,8,0.875,2,5,7,1,0,3,4,5,26,-11,0,Kobe Bryant,Regular Season,1999-00
21999,977,0029900571,"Jan 22, 2000",LAL vs. POR,L,37,13,19,0.684,1,2,0.5,1,2,0.5,0,4,4,2,1,0,2,6,28,-8,0,Kobe Bryant,Regular Season,1999-00
21999,977,0029900551,"Jan 19, 2000",LAL vs. CLE,W,41,6,15,0.4,0,2,0.0,13,14,0.929,3,10,13,4,0,2,6,4,25,8,0,Kobe Bryant,Regular Season,1999-00
21999,977,0029900537,"Jan 17, 2000",LAL vs. SEA,L,42,6,18,0.333,0,5,0.0,3,4,0.75,1,13,14,2,4,0,3,3,15,-2,0,Kobe Bryant,Regular Season,1999-00
21999,977,0029900522,"Jan 15, 2000",LAL @ MIN,W,40,8,18,0.444,2,3,0.667,4,5,0.8,0,3,3,6,1,2,2,4,22,12,0,Kobe Bryant,Regular Season,1999-00
21999,977,0029900509,"Jan 14, 2000",LAL @ IND,L,40,7,19,0.368,0,1,0.0,4,4,1.0,2,5,7,3,0,1,2,6,18,-12,0,Kobe Bryant,Regular Season,1999-00
21999,977,0029900496,"Jan 12, 2000",LAL @ MIL,W,43,10,19,0.526,0,3,0.0,2,2,1.0,2,2,4,5,3,2,3,5,22,9,0,Kobe Bryant,Regular Season,1999-00
21999,977,0029900483,"Jan 10, 2000",LAL vs. DEN,W,36,12,18,0.667,4,6,0.667,2,2,1.0,4,3,7,4,4,1,1,2,30,38,0,Kobe Bryant,Regular Season,1999-00
21999,977,0029900473,"Jan 08, 2000",LAL @ SEA,W,43,11,18,0.611,5,7,0.714,4,5,0.8,0,6,6,1,3,1,3,4,31,15,0,Kobe Bryant,Regular Season,1999-00
21999,977,0029900461,"Jan 07, 2000",LAL vs. CHH,W,36,5,19,0.263,1,4,0.25,2,2,1.0,3,7,10,4,1,0,5,5,13,-7,0,Kobe Bryant,Regular Season,1999-00
21999,977,0029900447,"Jan 05, 2000",LAL vs. LAC,W,37,11,22,0.5,0,1,0.0,4,6,0.667,3,7,10,6,1,2,2,3,26,12,0,Kobe Bryant,Regular Season,1999-00
21999,977,0029900440,"Jan 04, 2000",LAL @ LAC,W,37,12,26,0.462,0,1,0.0,5,7,0.714,5,4,9,2,1,0,4,4,29,10,0,Kobe Bryant,Regular Season,1999-00
21999,977,0029900409,"Dec 29, 1999",LAL vs. PHX,W,41,8,15,0.533,0,0,0.0,2,2,1.0,0,6,6,6,1,0,4,3,18,14,0,Kobe Bryant,Regular Season,1999-00
21999,977,0029900394,"Dec 27, 1999",LAL vs. DAL,W,42,10,22,0.455,1,1,1.0,4,4,1.0,2,7,9,4,3,0,3,3,25,9,0,Kobe Bryant,Regular Season,1999-00
21999,977,0029900379,"Dec 25, 1999",LAL vs. SAS,W,35,7,19,0.368,0,1,0.0,4,5,0.8,0,5,5,5,0,0,4,3,18,1,0,Kobe Bryant,Regular Season,1999-00
21999,977,0029900346,"Dec 20, 1999",LAL @ BOS,W,45,9,17,0.529,1,1,1.0,8,8,1.0,0,4,4,4,4,0,3,3,27,6,0,Kobe Bryant,Regular Season,1999-00
21999,977,0029900344,"Dec 19, 1999",LAL @ TOR,W,40,9,20,0.45,0,0,0.0,8,11,0.727,0,3,3,3,3,0,4,5,26,6,0,Kobe Bryant,Regular Season,1999-00
21999,977,0029900327,"Dec 17, 1999",LAL @ MIN,W,45,10,24,0.417,0,2,0.0,8,9,0.889,3,4,7,12,1,0,4,5,28,7,0,Kobe Bryant,Regular Season,1999-00
21999,977,0029900318,"Dec 16, 1999",LAL @ ATL,W,40,10,19,0.526,0,1,0.0,10,11,0.909,1,6,7,2,0,1,0,6,30,9,0,Kobe Bryant,Regular Season,1999-00
21999,977,0029900305,"Dec 14, 1999",LAL vs. LAC,W,30,5,12,0.417,0,1,0.0,8,9,0.889,0,3,3,3,2,2,1,1,18,40,0,Kobe Bryant,Regular Season,1999-00
21999,977,0029900296,"Dec 12, 1999",LAL vs. DET,W,35,11,24,0.458,0,2,0.0,4,5,0.8,1,4,5,6,1,1,3,5,26,16,0,Kobe Bryant,Regular Season,1999-00
21999,977,0029900293,"Dec 11, 1999",LAL @ VAN,W,39,5,12,0.417,0,0,0.0,4,4,1.0,1,5,6,7,0,5,2,3,14,10,0,Kobe Bryant,Regular Season,1999-00
21999,977,0029900267,"Dec 08, 1999",LAL @ SAC,L,42,11,19,0.579,1,2,0.5,4,5,0.8,0,6,6,5,1,0,6,1,27,-8,0,Kobe Bryant,Regular Season,1999-00
21999,977,0029900258,"Dec 07, 1999",LAL vs. WAS,W,31,5,13,0.385,0,1,0.0,11,14,0.786,0,1,1,2,2,0,3,4,21,9,0,Kobe Bryant,Regular Season,1999-00
21999,977,0029900245,"Dec 05, 1999",LAL vs. ORL,W,25,6,12,0.5,2,3,0.667,1,2,0.5,0,3,3,3,1,1,4,2,15,14,0,Kobe Bryant,Regular Season,1999-00
21999,977,0029900230,"Dec 03, 1999",LAL vs. POR,W,34,6,15,0.4,0,1,0.0,11,13,0.846,2,6,8,0,2,1,0,4,23,19,0,Kobe Bryant,Regular Season,1999-00
21999,977,0029900214,"Dec 01, 1999",LAL vs. GSW,W,30,7,18,0.389,0,3,0.0,5,6,0.833,3,3,6,3,0,0,2,4,19,13,0,Kobe Bryant,Regular Season,1999-00
41999,977,0049900088,"Jun 19, 2000",LAL vs. IND,W,44,8,27,0.296,2,6,0.333,8,9,0.889,3,7,10,4,1,2,1,4,26,7,0,Kobe Bryant,Playoffs,1999-00
41999,977,0049900087,"Jun 16, 2000",LAL @ IND,L,36,4,20,0.2,0,1,0.0,0,0,,1,4,5,3,2,0,0,5,8,-22,0,Kobe Bryant,Playoffs,1999-00
41999,977,0049900086,"Jun 14, 2000",LAL @ IND,W,46,14,27,0.519,0,0,,0,0,,2,2,4,5,1,2,3,4,28,2,0,Kobe Bryant,Playoffs,1999-00
41999,977,0049900084,"Jun 09, 2000",LAL vs. IND,W,8,1,3,0.333,0,1,0.0,0,0,,0,1,1,4,0,1,0,1,2,3,0,Kobe Bryant,Playoffs,1999-00
41999,977,0049900083,"Jun 07, 2000",LAL vs. IND,W,38,6,13,0.462,0,2,0.0,2,2,1.0,0,3,3,5,1,2,2,4,14,15,0,Kobe Bryant,Playoffs,1999-00
41999,977,0049900075,"Jun 04, 2000",LAL vs. POR,W,47,9,19,0.474,1,4,0.25,6,12,0.5,0,11,11,7,0,4,2,4,25,8,0,Kobe Bryant,Playoffs,1999-00
41999,977,0049900074,"Jun 02, 2000",LAL @ POR,L,48,12,24,0.5,6,9,0.667,3,6,0.5,0,2,2,6,4,3,3,5,33,-10,0,Kobe Bryant,Playoffs,1999-00
41999,977,0049900073,"May 30, 2000",LAL vs. POR,L,34,4,13,0.308,1,3,0.333,8,9,0.889,1,4,5,4,0,2,6,6,17,-4,0,Kobe Bryant,Playoffs,1999-00
41999,977,0049900072,"May 28, 2000",LAL @ POR,W,45,5,15,0.333,2,3,0.667,6,7,0.857,1,3,4,7,2,3,3,4,18,12,0,Kobe Bryant,Playoffs,1999-00
41999,977,0049900071,"May 26, 2000",LAL @ POR,W,47,11,18,0.611,1,1,1.0,2,2,1.0,2,5,7,7,2,1,3,5,25,2,0,Kobe Bryant,Playoffs,1999-00
41999,977,0049900070,"May 22, 2000",LAL vs. POR,L,41,2,9,0.222,1,2,0.5,7,8,0.875,0,2,2,4,2,1,2,5,12,-28,0,Kobe Bryant,Playoffs,1999-00
41999,977,0049900069,"May 20, 2000",LAL vs. POR,W,38,4,9,0.444,0,1,0.0,5,7,0.714,1,2,3,6,1,1,1,5,13,20,0,Kobe Bryant,Playoffs,1999-00
41999,977,0049900059,"May 16, 2000",LAL vs. PHX,W,34,6,16,0.375,1,3,0.333,4,4,1.0,1,0,1,3,1,0,2,3,17,22,0,Kobe Bryant,Playoffs,1999-00
41999,977,0049900058,"May 14, 2000",LAL @ PHX,L,36,10,20,0.5,0,5,0.0,3,6,0.5,1,2,3,5,2,0,2,4,23,-17,0,Kobe Bryant,Playoffs,1999-00
41999,977,0049900057,"May 12, 2000",LAL @ PHX,W,47,8,20,0.4,0,2,0.0,9,13,0.692,2,3,5,2,2,2,3,4,25,8,0,Kobe Bryant,Playoffs,1999-00
41999,977,0049900056,"May 10, 2000",LAL vs. PHX,W,34,6,11,0.545,0,1,0.0,3,4,0.75,0,4,4,6,2,2,5,4,15,2,0,Kobe Bryant,Playoffs,1999-00
41999,977,0049900055,"May 07, 2000",LAL vs. PHX,W,34,8,17,0.471,1,2,0.5,8,10,0.8,3,3,6,1,3,3,3,4,25,6,0,Kobe Bryant,Playoffs,1999-00
41999,977,0049900039,"May 05, 2000",LAL vs. SAC,W,33,7,16,0.438,1,5,0.2,2,2,1.0,0,2,2,6,0,3,1,2,17,23,0,Kobe Bryant,Playoffs,1999-00
41999,977,0049900028,"May 02, 2000",LAL @ SAC,L,45,13,30,0.433,0,3,0.0,6,8,0.75,2,4,6,4,2,0,7,4,32,-10,0,Kobe Bryant,Playoffs,1999-00
41999,977,0049900024,"Apr 30, 2000",LAL @ SAC,L,37,13,25,0.52,2,6,0.333,7,9,0.778,1,2,3,2,2,0,2,5,35,-12,0,Kobe Bryant,Playoffs,1999-00
41999,977,0049900016,"Apr 27, 2000",LAL vs. SAC,W,36,12,20,0.6,3,3,1.0,5,6,0.833,0,4,4,1,2,0,1,2,32,17,0,Kobe Bryant,Playoffs,1999-00
41999,977,0049900007,"Apr 23, 2000",LAL vs. SAC,W,38,11,22,0.5,0,1,0.0,1,2,0.5,5,2,7,5,0,0,3,5,23,4,0,Kobe Bryant,Playoffs,1999-00
22000,977,0020001177,"Apr 17, 2001",LAL vs. DEN,W,33,7,13,0.538,1,2,0.5,11,13,0.846,0,5,5,5,2,0,2,2,26,6,0,Kobe Bryant,Regular Season,2000-01
22000,977,0020001162,"Apr 15, 2001",LAL vs. POR,W,45,9,21,0.429,0,2,0.0,7,10,0.7,0,4,4,7,1,1,1,4,25,8,0,Kobe Bryant,Regular Season,2000-01
22000,977,0020001136,"Apr 12, 2001",LAL vs. MIN,W,37,14,24,0.583,0,0,0.0,2,3,0.667,0,5,5,9,1,0,1,2,30,20,0,Kobe Bryant,Regular Season,2000-01
22000,977,0020001121,"Apr 10, 2001",LAL vs. PHX,W,35,7,14,0.5,0,1,0.0,6,8,0.75,1,2,3,4,6,0,1,3,20,14,0,Kobe Bryant,Regular Season,2000-01
22000,977,0020001059,"Apr 01, 2001",LAL vs. NYK,L,11,0,4,0.0,0,2,0.0,0,0,0.0,0,0,0,2,0,0,0,2,0,7,0,Kobe Bryant,Regular Season,2000-01
22000,977,0020000981,"Mar 21, 2001",LAL @ MIL,L,42,4,15,0.267,0,1,0.0,5,7,0.714,1,6,7,8,0,0,4,3,13,-5,0,Kobe Bryant,Regular Season,2000-01
22000,977,0020000965,"Mar 19, 2001",LAL @ ATL,L,44,10,22,0.455,0,0,0.0,7,9,0.778,5,7,12,4,0,1,7,4,27,0,0,Kobe Bryant,Regular Season,2000-01
22000,977,0020000958,"Mar 18, 2001",LAL @ ORL,W,37,5,17,0.294,0,1,0.0,6,7,0.857,1,1,2,7,1,0,3,5,16,14,0,Kobe Bryant,Regular Season,2000-01
22000,977,0020000942,"Mar 16, 2001",LAL @ WAS,W,36,11,18,0.611,1,2,0.5,3,4,0.75,0,5,5,5,5,2,2,3,26,17,0,Kobe Bryant,Regular Season,2000-01
22000,977,0020000936,"Mar 15, 2001",LAL @ DET,W,48,16,28,0.571,1,3,0.333,6,7,0.857,1,4,5,7,3,0,4,5,39,13,0,Kobe Bryant,Regular Season,2000-01
22000,977,0020000896,"Mar 09, 2001",LAL vs. SAS,L,44,16,33,0.485,0,1,0.0,6,8,0.75,2,5,7,2,1,0,4,5,38,-4,0,Kobe Bryant,Regular Season,2000-01
22000,977,0020000884,"Mar 07, 2001",LAL vs. TOR,W,38,11,34,0.324,0,2,0.0,7,7,1.0,5,2,7,5,0,0,3,4,29,9,0,Kobe Bryant,Regular Season,2000-01
22000,977,0020000871,"Mar 06, 2001",LAL @ GSW,W,36,7,17,0.412,1,1,1.0,14,15,0.933,1,2,3,2,3,1,3,4,29,2,0,Kobe Bryant,Regular Season,2000-01
22000,977,0020000860,"Mar 04, 2001",LAL vs. GSW,W,31,9,15,0.6,0,1,0.0,4,5,0.8,1,1,2,5,2,0,2,2,22,26,0,Kobe Bryant,Regular Season,2000-01
22000,977,0020000852,"Mar 03, 2001",LAL @ VAN,W,39,8,16,0.5,0,2,0.0,4,5,0.8,0,5,5,6,1,0,7,3,20,15,0,Kobe Bryant,Regular Season,2000-01
22000,977,0020000828,"Feb 28, 2001",LAL @ DEN,L,46,16,28,0.571,2,5,0.4,4,6,0.667,3,7,10,6,1,1,5,3,38,-1,0,Kobe Bryant,Regular Season,2000-01
22000,977,0020000767,"Feb 20, 2001",LAL @ DAL,W,40,5,16,0.313,0,0,0.0,9,10,0.9,1,5,6,7,1,1,3,3,19,4,0,Kobe Bryant,Regular Season,2000-01
22000,977,0020000753,"Feb 18, 2001",LAL @ IND,L,45,13,28,0.464,0,2,0.0,7,9,0.778,3,2,5,9,1,1,4,2,33,-3,0,Kobe Bryant,Regular Season,2000-01
22000,977,0020000739,"Feb 16, 2001",LAL @ CHH,W,42,8,17,0.471,0,1,0.0,9,10,0.9,2,8,10,10,1,0,4,2,25,7,0,Kobe Bryant,Regular Season,2000-01
22000,977,0020000723,"Feb 14, 2001",LAL @ PHI,L,41,7,13,0.538,1,2,0.5,3,4,0.75,1,6,7,7,1,0,6,3,18,-17,0,Kobe Bryant,Regular Season,2000-01
22000,977,0020000710,"Feb 13, 2001",LAL @ NJN,W,49,14,25,0.56,2,5,0.4,8,10,0.8,4,4,8,5,1,1,3,5,38,5,0,Kobe Bryant,Regular Season,2000-01
22000,977,0020000702,"Feb 07, 2001",LAL vs. PHX,W,45,13,26,0.5,1,2,0.5,5,7,0.714,1,7,8,9,4,1,4,4,32,7,0,Kobe Bryant,Regular Season,2000-01
22000,977,0020000682,"Feb 04, 2001",LAL vs. SAC,W,44,8,26,0.308,0,1,0.0,10,11,0.909,4,7,11,4,1,0,2,2,26,8,0,Kobe Bryant,Regular Season,2000-01
22000,977,0020000666,"Feb 02, 2001",LAL vs. CHH,W,48,15,30,0.5,0,1,0.0,14,14,1.0,4,5,9,2,0,5,5,3,44,6,0,Kobe Bryant,Regular Season,2000-01
22000,977,0020000651,"Jan 31, 2001",LAL @ MIN,L,42,6,17,0.353,1,1,1.0,11,12,0.917,3,6,9,5,0,3,3,2,24,-12,0,Kobe Bryant,Regular Season,2000-01
22000,977,0020000641,"Jan 30, 2001",LAL @ CLE,W,41,12,26,0.462,0,1,0.0,23,26,0.885,2,3,5,3,3,1,7,3,47,4,0,Kobe Bryant,Regular Season,2000-01
22000,977,0020000629,"Jan 28, 2001",LAL @ NYK,L,42,12,27,0.444,1,3,0.333,8,11,0.727,3,8,11,3,2,0,3,2,33,-16,0,Kobe Bryant,Regular Season,2000-01
22000,977,0020000616,"Jan 26, 2001",LAL vs. NJN,W,42,10,20,0.5,2,4,0.5,4,5,0.8,1,8,9,3,1,0,3,2,26,19,0,Kobe Bryant,Regular Season,2000-01
22000,977,0020000599,"Jan 23, 2001",LAL @ SEA,L,43,5,19,0.263,1,5,0.2,10,13,0.769,3,5,8,5,2,0,2,3,21,-14,0,Kobe Bryant,Regular Season,2000-01
22000,977,0020000583,"Jan 21, 2001",LAL vs. MIA,L,45,13,27,0.481,1,3,0.333,7,8,0.875,2,6,8,0,5,1,6,6,34,-5,0,Kobe Bryant,Regular Season,2000-01
22000,977,0020000571,"Jan 19, 2001",LAL vs. HOU,W,39,12,22,0.545,1,4,0.25,4,5,0.8,2,4,6,4,3,0,1,3,29,16,0,Kobe Bryant,Regular Season,2000-01
22000,977,0020000545,"Jan 15, 2001",LAL vs. VAN,W,46,10,24,0.417,0,4,0.0,6,8,0.75,0,11,11,11,2,2,3,1,26,4,0,Kobe Bryant,Regular Season,2000-01
22000,977,0020000529,"Jan 13, 2001",LAL @ UTA,L,46,8,24,0.333,0,6,0.0,11,12,0.917,2,7,9,4,3,0,0,5,27,-2,0,Kobe Bryant,Regular Season,2000-01
22000,977,0020000519,"Jan 12, 2001",LAL vs. CLE,W,42,10,25,0.4,2,6,0.333,10,11,0.909,2,3,5,5,2,2,4,6,32,5,0,Kobe Bryant,Regular Season,2000-01
22000,977,0020000484,"Jan 07, 2001",LAL vs. LAC,L,45,10,24,0.417,0,5,0.0,7,8,0.875,2,4,6,4,3,1,4,5,27,-20,0,Kobe Bryant,Regular Season,2000-01
22000,977,0020000456,"Jan 03, 2001",LAL vs. UTA,W,45,13,24,0.542,2,6,0.333,3,4,0.75,0,4,4,4,3,0,5,5,31,11,0,Kobe Bryant,Regular Season,2000-01
22000,977,0020000434,"Dec 30, 2000",LAL @ LAC,W,34,7,18,0.389,2,7,0.286,1,2,0.5,0,5,5,6,1,0,0,1,17,9,0,Kobe Bryant,Regular Season,2000-01
22000,977,0020000420,"Dec 28, 2000",LAL @ PHX,W,33,12,19,0.632,3,3,1.0,11,11,1.0,1,4,5,1,3,0,1,2,38,27,0,Kobe Bryant,Regular Season,2000-01
22000,977,0020000397,"Dec 25, 2000",LAL vs. POR,L,46,9,20,0.45,0,4,0.0,11,14,0.786,0,2,2,6,2,0,2,6,29,1,0,Kobe Bryant,Regular Season,2000-01
22000,977,0020000379,"Dec 22, 2000",LAL @ DAL,W,46,12,20,0.6,1,1,1.0,10,10,1.0,1,3,4,4,0,0,5,5,35,6,0,Kobe Bryant,Regular Season,2000-01
22000,977,0020000373,"Dec 21, 2000",LAL @ HOU,W,44,20,26,0.769,1,1,1.0,4,6,0.667,3,1,4,3,1,0,1,1,45,-2,0,Kobe Bryant,Regular Season,2000-01
22000,977,0020000352,"Dec 19, 2000",LAL @ MIA,W,45,9,24,0.375,0,2,0.0,5,8,0.625,2,3,5,6,0,0,3,4,23,5,0,Kobe Bryant,Regular Season,2000-01
22000,977,0020000347,"Dec 17, 2000",LAL @ TOR,W,52,14,29,0.483,1,5,0.2,11,11,1.0,1,6,7,4,0,3,2,3,40,1,0,Kobe Bryant,Regular Season,2000-01
22000,977,0020000334,"Dec 15, 2000",LAL vs. VAN,W,35,7,18,0.389,1,3,0.333,2,2,1.0,1,3,4,1,1,1,3,2,17,19,0,Kobe Bryant,Regular Season,2000-01
22000,977,0020000320,"Dec 13, 2000",LAL @ POR,L,45,13,25,0.52,0,2,0.0,9,13,0.692,1,5,6,6,2,0,1,5,35,-8,0,Kobe Bryant,Regular Season,2000-01
22000,977,0020000309,"Dec 12, 2000",LAL vs. MIL,L,41,8,31,0.258,3,10,0.3,6,7,0.857,2,4,6,6,2,0,3,3,25,5,0,Kobe Bryant,Regular Season,2000-01
22000,977,0020000297,"Dec 10, 2000",LAL vs. DET,W,34,11,21,0.524,2,5,0.4,2,2,1.0,1,3,4,9,1,1,1,2,26,23,0,Kobe Bryant,Regular Season,2000-01
22000,977,0020000280,"Dec 08, 2000",LAL vs. SEA,L,40,8,25,0.32,0,1,0.0,3,5,0.6,0,4,4,2,3,1,2,4,19,-12,0,Kobe Bryant,Regular Season,2000-01
22000,977,0020000267,"Dec 06, 2000",LAL @ GSW,L,51,18,35,0.514,2,7,0.286,13,13,1.0,3,4,7,8,2,1,8,4,51,-2,0,Kobe Bryant,Regular Season,2000-01
22000,977,0020000258,"Dec 05, 2000",LAL vs. PHI,W,44,15,28,0.536,1,4,0.25,5,5,1.0,0,1,1,4,0,1,2,4,36,15,0,Kobe Bryant,Regular Season,2000-01
22000,977,0020000246,"Dec 03, 2000",LAL vs. DAL,W,45,15,28,0.536,1,3,0.333,7,9,0.778,4,6,10,6,2,2,6,4,38,1,0,Kobe Bryant,Regular Season,2000-01
22000,977,0020000230,"Dec 01, 2000",LAL vs. SAS,W,45,16,31,0.516,2,4,0.5,9,10,0.9,1,2,3,6,1,0,3,3,43,8,0,Kobe Bryant,Regular Season,2000-01
22000,977,0020000222,"Nov 30, 2000",LAL @ SEA,L,37,6,16,0.375,0,4,0.0,5,5,1.0,1,2,3,4,3,0,6,5,17,-25,0,Kobe Bryant,Regular Season,2000-01
22000,977,0020000206,"Nov 28, 2000",LAL vs. IND,W,37,11,24,0.458,3,6,0.5,12,12,1.0,1,3,4,5,4,0,2,3,37,34,0,Kobe Bryant,Regular Season,2000-01
22000,977,0020000198,"Nov 27, 2000",LAL @ LAC,W,32,10,19,0.526,2,4,0.5,7,7,1.0,2,5,7,4,1,0,1,3,29,19,0,Kobe Bryant,Regular Season,2000-01
22000,977,0020000180,"Nov 24, 2000",LAL vs. MIN,W,38,12,20,0.6,1,2,0.5,4,5,0.8,1,3,4,5,1,0,4,2,29,12,0,Kobe Bryant,Regular Season,2000-01
22000,977,0020000168,"Nov 22, 2000",LAL vs. GSW,W,30,13,19,0.684,2,3,0.667,3,4,0.75,1,3,4,7,1,0,8,2,31,24,0,Kobe Bryant,Regular Season,2000-01
22000,977,0020000147,"Nov 19, 2000",LAL vs. CHI,W,39,8,22,0.364,0,2,0.0,6,9,0.667,1,11,12,3,1,0,2,2,22,11,0,Kobe Bryant,Regular Season,2000-01
22000,977,0020000140,"Nov 18, 2000",LAL @ DEN,L,44,10,25,0.4,3,6,0.5,9,10,0.9,1,4,5,4,0,1,3,2,32,-7,0,Kobe Bryant,Regular Season,2000-01
22000,977,0020000124,"Nov 16, 2000",LAL @ SAC,W,49,9,23,0.391,1,5,0.2,12,12,1.0,1,9,10,3,0,1,3,4,31,6,0,Kobe Bryant,Regular Season,2000-01
22000,977,0020000108,"Nov 14, 2000",LAL vs. DEN,W,39,12,23,0.522,1,3,0.333,6,6,1.0,3,1,4,9,2,1,4,4,31,24,0,Kobe Bryant,Regular Season,2000-01
22000,977,0020000098,"Nov 12, 2000",LAL vs. HOU,W,44,12,29,0.414,1,1,1.0,12,15,0.8,3,7,10,2,3,0,2,5,37,3,0,Kobe Bryant,Regular Season,2000-01
22000,977,0020000068,"Nov 08, 2000",LAL @ SAS,L,46,15,31,0.484,1,3,0.333,1,1,1.0,1,2,3,8,3,0,3,1,32,-2,0,Kobe Bryant,Regular Season,2000-01
22000,977,0020000058,"Nov 07, 2000",LAL @ HOU,L,47,7,16,0.438,1,3,0.333,0,1,0.0,1,2,3,3,2,1,1,3,15,-12,0,Kobe Bryant,Regular Season,2000-01
22000,977,0020000049,"Nov 05, 2000",LAL vs. LAC,W,41,6,14,0.429,2,4,0.5,7,7,1.0,0,5,5,6,0,0,2,2,21,14,0,Kobe Bryant,Regular Season,2000-01
22000,977,0020000047,"Nov 04, 2000",LAL @ VAN,W,40,9,20,0.45,1,1,1.0,3,4,0.75,2,3,5,2,5,2,6,3,22,9,0,Kobe Bryant,Regular Season,2000-01
22000,977,0020000019,"Nov 01, 2000",LAL vs. UTA,L,37,9,21,0.429,1,2,0.5,12,13,0.923,1,3,4,5,0,1,2,3,31,7,0,Kobe Bryant,Regular Season,2000-01
22000,977,0020000012,"Oct 31, 2000",LAL @ POR,W,35,4,11,0.364,0,1,0.0,6,6,1.0,0,2,2,2,1,1,7,4,14,8,0,Kobe Bryant,Regular Season,2000-01
42000,977,0040000087,"Jun 15, 2001",LAL @ PHI,W,44,7,18,0.389,2,3,0.667,10,11,0.909,2,10,12,6,1,1,3,3,26,14,0,Kobe Bryant,Playoffs,2000-01
42000,977,0040000086,"Jun 13, 2001",LAL @ PHI,W,43,6,13,0.462,0,2,0.0,7,12,0.583,2,8,10,9,1,1,4,2,19,7,0,Kobe Bryant,Playoffs,2000-01
42000,977,0040000085,"Jun 10, 2001",LAL @ PHI,W,48,13,30,0.433,0,2,0.0,6,6,1.0,0,6,6,3,2,0,3,2,32,5,0,Kobe Bryant,Playoffs,2000-01
42000,977,0040000084,"Jun 08, 2001",LAL vs. PHI,W,47,11,23,0.478,1,2,0.5,8,8,1.0,1,7,8,6,2,2,2,4,31,11,0,Kobe Bryant,Playoffs,2000-01
42000,977,0040000083,"Jun 06, 2001",LAL vs. PHI,L,52,7,22,0.318,0,0,,1,1,1.0,0,3,3,5,1,3,6,4,15,-6,0,Kobe Bryant,Playoffs,2000-01
42000,977,0040000072,"May 27, 2001",LAL vs. SAS,W,34,10,19,0.526,1,4,0.25,3,3,1.0,0,2,2,11,2,1,2,4,24,23,0,Kobe Bryant,Playoffs,2000-01
42000,977,0040000071,"May 25, 2001",LAL vs. SAS,W,40,14,27,0.519,2,4,0.5,6,9,0.667,5,4,9,8,1,0,3,1,36,28,0,Kobe Bryant,Playoffs,2000-01
42000,977,0040000070,"May 21, 2001",LAL @ SAS,W,47,11,24,0.458,1,4,0.25,5,6,0.833,1,6,7,6,2,1,2,4,28,5,0,Kobe Bryant,Playoffs,2000-01
42000,977,0040000069,"May 19, 2001",LAL @ SAS,W,47,19,35,0.543,1,2,0.5,6,8,0.75,1,9,10,3,1,1,4,4,45,17,0,Kobe Bryant,Playoffs,2000-01
42000,977,0040000051,"May 13, 2001",LAL @ SAC,W,48,15,29,0.517,1,1,1.0,17,19,0.895,9,7,16,3,2,1,2,2,48,6,0,Kobe Bryant,Playoffs,2000-01
42000,977,0040000050,"May 11, 2001",LAL @ SAC,W,39,10,22,0.455,0,1,0.0,16,19,0.842,0,7,7,4,2,0,5,4,36,28,0,Kobe Bryant,Playoffs,2000-01
42000,977,0040000049,"May 08, 2001",LAL vs. SAC,W,47,9,19,0.474,0,2,0.0,9,10,0.9,1,8,9,5,1,1,4,4,27,10,0,Kobe Bryant,Playoffs,2000-01
42000,977,0040000043,"May 06, 2001",LAL vs. SAC,W,39,10,23,0.435,0,1,0.0,9,11,0.818,3,1,4,5,0,0,5,4,29,-1,0,Kobe Bryant,Playoffs,2000-01
42000,977,0040000022,"Apr 29, 2001",LAL @ POR,W,43,9,23,0.391,0,2,0.0,4,6,0.667,1,3,4,9,2,0,3,4,22,16,0,Kobe Bryant,Playoffs,2000-01
42000,977,0040000015,"Apr 26, 2001",LAL vs. POR,W,35,8,11,0.727,1,2,0.5,8,10,0.8,2,1,3,7,3,0,3,3,25,24,0,Kobe Bryant,Playoffs,2000-01
42000,977,0040000005,"Apr 22, 2001",LAL vs. POR,W,41,9,20,0.45,1,2,0.5,9,12,0.75,1,5,6,7,2,0,0,4,28,26,0,Kobe Bryant,Playoffs,2000-01
22001,977,0020101188,"Apr 17, 2002",LAL vs. SAC,W,29,9,17,0.529,0,4,0.0,3,3,1.0,0,4,4,5,1,0,2,1,21,13,0,Kobe Bryant,Regular Season,2001-02
22001,977,0020101164,"Apr 15, 2002",LAL vs. SEA,W,31,7,16,0.438,1,3,0.333,4,4,1.0,1,4,5,4,2,0,3,4,19,20,0,Kobe Bryant,Regular Season,2001-02
22001,977,0020101159,"Apr 14, 2002",LAL @ POR,L,51,6,15,0.4,0,2,0.0,11,14,0.786,0,7,7,9,3,2,6,4,23,-4,0,Kobe Bryant,Regular Season,2001-02
22001,977,0020101136,"Apr 11, 2002",LAL vs. MIN,W,38,9,20,0.45,0,1,0.0,10,10,1.0,1,2,3,2,0,0,2,5,28,16,0,Kobe Bryant,Regular Season,2001-02
22001,977,0020101121,"Apr 09, 2002",LAL vs. UTA,W,34,8,16,0.5,0,0,0.0,6,7,0.857,0,4,4,5,1,2,4,3,22,27,0,Kobe Bryant,Regular Season,2001-02
22001,977,0020101100,"Apr 07, 2002",LAL @ MIA,W,38,8,12,0.667,0,0,0.0,3,3,1.0,2,9,11,4,0,0,2,2,19,2,0,Kobe Bryant,Regular Season,2001-02
22001,977,0020101084,"Apr 05, 2002",LAL @ BOS,L,38,5,25,0.2,0,2,0.0,16,18,0.889,0,6,6,2,1,1,2,4,26,-13,0,Kobe Bryant,Regular Season,2001-02
22001,977,0020101069,"Apr 03, 2002",LAL @ NJN,L,44,14,30,0.467,0,1,0.0,5,5,1.0,2,2,4,3,1,0,3,1,33,0,0,Kobe Bryant,Regular Season,2001-02
22001,977,0020101057,"Apr 02, 2002",LAL @ WAS,W,33,6,13,0.462,0,0,0.0,2,2,1.0,0,2,2,6,1,0,4,3,14,25,0,Kobe Bryant,Regular Season,2001-02
22001,977,0020101055,"Mar 31, 2002",LAL vs. SAS,W,47,11,24,0.458,0,0,0.0,9,9,1.0,2,7,9,3,1,1,6,4,31,0,0,Kobe Bryant,Regular Season,2001-02
22001,977,0020101040,"Mar 29, 2002",LAL vs. POR,W,41,12,26,0.462,0,1,0.0,10,11,0.909,0,7,7,6,2,0,0,3,34,24,0,Kobe Bryant,Regular Season,2001-02
22001,977,0020101022,"Mar 27, 2002",LAL @ PHX,L,40,9,20,0.45,0,1,0.0,18,20,0.9,3,1,4,3,0,0,5,1,36,-3,0,Kobe Bryant,Regular Season,2001-02
22001,977,0020101016,"Mar 26, 2002",LAL vs. CLE,W,31,7,10,0.7,1,2,0.5,2,3,0.667,2,5,7,3,0,0,0,2,17,10,0,Kobe Bryant,Regular Season,2001-02
22001,977,0020101000,"Mar 24, 2002",LAL @ SAC,W,38,12,21,0.571,0,1,0.0,5,8,0.625,0,4,4,4,2,0,5,3,29,-10,0,Kobe Bryant,Regular Season,2001-02
22001,977,0020100986,"Mar 22, 2002",LAL vs. DET,W,36,8,17,0.471,0,0,0.0,2,2,1.0,2,5,7,7,4,0,2,4,18,3,0,Kobe Bryant,Regular Season,2001-02
22001,977,0020100970,"Mar 20, 2002",LAL @ SAS,L,28,9,16,0.563,0,0,0.0,2,4,0.5,1,0,1,0,0,0,7,3,20,-18,0,Kobe Bryant,Regular Season,2001-02
22001,977,0020100962,"Mar 19, 2002",LAL @ DAL,L,35,4,18,0.222,0,2,0.0,4,7,0.571,0,8,8,3,0,0,1,5,12,-19,0,Kobe Bryant,Regular Season,2001-02
22001,977,0020100950,"Mar 17, 2002",LAL vs. DAL,W,41,5,14,0.357,1,1,1.0,3,3,1.0,0,9,9,11,1,0,1,1,14,10,0,Kobe Bryant,Regular Season,2001-02
22001,977,0020100934,"Mar 15, 2002",LAL vs. LAC,W,38,12,26,0.462,2,2,1.0,7,10,0.7,0,3,3,2,3,0,1,3,33,5,0,Kobe Bryant,Regular Season,2001-02
22001,977,0020100926,"Mar 14, 2002",LAL @ GSW,W,40,7,14,0.5,0,0,0.0,7,8,0.875,3,4,7,6,0,1,3,4,21,4,0,Kobe Bryant,Regular Season,2001-02
22001,977,0020100914,"Mar 12, 2002",LAL vs. CHH,W,31,8,17,0.471,0,1,0.0,7,10,0.7,1,6,7,4,4,0,1,1,23,21,0,Kobe Bryant,Regular Season,2001-02
22001,977,0020100898,"Mar 10, 2002",LAL vs. NYK,W,44,7,14,0.5,0,2,0.0,4,4,1.0,0,2,2,7,0,1,1,5,18,12,0,Kobe Bryant,Regular Season,2001-02
22001,977,0020100865,"Mar 06, 2002",LAL @ UTA,L,39,7,19,0.368,1,3,0.333,11,12,0.917,3,2,5,4,2,0,5,3,26,-12,0,Kobe Bryant,Regular Season,2001-02
22001,977,0020100830,"Mar 01, 2002",LAL vs. IND,W,37,8,17,0.471,0,1,0.0,9,12,0.75,0,3,3,3,1,1,5,2,25,10,0,Kobe Bryant,Regular Season,2001-02
22001,977,0020100816,"Feb 27, 2002",LAL @ MIN,L,42,8,25,0.32,0,0,0.0,4,4,1.0,1,4,5,11,0,0,2,4,20,-7,0,Kobe Bryant,Regular Season,2001-02
22001,977,0020100803,"Feb 26, 2002",LAL @ MIL,W,39,13,25,0.52,0,2,0.0,1,1,1.0,2,2,4,6,1,0,2,2,27,11,0,Kobe Bryant,Regular Season,2001-02
22001,977,0020100790,"Feb 24, 2002",LAL @ NYK,W,42,10,18,0.556,1,1,1.0,6,6,1.0,2,4,6,5,3,0,3,3,27,18,0,Kobe Bryant,Regular Season,2001-02
22001,977,0020100778,"Feb 22, 2002",LAL @ CHH,W,44,8,19,0.421,0,3,0.0,5,6,0.833,4,5,9,6,3,1,5,3,21,-1,0,Kobe Bryant,Regular Season,2001-02
22001,977,0020100768,"Feb 21, 2002",LAL @ CLE,W,40,13,24,0.542,0,1,0.0,6,11,0.545,1,5,6,6,2,0,2,3,32,7,0,Kobe Bryant,Regular Season,2001-02
22001,977,0020100758,"Feb 19, 2002",LAL vs. BOS,L,41,11,25,0.44,1,2,0.5,4,5,0.8,2,2,4,9,1,0,2,5,27,-4,0,Kobe Bryant,Regular Season,2001-02
22001,977,0020100741,"Feb 17, 2002",LAL @ POR,L,43,11,26,0.423,0,4,0.0,6,6,1.0,2,3,5,2,1,1,3,5,28,-2,0,Kobe Bryant,Regular Season,2001-02
22001,977,0020100730,"Feb 15, 2002",LAL vs. ATL,L,42,7,13,0.538,0,1,0.0,7,11,0.636,1,1,2,10,2,1,6,2,21,-11,0,Kobe Bryant,Regular Season,2001-02
22001,977,0020100720,"Feb 14, 2002",LAL @ SEA,W,42,8,21,0.381,0,0,0.0,7,10,0.7,4,3,7,10,2,1,1,2,23,9,0,Kobe Bryant,Regular Season,2001-02
22001,977,0020100707,"Feb 12, 2002",LAL vs. WAS,W,43,9,20,0.45,0,1,0.0,5,9,0.556,1,10,11,15,1,1,2,3,23,3,0,Kobe Bryant,Regular Season,2001-02
22001,977,0020100691,"Feb 06, 2002",LAL vs. CHI,L,41,14,26,0.538,1,2,0.5,9,10,0.9,3,5,8,1,1,2,8,2,38,-7,0,Kobe Bryant,Regular Season,2001-02
22001,977,0020100668,"Feb 03, 2002",LAL @ DAL,W,40,11,25,0.44,0,2,0.0,2,2,1.0,2,8,10,6,2,1,2,5,24,8,0,Kobe Bryant,Regular Season,2001-02
22001,977,0020100653,"Feb 01, 2002",LAL @ MEM,W,37,5,13,0.385,0,2,0.0,3,4,0.75,1,3,4,6,2,0,3,2,13,15,0,Kobe Bryant,Regular Season,2001-02
22001,977,0020100639,"Jan 30, 2002",LAL @ ORL,W,45,9,23,0.391,0,1,0.0,5,8,0.625,2,6,8,4,1,0,2,1,23,17,0,Kobe Bryant,Regular Season,2001-02
22001,977,0020100628,"Jan 29, 2002",LAL @ ATL,W,27,13,20,0.65,0,1,0.0,6,6,1.0,3,1,4,2,0,0,2,3,32,18,0,Kobe Bryant,Regular Season,2001-02
22001,977,0020100622,"Jan 27, 2002",LAL @ PHI,L,37,8,17,0.471,0,0,0.0,4,5,0.8,1,1,2,3,1,1,1,4,20,-5,0,Kobe Bryant,Regular Season,2001-02
22001,977,0020100609,"Jan 25, 2002",LAL vs. SAS,W,40,9,19,0.474,0,0,0.0,9,9,1.0,0,3,3,6,0,0,3,4,27,6,0,Kobe Bryant,Regular Season,2001-02
22001,977,0020100595,"Jan 23, 2002",LAL @ LAC,L,39,11,25,0.44,0,2,0.0,5,6,0.833,0,2,2,4,1,1,0,3,27,6,0,Kobe Bryant,Regular Season,2001-02
22001,977,0020100588,"Jan 22, 2002",LAL vs. DEN,L,39,6,14,0.429,0,2,0.0,3,3,1.0,0,7,7,6,2,0,5,4,15,-12,0,Kobe Bryant,Regular Season,2001-02
22001,977,0020100558,"Jan 19, 2002",LAL @ SAS,W,38,11,25,0.44,1,2,0.5,5,7,0.714,2,5,7,5,2,1,1,1,28,12,0,Kobe Bryant,Regular Season,2001-02
22001,977,0020100542,"Jan 16, 2002",LAL vs. MIA,L,40,12,30,0.4,0,3,0.0,5,7,0.714,4,4,8,7,1,0,3,2,29,-4,0,Kobe Bryant,Regular Season,2001-02
22001,977,0020100525,"Jan 14, 2002",LAL vs. MEM,W,34,21,34,0.618,3,6,0.5,11,12,0.917,3,2,5,4,1,0,0,1,56,40,0,Kobe Bryant,Regular Season,2001-02
22001,977,0020100514,"Jan 12, 2002",LAL @ CHI,L,47,9,25,0.36,0,2,0.0,8,11,0.727,3,2,5,9,3,0,7,5,26,3,0,Kobe Bryant,Regular Season,2001-02
22001,977,0020100506,"Jan 11, 2002",LAL @ MIN,L,38,9,27,0.333,0,2,0.0,5,6,0.833,1,2,3,5,0,0,2,3,23,-14,0,Kobe Bryant,Regular Season,2001-02
22001,977,0020100490,"Jan 09, 2002",LAL @ IND,W,35,11,22,0.5,1,1,1.0,8,14,0.571,2,6,8,4,3,0,3,2,31,23,0,Kobe Bryant,Regular Season,2001-02
22001,977,0020100482,"Jan 08, 2002",LAL @ DET,W,28,8,17,0.471,0,1,0.0,4,4,1.0,2,2,4,6,1,0,0,3,20,18,0,Kobe Bryant,Regular Season,2001-02
22001,977,0020100468,"Jan 06, 2002",LAL @ TOR,W,36,12,20,0.6,0,0,0.0,7,9,0.778,3,4,7,2,3,0,4,2,31,4,0,Kobe Bryant,Regular Season,2001-02
22001,977,0020100456,"Jan 04, 2002",LAL vs. PHX,W,30,7,15,0.467,0,1,0.0,4,5,0.8,0,3,3,6,0,1,3,3,18,17,0,Kobe Bryant,Regular Season,2001-02
22001,977,0020100440,"Jan 02, 2002",LAL @ DEN,W,36,11,22,0.5,0,0,0.0,6,7,0.857,3,5,8,3,3,0,3,2,28,3,0,Kobe Bryant,Regular Season,2001-02
22001,977,0020100428,"Dec 30, 2001",LAL vs. HOU,W,31,7,17,0.412,0,2,0.0,2,2,1.0,0,2,2,11,0,0,1,2,16,10,0,Kobe Bryant,Regular Season,2001-02
22001,977,0020100413,"Dec 28, 2001",LAL vs. TOR,L,40,9,24,0.375,2,3,0.667,6,9,0.667,2,6,8,6,1,0,5,1,26,-10,0,Kobe Bryant,Regular Season,2001-02
22001,977,0020100399,"Dec 26, 2001",LAL @ GSW,L,41,17,28,0.607,3,7,0.429,2,2,1.0,0,2,2,5,1,0,3,3,39,-8,0,Kobe Bryant,Regular Season,2001-02
22001,977,0020100387,"Dec 25, 2001",LAL vs. PHI,W,42,6,19,0.316,0,2,0.0,0,0,0.0,0,11,11,9,0,0,3,1,12,11,0,Kobe Bryant,Regular Season,2001-02
22001,977,0020100367,"Dec 21, 2001",LAL @ MEM,L,37,15,23,0.652,1,4,0.25,5,5,1.0,0,4,4,6,0,0,3,3,36,-11,0,Kobe Bryant,Regular Season,2001-02
22001,977,0020100360,"Dec 20, 2001",LAL @ HOU,W,42,9,26,0.346,1,1,1.0,8,8,1.0,2,3,5,5,1,1,2,3,27,5,0,Kobe Bryant,Regular Season,2001-02
22001,977,0020100336,"Dec 16, 2001",LAL vs. GSW,W,32,10,12,0.833,0,1,0.0,8,9,0.889,0,5,5,3,2,1,1,2,28,13,0,Kobe Bryant,Regular Season,2001-02
22001,977,0020100320,"Dec 14, 2001",LAL vs. LAC,W,38,9,18,0.5,0,1,0.0,7,7,1.0,0,4,4,7,3,2,3,3,25,18,0,Kobe Bryant,Regular Season,2001-02
22001,977,0020100301,"Dec 11, 2001",LAL vs. SEA,L,38,7,23,0.304,0,3,0.0,2,3,0.667,1,2,3,1,0,0,1,5,16,-14,0,Kobe Bryant,Regular Season,2001-02
22001,977,0020100271,"Dec 07, 2001",LAL @ SAC,L,41,9,23,0.391,0,4,0.0,5,5,1.0,2,4,6,3,0,0,2,3,23,-7,0,Kobe Bryant,Regular Season,2001-02
22001,977,0020100259,"Dec 05, 2001",LAL vs. DAL,W,42,9,23,0.391,0,2,0.0,1,2,0.5,2,7,9,5,3,0,4,1,19,6,0,Kobe Bryant,Regular Season,2001-02
22001,977,0020100235,"Dec 01, 2001",LAL vs. MIN,W,27,6,15,0.4,1,1,1.0,5,6,0.833,0,3,3,5,2,0,0,1,18,11,0,Kobe Bryant,Regular Season,2001-02
22001,977,0020100225,"Nov 30, 2001",LAL @ SEA,W,34,10,19,0.526,0,4,0.0,10,11,0.909,1,2,3,3,1,0,3,4,30,22,0,Kobe Bryant,Regular Season,2001-02
22001,977,0020100204,"Nov 27, 2001",LAL vs. MIL,W,39,11,23,0.478,3,4,0.75,8,10,0.8,4,4,8,4,1,1,1,4,33,14,0,Kobe Bryant,Regular Season,2001-02
22001,977,0020100192,"Nov 25, 2001",LAL vs. DEN,W,40,10,19,0.526,0,1,0.0,5,7,0.714,0,7,7,7,2,0,1,1,25,7,0,Kobe Bryant,Regular Season,2001-02
22001,977,0020100178,"Nov 23, 2001",LAL vs. GSW,W,27,11,14,0.786,0,1,0.0,6,6,1.0,2,1,3,3,2,0,1,4,28,10,0,Kobe Bryant,Regular Season,2001-02
22001,977,0020100161,"Nov 21, 2001",LAL @ DEN,W,37,9,15,0.6,1,2,0.5,5,6,0.833,3,10,13,7,2,0,4,4,24,15,0,Kobe Bryant,Regular Season,2001-02
22001,977,0020100152,"Nov 20, 2001",LAL @ LAC,W,42,7,14,0.5,3,3,1.0,8,10,0.8,0,4,4,12,3,1,4,2,25,3,0,Kobe Bryant,Regular Season,2001-02
22001,977,0020100143,"Nov 18, 2001",LAL vs. SAC,W,42,10,19,0.526,0,0,0.0,9,10,0.9,2,3,5,8,1,0,4,3,29,7,0,Kobe Bryant,Regular Season,2001-02
22001,977,0020100127,"Nov 16, 2001",LAL @ PHX,L,42,5,15,0.333,1,3,0.333,7,8,0.875,1,2,3,5,2,0,2,2,18,-18,0,Kobe Bryant,Regular Season,2001-02
22001,977,0020100119,"Nov 15, 2001",LAL @ HOU,W,49,13,27,0.481,0,2,0.0,5,5,1.0,2,1,3,5,1,0,2,3,31,-3,0,Kobe Bryant,Regular Season,2001-02
22001,977,0020100097,"Nov 11, 2001",LAL vs. ORL,W,33,8,13,0.615,0,0,0.0,12,14,0.857,2,3,5,8,1,1,4,6,28,6,0,Kobe Bryant,Regular Season,2001-02
22001,977,0020100083,"Nov 09, 2001",LAL vs. MEM,W,33,5,15,0.333,1,2,0.5,2,2,1.0,1,5,6,7,5,3,2,0,13,29,0,Kobe Bryant,Regular Season,2001-02
22001,977,0020100051,"Nov 04, 2001",LAL vs. UTA,W,44,13,21,0.619,0,0,0.0,12,15,0.8,1,5,6,7,3,1,5,5,38,3,0,Kobe Bryant,Regular Season,2001-02
22001,977,0020100033,"Nov 02, 2001",LAL vs. PHX,W,38,9,14,0.643,0,0,0.0,6,7,0.857,3,3,6,9,2,1,7,4,24,19,0,Kobe Bryant,Regular Season,2001-02
22001,977,0020100023,"Nov 01, 2001",LAL @ UTA,W,43,11,22,0.5,1,3,0.333,16,19,0.842,1,5,6,8,3,1,2,3,39,7,0,Kobe Bryant,Regular Season,2001-02
22001,977,0020100012,"Oct 30, 2001",LAL vs. POR,W,43,11,24,0.458,1,1,1.0,6,8,0.75,2,5,7,4,3,1,2,0,29,4,0,Kobe Bryant,Regular Season,2001-02
42001,977,0040100404,"Jun 12, 2002",LAL @ NJN,W,44,7,16,0.438,2,3,0.667,9,11,0.818,0,6,6,8,2,0,1,4,25,6,0,Kobe Bryant,Playoffs,2001-02
42001,977,0040100403,"Jun 09, 2002",LAL @ NJN,W,46,14,23,0.609,1,3,0.333,7,10,0.7,1,5,6,4,1,2,6,3,36,1,0,Kobe Bryant,Playoffs,2001-02
42001,977,0040100402,"Jun 07, 2002",LAL vs. NJN,W,42,9,15,0.6,3,3,1.0,3,4,0.75,1,7,8,3,2,1,4,2,24,20,0,Kobe Bryant,Playoffs,2001-02
42001,977,0040100401,"Jun 05, 2002",LAL vs. NJN,W,43,6,16,0.375,0,2,0.0,10,11,0.909,1,2,3,6,1,0,4,2,22,7,0,Kobe Bryant,Playoffs,2001-02
42001,977,0040100317,"Jun 02, 2002",LAL @ SAC,W,53,10,26,0.385,2,3,0.667,8,10,0.8,3,7,10,7,2,0,0,5,30,8,0,Kobe Bryant,Playoffs,2001-02
42001,977,0040100316,"May 31, 2002",LAL vs. SAC,W,44,10,20,0.5,0,0,0.0,11,11,1.0,2,9,11,5,0,0,1,3,31,3,0,Kobe Bryant,Playoffs,2001-02
42001,977,0040100315,"May 28, 2002",LAL @ SAC,L,45,11,29,0.379,0,2,0.0,8,11,0.727,2,3,5,3,1,0,5,5,30,-5,0,Kobe Bryant,Playoffs,2001-02
42001,977,0040100314,"May 26, 2002",LAL vs. SAC,W,42,12,26,0.462,0,1,0.0,1,3,0.333,2,2,4,2,2,3,4,5,25,7,0,Kobe Bryant,Playoffs,2001-02
42001,977,0040100313,"May 24, 2002",LAL vs. SAC,L,40,8,24,0.333,4,9,0.444,2,2,1.0,1,1,2,3,2,2,2,6,22,-18,0,Kobe Bryant,Playoffs,2001-02
42001,977,0040100312,"May 20, 2002",LAL @ SAC,L,40,9,21,0.429,1,2,0.5,3,5,0.6,1,5,6,2,1,1,4,3,22,-3,0,Kobe Bryant,Playoffs,2001-02
42001,977,0040100311,"May 18, 2002",LAL @ SAC,W,44,12,26,0.462,0,2,0.0,6,7,0.857,1,5,6,5,2,2,5,1,30,7,0,Kobe Bryant,Playoffs,2001-02
42001,977,0040100235,"May 14, 2002",LAL vs. SAS,W,46,10,20,0.5,0,1,0.0,6,7,0.857,3,5,8,5,1,0,0,1,26,2,0,Kobe Bryant,Playoffs,2001-02
42001,977,0040100234,"May 12, 2002",LAL @ SAS,W,44,10,27,0.37,3,5,0.6,5,9,0.556,3,4,7,3,1,0,2,3,28,7,0,Kobe Bryant,Playoffs,2001-02
42001,977,0040100233,"May 10, 2002",LAL @ SAS,W,48,15,31,0.484,0,2,0.0,1,3,0.333,2,4,6,6,0,1,1,1,31,10,0,Kobe Bryant,Playoffs,2001-02
42001,977,0040100232,"May 07, 2002",LAL vs. SAS,L,43,12,25,0.48,0,2,0.0,2,2,1.0,1,3,4,6,3,0,4,4,26,5,0,Kobe Bryant,Playoffs,2001-02
42001,977,0040100231,"May 05, 2002",LAL vs. SAS,W,38,8,18,0.444,0,3,0.0,4,10,0.4,0,2,2,4,0,0,3,4,20,1,0,Kobe Bryant,Playoffs,2001-02
42001,977,0040100163,"Apr 28, 2002",LAL @ POR,W,45,9,19,0.474,3,4,0.75,4,7,0.571,0,4,4,7,2,2,4,5,25,-3,0,Kobe Bryant,Playoffs,2001-02
42001,977,0040100162,"Apr 25, 2002",LAL vs. POR,W,43,5,21,0.238,1,4,0.25,8,9,0.889,1,5,6,5,2,0,3,5,19,15,0,Kobe Bryant,Playoffs,2001-02
42001,977,0040100161,"Apr 21, 2002",LAL vs. POR,W,44,10,28,0.357,2,7,0.286,12,13,0.923,3,4,7,3,2,3,1,3,34,-4,0,Kobe Bryant,Playoffs,2001-02
22002,977,0020201189,"Apr 16, 2003",LAL @ GSW,W,42,16,28,0.571,3,7,0.429,9,10,0.9,1,5,6,4,0,0,3,1,44,16,0,Kobe Bryant,Regular Season,2002-03
22002,977,0020201176,"Apr 15, 2003",LAL vs. DEN,W,26,8,16,0.5,3,6,0.5,13,14,0.929,2,6,8,4,2,1,2,1,32,20,0,Kobe Bryant,Regular Season,2002-03
22002,977,0020201159,"Apr 13, 2003",LAL @ POR,L,42,11,19,0.579,1,2,0.5,13,14,0.929,1,5,6,7,1,0,4,4,36,6,0,Kobe Bryant,Regular Season,2002-03
22002,977,0020201136,"Apr 10, 2003",LAL vs. SAC,W,46,13,31,0.419,0,4,0.0,8,8,1.0,4,3,7,6,4,0,0,3,34,3,0,Kobe Bryant,Regular Season,2002-03
22002,977,0020201123,"Apr 08, 2003",LAL vs. DAL,W,40,4,16,0.25,1,4,0.25,5,7,0.714,0,8,8,4,2,0,3,4,14,10,0,Kobe Bryant,Regular Season,2002-03
22002,977,0020201113,"Apr 06, 2003",LAL vs. PHX,W,49,10,25,0.4,1,6,0.167,5,5,1.0,0,8,8,7,2,2,7,2,26,3,0,Kobe Bryant,Regular Season,2002-03
22002,977,0020201093,"Apr 04, 2003",LAL @ MEM,W,40,7,15,0.467,3,5,0.6,4,4,1.0,0,7,7,6,1,0,5,3,21,-13,0,Kobe Bryant,Regular Season,2002-03
22002,977,0020201086,"Apr 03, 2003",LAL @ DAL,W,44,7,21,0.333,0,4,0.0,5,7,0.714,1,7,8,6,3,1,3,4,19,17,0,Kobe Bryant,Regular Season,2002-03
22002,977,0020201066,"Mar 31, 2003",LAL vs. MEM,W,41,10,23,0.435,3,5,0.6,6,6,1.0,1,4,5,8,6,1,4,3,29,17,0,Kobe Bryant,Regular Season,2002-03
22002,977,0020201062,"Mar 30, 2003",LAL @ SEA,L,37,5,13,0.385,4,8,0.5,0,0,0.0,1,1,2,5,3,0,4,4,14,-21,0,Kobe Bryant,Regular Season,2002-03
22002,977,0020201046,"Mar 28, 2003",LAL vs. WAS,W,41,15,29,0.517,9,13,0.692,16,18,0.889,0,5,5,3,3,0,3,5,55,21,0,Kobe Bryant,Regular Season,2002-03
22002,977,0020201028,"Mar 26, 2003",LAL @ HOU,W,44,10,22,0.455,0,1,0.0,11,12,0.917,1,8,9,5,1,0,5,2,31,7,0,Kobe Bryant,Regular Season,2002-03
22002,977,0020201017,"Mar 25, 2003",LAL @ ATL,W,38,11,21,0.524,4,6,0.667,2,2,1.0,0,10,10,6,3,0,2,1,28,22,0,Kobe Bryant,Regular Season,2002-03
22002,977,0020201003,"Mar 23, 2003",LAL @ SAS,L,40,11,30,0.367,1,6,0.167,8,10,0.8,0,9,9,0,3,0,3,4,31,-19,0,Kobe Bryant,Regular Season,2002-03
22002,977,0020200993,"Mar 21, 2003",LAL vs. BOS,W,31,5,11,0.455,0,2,0.0,3,3,1.0,0,3,3,7,1,1,2,4,13,5,0,Kobe Bryant,Regular Season,2002-03
22002,977,0020200983,"Mar 20, 2003",LAL @ SAC,L,45,11,30,0.367,1,5,0.2,11,15,0.733,5,8,13,3,0,0,2,1,34,-10,0,Kobe Bryant,Regular Season,2002-03
22002,977,0020200960,"Mar 17, 2003",LAL @ LAC,W,39,8,16,0.5,1,2,0.5,9,12,0.75,1,6,7,6,1,1,3,3,26,20,0,Kobe Bryant,Regular Season,2002-03
22002,977,0020200946,"Mar 15, 2003",LAL @ MIL,W,43,6,14,0.429,0,2,0.0,8,9,0.889,1,8,9,4,2,2,5,4,20,14,0,Kobe Bryant,Regular Season,2002-03
22002,977,0020200938,"Mar 14, 2003",LAL @ MIN,W,37,11,24,0.458,1,2,0.5,7,7,1.0,1,5,6,3,3,1,0,1,30,10,0,Kobe Bryant,Regular Season,2002-03
22002,977,0020200925,"Mar 12, 2003",LAL @ DET,L,40,9,23,0.391,2,3,0.667,1,1,1.0,2,1,3,4,0,1,4,5,21,-16,0,Kobe Bryant,Regular Season,2002-03
22002,977,0020200917,"Mar 11, 2003",LAL @ CHI,L,43,13,26,0.5,1,4,0.25,9,13,0.692,0,5,5,5,2,0,3,3,36,-22,0,Kobe Bryant,Regular Season,2002-03
22002,977,0020200901,"Mar 09, 2003",LAL vs. PHI,W,43,8,20,0.4,0,2,0.0,12,13,0.923,1,7,8,9,0,2,5,4,28,8,0,Kobe Bryant,Regular Season,2002-03
22002,977,0020200890,"Mar 07, 2003",LAL vs. MIN,W,43,12,24,0.5,2,4,0.5,4,4,1.0,1,3,4,7,3,0,0,1,30,14,0,Kobe Bryant,Regular Season,2002-03
22002,977,0020200880,"Mar 05, 2003",LAL vs. IND,W,43,9,26,0.346,0,3,0.0,2,3,0.667,0,10,10,5,3,1,3,2,20,-10,0,Kobe Bryant,Regular Season,2002-03
22002,977,0020200842,"Feb 28, 2003",LAL @ SEA,L,44,10,27,0.37,4,11,0.364,10,14,0.714,0,4,4,9,1,0,1,3,34,-11,0,Kobe Bryant,Regular Season,2002-03
22002,977,0020200833,"Feb 27, 2003",LAL vs. DET,W,44,10,22,0.455,1,2,0.5,9,10,0.9,0,2,2,1,3,1,1,2,30,5,0,Kobe Bryant,Regular Season,2002-03
22002,977,0020200820,"Feb 25, 2003",LAL vs. LAC,W,41,11,26,0.423,1,5,0.2,9,10,0.9,4,2,6,3,5,1,5,4,32,12,0,Kobe Bryant,Regular Season,2002-03
22002,977,0020200806,"Feb 23, 2003",LAL vs. SEA,W,42,13,34,0.382,1,6,0.167,14,16,0.875,1,4,5,3,3,0,3,2,41,6,0,Kobe Bryant,Regular Season,2002-03
22002,977,0020200790,"Feb 21, 2003",LAL vs. POR,W,42,15,32,0.469,3,7,0.429,7,9,0.778,0,7,7,1,5,2,4,2,40,7,0,Kobe Bryant,Regular Season,2002-03
22002,977,0020200774,"Feb 19, 2003",LAL @ UTA,W,40,15,29,0.517,4,6,0.667,6,9,0.667,1,5,6,1,1,0,3,2,40,2,0,Kobe Bryant,Regular Season,2002-03
22002,977,0020200769,"Feb 18, 2003",LAL vs. HOU,W,54,19,38,0.5,3,9,0.333,11,11,1.0,0,8,8,7,0,3,5,4,52,13,0,Kobe Bryant,Regular Season,2002-03
22002,977,0020200757,"Feb 16, 2003",LAL vs. NYK,L,42,14,31,0.452,3,5,0.6,9,10,0.9,1,3,4,5,2,0,3,4,40,-7,0,Kobe Bryant,Regular Season,2002-03
22002,977,0020200743,"Feb 14, 2003",LAL vs. SAS,L,45,19,41,0.463,2,3,0.667,4,6,0.667,2,4,6,4,4,2,7,2,44,-6,0,Kobe Bryant,Regular Season,2002-03
22002,977,0020200727,"Feb 12, 2003",LAL @ DEN,W,31,15,28,0.536,3,8,0.375,18,20,0.9,0,3,3,2,2,0,0,1,51,37,0,Kobe Bryant,Regular Season,2002-03
22002,977,0020200719,"Feb 11, 2003",LAL vs. DEN,W,31,12,20,0.6,1,3,0.333,17,21,0.81,0,2,2,5,4,0,1,0,42,37,0,Kobe Bryant,Regular Season,2002-03
22002,977,0020200705,"Feb 06, 2003",LAL @ NYK,W,42,17,27,0.63,4,4,1.0,8,11,0.727,0,6,6,3,2,1,6,4,46,12,0,Kobe Bryant,Regular Season,2002-03
22002,977,0020200691,"Feb 04, 2003",LAL @ IND,W,42,12,31,0.387,1,5,0.2,10,10,1.0,3,4,7,2,2,2,7,2,35,3,0,Kobe Bryant,Regular Season,2002-03
22002,977,0020200676,"Feb 01, 2003",LAL vs. UTA,W,44,12,25,0.48,2,3,0.667,16,18,0.889,0,3,3,4,3,1,2,1,42,12,0,Kobe Bryant,Regular Season,2002-03
22002,977,0020200667,"Jan 31, 2003",LAL @ SAC,W,43,14,29,0.483,3,6,0.5,7,8,0.875,1,4,5,5,1,1,4,3,38,7,0,Kobe Bryant,Regular Season,2002-03
22002,977,0020200651,"Jan 29, 2003",LAL @ PHX,W,46,15,29,0.517,0,1,0.0,10,11,0.909,1,4,5,4,1,1,4,3,40,4,0,Kobe Bryant,Regular Season,2002-03
22002,977,0020200616,"Jan 24, 2003",LAL vs. NJN,L,41,4,14,0.286,1,2,0.5,2,3,0.667,4,3,7,5,2,0,1,1,11,-9,0,Kobe Bryant,Regular Season,2002-03
22002,977,0020200602,"Jan 22, 2003",LAL vs. GSW,L,39,9,17,0.529,3,5,0.6,2,3,0.667,0,3,3,7,2,1,5,5,23,-2,0,Kobe Bryant,Regular Season,2002-03
22002,977,0020200587,"Jan 20, 2003",LAL vs. LAC,W,45,8,18,0.444,1,3,0.333,9,9,1.0,0,8,8,11,3,2,4,2,26,5,0,Kobe Bryant,Regular Season,2002-03
22002,977,0020200563,"Jan 17, 2003",LAL @ HOU,L,49,5,21,0.238,2,6,0.333,10,12,0.833,2,9,11,9,3,0,4,5,22,-8,0,Kobe Bryant,Regular Season,2002-03
22002,977,0020200546,"Jan 15, 2003",LAL @ NOH,W,46,12,28,0.429,2,3,0.667,10,10,1.0,2,9,11,4,2,2,2,1,36,9,0,Kobe Bryant,Regular Season,2002-03
22002,977,0020200530,"Jan 12, 2003",LAL vs. MIA,W,38,12,21,0.571,0,3,0.0,12,13,0.923,1,2,3,4,4,0,4,1,36,23,0,Kobe Bryant,Regular Season,2002-03
22002,977,0020200516,"Jan 10, 2003",LAL vs. CLE,W,34,7,12,0.583,0,2,0.0,7,10,0.7,3,7,10,11,4,1,5,2,21,25,0,Kobe Bryant,Regular Season,2002-03
22002,977,0020200490,"Jan 07, 2003",LAL vs. SEA,W,37,16,28,0.571,12,18,0.667,1,1,1.0,0,3,3,3,1,1,2,2,45,19,0,Kobe Bryant,Regular Season,2002-03
22002,977,0020200476,"Jan 05, 2003",LAL vs. PHX,W,46,13,29,0.448,1,5,0.2,4,6,0.667,3,9,12,7,2,1,1,1,31,14,0,Kobe Bryant,Regular Season,2002-03
22002,977,0020200471,"Jan 04, 2003",LAL @ PHX,L,42,15,32,0.469,0,8,0.0,7,9,0.778,0,7,7,7,4,2,2,3,37,-9,0,Kobe Bryant,Regular Season,2002-03
22002,977,0020200431,"Dec 29, 2002",LAL vs. TOR,W,35,5,15,0.333,0,1,0.0,3,3,1.0,1,8,9,12,2,1,3,3,13,4,0,Kobe Bryant,Regular Season,2002-03
22002,977,0020200425,"Dec 28, 2002",LAL @ DEN,W,35,15,26,0.577,2,4,0.5,7,7,1.0,0,6,6,6,2,0,4,3,39,16,0,Kobe Bryant,Regular Season,2002-03
22002,977,0020200404,"Dec 25, 2002",LAL vs. SAC,L,46,7,24,0.292,1,4,0.25,12,15,0.8,6,9,15,6,2,1,6,3,27,-4,0,Kobe Bryant,Regular Season,2002-03
22002,977,0020200392,"Dec 22, 2002",LAL @ TOR,W,46,12,25,0.48,2,2,1.0,5,8,0.625,0,2,2,5,2,1,5,3,31,4,0,Kobe Bryant,Regular Season,2002-03
22002,977,0020200372,"Dec 20, 2002",LAL @ PHI,L,51,16,35,0.457,2,5,0.4,10,10,1.0,0,4,4,10,1,2,5,4,44,-4,0,Kobe Bryant,Regular Season,2002-03
22002,977,0020200367,"Dec 19, 2002",LAL @ NJN,L,43,8,29,0.276,0,1,0.0,5,5,1.0,1,4,5,5,1,1,4,2,21,-15,0,Kobe Bryant,Regular Season,2002-03
22002,977,0020200352,"Dec 17, 2002",LAL @ MIN,L,39,6,14,0.429,0,0,0.0,3,4,0.75,2,5,7,6,1,1,2,3,15,-19,0,Kobe Bryant,Regular Season,2002-03
22002,977,0020200341,"Dec 15, 2002",LAL vs. ORL,W,34,6,15,0.4,0,1,0.0,9,9,1.0,1,5,6,8,0,2,8,3,21,13,0,Kobe Bryant,Regular Season,2002-03
22002,977,0020200326,"Dec 13, 2002",LAL vs. NOH,L,43,6,16,0.375,0,0,0.0,4,6,0.667,0,2,2,5,1,0,2,1,16,-14,0,Kobe Bryant,Regular Season,2002-03
22002,977,0020200305,"Dec 10, 2002",LAL @ GSW,L,42,6,12,0.5,1,1,1.0,6,7,0.857,0,5,5,14,3,0,5,5,19,1,0,Kobe Bryant,Regular Season,2002-03
22002,977,0020200292,"Dec 08, 2002",LAL vs. UTA,W,39,9,18,0.5,0,1,0.0,7,9,0.778,0,4,4,14,5,0,5,4,25,6,0,Kobe Bryant,Regular Season,2002-03
22002,977,0020200278,"Dec 06, 2002",LAL vs. DAL,W,42,10,19,0.526,1,2,0.5,6,6,1.0,1,8,9,7,1,1,6,3,27,-2,0,Kobe Bryant,Regular Season,2002-03
22002,977,0020200262,"Dec 04, 2002",LAL @ UTA,L,41,5,14,0.357,0,2,0.0,7,7,1.0,1,4,5,5,3,0,5,1,17,-12,0,Kobe Bryant,Regular Season,2002-03
22002,977,0020200254,"Dec 03, 2002",LAL vs. MEM,W,41,11,16,0.688,1,2,0.5,1,1,1.0,2,8,10,11,1,3,3,1,24,14,0,Kobe Bryant,Regular Season,2002-03
22002,977,0020200243,"Dec 01, 2002",LAL vs. MIN,L,41,9,15,0.6,1,3,0.333,3,5,0.6,2,3,5,11,0,1,5,1,22,-2,0,Kobe Bryant,Regular Season,2002-03
22002,977,0020200223,"Nov 29, 2002",LAL @ MEM,W,48,18,35,0.514,2,4,0.5,7,9,0.778,1,5,6,5,2,0,5,0,45,8,0,Kobe Bryant,Regular Season,2002-03
22002,977,0020200206,"Nov 27, 2002",LAL @ ORL,L,46,14,31,0.452,0,0,0.0,10,13,0.769,2,8,10,4,1,2,3,5,38,-12,0,Kobe Bryant,Regular Season,2002-03
22002,977,0020200199,"Nov 26, 2002",LAL @ MIA,L,32,8,14,0.571,1,4,0.25,4,7,0.571,1,6,7,4,3,0,2,3,21,-3,0,Kobe Bryant,Regular Season,2002-03
22002,977,0020200194,"Nov 24, 2002",LAL vs. MIL,W,44,6,15,0.4,0,3,0.0,3,3,1.0,2,9,11,11,1,0,2,3,15,10,0,Kobe Bryant,Regular Season,2002-03
22002,977,0020200178,"Nov 22, 2002",LAL vs. CHI,W,39,7,14,0.5,1,3,0.333,6,11,0.545,2,8,10,7,5,1,6,1,21,16,0,Kobe Bryant,Regular Season,2002-03
22002,977,0020200160,"Nov 20, 2002",LAL @ SAS,L,43,8,25,0.32,0,2,0.0,8,12,0.667,1,7,8,7,4,1,1,1,24,-2,0,Kobe Bryant,Regular Season,2002-03
22002,977,0020200151,"Nov 19, 2002",LAL @ DAL,L,33,7,21,0.333,0,1,0.0,2,4,0.5,1,4,5,3,3,0,5,2,16,-21,0,Kobe Bryant,Regular Season,2002-03
22002,977,0020200142,"Nov 17, 2002",LAL vs. HOU,L,45,18,37,0.486,1,2,0.5,9,11,0.818,0,6,6,4,0,1,3,3,46,5,0,Kobe Bryant,Regular Season,2002-03
22002,977,0020200127,"Nov 15, 2002",LAL vs. GSW,W,46,18,40,0.45,1,3,0.333,8,10,0.8,0,4,4,4,3,1,1,3,45,6,0,Kobe Bryant,Regular Season,2002-03
22002,977,0020200106,"Nov 12, 2002",LAL vs. ATL,L,45,8,22,0.364,0,2,0.0,5,7,0.714,4,2,6,8,4,1,2,2,21,-8,0,Kobe Bryant,Regular Season,2002-03
22002,977,0020200076,"Nov 08, 2002",LAL @ WAS,L,38,8,21,0.381,0,0,0.0,11,11,1.0,1,5,6,4,0,2,2,5,27,-7,0,Kobe Bryant,Regular Season,2002-03
22002,977,0020200069,"Nov 07, 2002",LAL @ BOS,L,46,17,47,0.362,0,8,0.0,7,7,1.0,2,7,9,4,4,0,5,3,41,-3,0,Kobe Bryant,Regular Season,2002-03
22002,977,0020200053,"Nov 05, 2002",LAL @ CLE,L,40,5,13,0.385,1,1,1.0,4,4,1.0,3,10,13,9,2,0,5,2,15,-17,0,Kobe Bryant,Regular Season,2002-03
22002,977,0020200045,"Nov 03, 2002",LAL vs. POR,W,50,11,19,0.579,2,6,0.333,9,11,0.818,5,9,14,12,1,0,4,5,33,7,0,Kobe Bryant,Regular Season,2002-03
22002,977,0020200029,"Nov 01, 2002",LAL @ LAC,W,41,12,18,0.667,1,2,0.5,8,8,1.0,5,10,15,12,2,1,4,3,33,7,0,Kobe Bryant,Regular Season,2002-03
22002,977,0020200014,"Oct 30, 2002",LAL @ POR,L,37,9,18,0.5,3,7,0.429,4,4,1.0,1,9,10,2,2,2,3,3,25,-11,0,Kobe Bryant,Regular Season,2002-03
22002,977,0020200003,"Oct 29, 2002",LAL vs. SAS,L,43,9,29,0.31,1,2,0.5,8,12,0.667,5,5,10,5,4,2,6,3,27,-4,0,Kobe Bryant,Regular Season,2002-03
42002,977,0040200226,"May 15, 2003",LAL vs. SAS,L,43,9,19,0.474,2,5,0.4,0,2,0.0,0,2,2,6,1,0,7,4,20,-20,0,Kobe Bryant,Playoffs,2002-03
42002,977,0040200225,"May 13, 2003",LAL @ SAS,L,48,15,31,0.484,5,11,0.455,1,2,0.5,2,5,7,6,2,0,4,3,36,-2,0,Kobe Bryant,Playoffs,2002-03
42002,977,0040200224,"May 11, 2003",LAL vs. SAS,W,40,10,24,0.417,1,4,0.25,14,17,0.824,2,5,7,3,2,1,2,5,35,-2,0,Kobe Bryant,Playoffs,2002-03
42002,977,0040200223,"May 09, 2003",LAL vs. SAS,W,43,10,23,0.435,2,4,0.5,17,19,0.895,2,2,4,4,1,0,4,2,39,23,0,Kobe Bryant,Playoffs,2002-03
42002,977,0040200222,"May 07, 2003",LAL @ SAS,L,41,9,24,0.375,2,6,0.333,7,10,0.7,0,6,6,1,0,0,5,4,27,-22,0,Kobe Bryant,Playoffs,2002-03
42002,977,0040200221,"May 05, 2003",LAL @ SAS,L,45,16,38,0.421,3,4,0.75,2,2,1.0,1,3,4,2,0,0,5,3,37,1,0,Kobe Bryant,Playoffs,2002-03
42002,977,0040200176,"May 01, 2003",LAL vs. MIN,W,42,14,26,0.538,2,7,0.286,1,2,0.5,1,1,2,8,1,0,2,4,31,19,0,Kobe Bryant,Playoffs,2002-03
42002,977,0040200175,"Apr 29, 2003",LAL @ MIN,W,40,12,21,0.571,2,4,0.5,6,8,0.75,3,5,8,5,1,0,2,0,32,29,0,Kobe Bryant,Playoffs,2002-03
42002,977,0040200174,"Apr 27, 2003",LAL vs. MIN,W,47,7,25,0.28,2,3,0.667,16,17,0.941,1,4,5,5,3,0,1,2,32,5,0,Kobe Bryant,Playoffs,2002-03
42002,977,0040200173,"Apr 24, 2003",LAL vs. MIN,L,51,10,28,0.357,1,5,0.2,9,10,0.9,3,4,7,6,1,0,6,1,30,-3,0,Kobe Bryant,Playoffs,2002-03
42002,977,0040200172,"Apr 22, 2003",LAL @ MIN,L,46,9,28,0.321,2,6,0.333,7,9,0.778,0,4,4,8,1,0,3,4,27,-26,0,Kobe Bryant,Playoffs,2002-03
42002,977,0040200171,"Apr 20, 2003",LAL @ MIN,W,45,16,30,0.533,1,3,0.333,6,6,1.0,1,4,5,8,1,0,1,3,39,18,0,Kobe Bryant,Playoffs,2002-03
22003,977,0020301187,"Apr 14, 2004",LAL @ POR,W,53,14,31,0.452,4,10,0.4,5,9,0.556,0,8,8,5,1,1,2,4,37,-1,0,Kobe Bryant,Regular Season,2003-04
22003,977,0020301175,"Apr 13, 2004",LAL vs. GSW,W,43,14,29,0.483,0,6,0.0,17,18,0.944,0,7,7,8,2,2,1,2,45,9,0,Kobe Bryant,Regular Season,2003-04
22003,977,0020301157,"Apr 11, 2004",LAL @ SAC,L,42,3,13,0.231,0,3,0.0,2,3,0.667,1,4,5,4,2,0,3,4,8,-26,0,Kobe Bryant,Regular Season,2003-04
22003,977,0020301145,"Apr 09, 2004",LAL vs. MEM,W,45,9,23,0.391,1,4,0.25,14,15,0.933,1,5,6,7,4,1,3,2,33,12,0,Kobe Bryant,Regular Season,2003-04
22003,977,0020301121,"Apr 06, 2004",LAL vs. POR,L,43,5,23,0.217,0,6,0.0,2,2,1.0,2,4,6,8,1,1,3,2,12,-14,0,Kobe Bryant,Regular Season,2003-04
22003,977,0020301110,"Apr 04, 2004",LAL vs. SAS,L,44,9,26,0.346,2,7,0.286,8,10,0.8,1,5,6,3,0,2,3,2,28,0,0,Kobe Bryant,Regular Season,2003-04
22003,977,0020301100,"Apr 02, 2004",LAL @ SEA,W,40,9,18,0.5,3,5,0.6,4,6,0.667,0,1,1,2,2,0,3,4,25,-5,0,Kobe Bryant,Regular Season,2003-04
22003,977,0020301088,"Apr 01, 2004",LAL vs. HOU,W,45,8,19,0.421,1,2,0.5,9,12,0.75,2,5,7,4,5,1,6,2,26,6,0,Kobe Bryant,Regular Season,2003-04
22003,977,0020301075,"Mar 30, 2004",LAL vs. NOH,W,34,7,17,0.412,3,7,0.429,6,6,1.0,1,2,3,6,1,0,4,3,23,12,0,Kobe Bryant,Regular Season,2003-04
22003,977,0020301063,"Mar 28, 2004",LAL vs. UTA,W,40,8,23,0.348,1,3,0.333,17,21,0.81,1,5,6,4,1,1,1,5,34,12,0,Kobe Bryant,Regular Season,2003-04
22003,977,0020301046,"Mar 26, 2004",LAL vs. MIN,W,37,13,21,0.619,2,4,0.5,7,7,1.0,2,7,9,5,2,2,4,2,35,17,0,Kobe Bryant,Regular Season,2003-04
22003,977,0020301033,"Mar 24, 2004",LAL vs. SAC,W,37,11,23,0.478,2,5,0.4,12,12,1.0,2,4,6,6,1,0,0,3,36,25,0,Kobe Bryant,Regular Season,2003-04
22003,977,0020301012,"Mar 21, 2004",LAL vs. MIL,W,39,7,17,0.412,0,1,0.0,8,8,1.0,3,2,5,4,1,1,5,2,22,4,0,Kobe Bryant,Regular Season,2003-04
22003,977,0020300995,"Mar 19, 2004",LAL vs. LAC,W,39,10,20,0.5,0,2,0.0,7,8,0.875,2,5,7,3,5,0,3,4,27,1,0,Kobe Bryant,Regular Season,2003-04
22003,977,0020300981,"Mar 17, 2004",LAL @ LAC,W,40,11,17,0.647,1,3,0.333,4,4,1.0,1,8,9,6,1,1,3,2,27,4,0,Kobe Bryant,Regular Season,2003-04
22003,977,0020300966,"Mar 15, 2004",LAL vs. ORL,W,44,13,26,0.5,2,5,0.4,10,13,0.769,1,2,3,4,1,1,1,5,38,3,0,Kobe Bryant,Regular Season,2003-04
22003,977,0020300952,"Mar 13, 2004",LAL @ CHI,W,38,12,25,0.48,1,4,0.25,10,11,0.909,2,6,8,3,2,1,5,2,35,4,0,Kobe Bryant,Regular Season,2003-04
22003,977,0020300943,"Mar 12, 2004",LAL @ MIN,L,38,6,20,0.3,1,3,0.333,3,3,1.0,2,9,11,5,0,0,2,2,16,0,0,Kobe Bryant,Regular Season,2003-04
22003,977,0020300926,"Mar 10, 2004",LAL @ BOS,W,40,4,16,0.25,0,2,0.0,10,14,0.714,3,2,5,10,3,0,3,2,18,13,0,Kobe Bryant,Regular Season,2003-04
22003,977,0020300894,"Mar 05, 2004",LAL vs. SEA,W,1,0,0,0.0,0,0,0.0,0,0,0.0,0,0,0,0,0,0,0,1,0,3,0,Kobe Bryant,Regular Season,2003-04
22003,977,0020300881,"Mar 03, 2004",LAL @ HOU,W,46,7,19,0.368,0,5,0.0,4,4,1.0,0,8,8,13,0,0,4,2,18,9,0,Kobe Bryant,Regular Season,2003-04
22003,977,0020300858,"Feb 29, 2004",LAL @ NJN,W,33,4,12,0.333,2,6,0.333,1,2,0.5,1,5,6,10,1,0,4,3,11,19,0,Kobe Bryant,Regular Season,2003-04
22003,977,0020300848,"Feb 28, 2004",LAL @ WAS,W,38,8,16,0.5,2,4,0.5,7,8,0.875,3,11,14,10,2,0,2,3,25,11,0,Kobe Bryant,Regular Season,2003-04
22003,977,0020300836,"Feb 26, 2004",LAL vs. SAC,L,41,12,28,0.429,2,6,0.333,9,10,0.9,3,8,11,6,1,0,4,2,35,-6,0,Kobe Bryant,Regular Season,2003-04
22003,977,0020300831,"Feb 25, 2004",LAL @ DEN,W,41,14,26,0.538,2,4,0.5,5,5,1.0,2,5,7,10,3,0,3,2,35,5,0,Kobe Bryant,Regular Season,2003-04
22003,977,0020300808,"Feb 22, 2004",LAL @ PHX,W,42,15,25,0.6,2,5,0.4,8,8,1.0,4,3,7,5,3,0,2,0,40,9,0,Kobe Bryant,Regular Season,2003-04
22003,977,0020300793,"Feb 20, 2004",LAL vs. PHI,W,30,10,18,0.556,1,2,0.5,7,8,0.875,4,1,5,7,3,2,2,4,28,15,0,Kobe Bryant,Regular Season,2003-04
22003,977,0020300780,"Feb 18, 2004",LAL @ GSW,W,44,11,16,0.688,0,1,0.0,13,15,0.867,2,4,6,8,2,1,5,1,35,-1,0,Kobe Bryant,Regular Season,2003-04
22003,977,0020300772,"Feb 17, 2004",LAL vs. POR,W,42,13,23,0.565,0,1,0.0,5,9,0.556,4,4,8,10,2,0,4,1,31,11,0,Kobe Bryant,Regular Season,2003-04
22003,977,0020300756,"Feb 11, 2004",LAL @ HOU,L,36,4,7,0.571,4,5,0.8,2,2,1.0,0,1,1,3,0,0,1,3,14,-7,0,Kobe Bryant,Regular Season,2003-04
22003,977,0020300655,"Jan 28, 2004",LAL vs. SEA,W,29,6,15,0.4,0,3,0.0,2,3,0.667,0,2,2,3,0,0,3,0,14,2,0,Kobe Bryant,Regular Season,2003-04
22003,977,0020300625,"Jan 24, 2004",LAL @ UTA,W,38,6,15,0.4,1,4,0.25,8,13,0.615,2,2,4,6,0,0,0,0,21,15,0,Kobe Bryant,Regular Season,2003-04
22003,977,0020300531,"Jan 12, 2004",LAL vs. CLE,W,17,3,8,0.375,0,0,0.0,4,5,0.8,1,4,5,2,1,0,0,1,10,2,0,Kobe Bryant,Regular Season,2003-04
22003,977,0020300515,"Jan 09, 2004",LAL vs. ATL,W,31,9,19,0.474,2,5,0.4,6,6,1.0,0,5,5,6,3,0,1,2,26,33,0,Kobe Bryant,Regular Season,2003-04
22003,977,0020300500,"Jan 07, 2004",LAL @ DEN,L,38,8,23,0.348,1,4,0.25,10,11,0.909,1,2,3,6,6,0,5,3,27,-15,0,Kobe Bryant,Regular Season,2003-04
22003,977,0020300488,"Jan 06, 2004",LAL @ MIN,L,38,8,17,0.471,0,1,0.0,4,6,0.667,2,8,10,4,0,0,1,4,20,-17,0,Kobe Bryant,Regular Season,2003-04
22003,977,0020300476,"Jan 04, 2004",LAL @ LAC,L,40,14,27,0.519,4,7,0.571,12,15,0.8,4,6,10,3,4,0,2,2,44,-7,0,Kobe Bryant,Regular Season,2003-04
22003,977,0020300462,"Jan 02, 2004",LAL @ SEA,L,36,11,25,0.44,3,4,0.75,7,8,0.875,2,4,6,6,4,0,3,4,32,4,0,Kobe Bryant,Regular Season,2003-04
22003,977,0020300429,"Dec 28, 2003",LAL vs. BOS,W,36,5,18,0.278,1,6,0.167,0,0,0.0,2,3,5,6,2,0,6,2,11,15,0,Kobe Bryant,Regular Season,2003-04
22003,977,0020300403,"Dec 25, 2003",LAL vs. HOU,L,43,9,26,0.346,1,2,0.5,4,6,0.667,3,5,8,6,2,0,3,4,23,-7,0,Kobe Bryant,Regular Season,2003-04
22003,977,0020300400,"Dec 23, 2003",LAL @ GSW,L,38,8,16,0.5,3,5,0.6,4,5,0.8,1,4,5,2,1,1,4,5,23,-7,0,Kobe Bryant,Regular Season,2003-04
22003,977,0020300385,"Dec 21, 2003",LAL vs. PHX,W,39,4,12,0.333,0,2,0.0,2,3,0.667,3,3,6,4,0,0,4,0,10,5,0,Kobe Bryant,Regular Season,2003-04
22003,977,0020300369,"Dec 19, 2003",LAL vs. DEN,W,31,5,14,0.357,0,2,0.0,3,4,0.75,1,2,3,5,0,0,4,1,13,-4,0,Kobe Bryant,Regular Season,2003-04
22003,977,0020300326,"Dec 13, 2003",LAL @ POR,L,42,10,18,0.556,1,3,0.333,14,15,0.933,3,2,5,6,0,1,2,2,35,0,0,Kobe Bryant,Regular Season,2003-04
22003,977,0020300318,"Dec 12, 2003",LAL vs. DAL,L,41,4,18,0.222,0,3,0.0,7,7,1.0,1,6,7,6,1,1,1,5,15,-19,0,Kobe Bryant,Regular Season,2003-04
22003,977,0020300298,"Dec 09, 2003",LAL vs. NYK,W,41,7,16,0.438,0,0,0.0,7,8,0.875,3,3,6,9,1,0,3,1,21,10,0,Kobe Bryant,Regular Season,2003-04
22003,977,0020300284,"Dec 07, 2003",LAL vs. UTA,W,40,4,17,0.235,2,4,0.5,9,10,0.9,2,4,6,3,1,0,2,4,19,3,0,Kobe Bryant,Regular Season,2003-04
22003,977,0020300258,"Dec 04, 2003",LAL @ DAL,W,38,9,23,0.391,2,5,0.4,12,12,1.0,4,2,6,3,1,0,3,3,32,10,0,Kobe Bryant,Regular Season,2003-04
22003,977,0020300251,"Dec 03, 2003",LAL @ SAS,W,46,6,20,0.3,1,4,0.25,8,9,0.889,1,5,6,3,2,0,4,4,21,8,0,Kobe Bryant,Regular Season,2003-04
22003,977,0020300234,"Nov 30, 2003",LAL vs. IND,W,36,4,10,0.4,1,2,0.5,3,4,0.75,1,1,2,7,1,0,2,3,12,24,0,Kobe Bryant,Regular Season,2003-04
22003,977,0020300222,"Nov 28, 2003",LAL vs. SAS,W,31,6,13,0.462,1,2,0.5,4,6,0.667,0,2,2,2,1,0,0,0,17,24,0,Kobe Bryant,Regular Season,2003-04
22003,977,0020300208,"Nov 26, 2003",LAL vs. WAS,W,25,7,13,0.538,1,3,0.333,7,7,1.0,0,4,4,4,2,0,3,3,22,15,0,Kobe Bryant,Regular Season,2003-04
22003,977,0020300187,"Nov 23, 2003",LAL vs. MEM,W,32,8,16,0.5,1,2,0.5,11,12,0.917,1,2,3,3,4,0,1,2,28,20,0,Kobe Bryant,Regular Season,2003-04
22003,977,0020300172,"Nov 21, 2003",LAL vs. CHI,W,37,10,19,0.526,0,1,0.0,8,11,0.727,1,4,5,4,3,1,3,4,28,16,0,Kobe Bryant,Regular Season,2003-04
22003,977,0020300156,"Nov 19, 2003",LAL @ NYK,W,34,7,13,0.538,0,0,0.0,7,9,0.778,1,1,2,4,1,0,1,5,21,17,0,Kobe Bryant,Regular Season,2003-04
22003,977,0020300146,"Nov 18, 2003",LAL @ DET,L,41,4,14,0.286,0,2,0.0,11,11,1.0,1,1,2,3,0,0,0,3,19,-9,0,Kobe Bryant,Regular Season,2003-04
22003,977,0020300138,"Nov 16, 2003",LAL vs. MIA,W,34,6,10,0.6,0,1,0.0,15,16,0.938,1,3,4,6,2,0,3,2,27,21,0,Kobe Bryant,Regular Season,2003-04
22003,977,0020300124,"Nov 14, 2003",LAL vs. DET,W,37,6,11,0.545,0,0,0.0,4,4,1.0,0,3,3,1,3,2,1,5,16,12,0,Kobe Bryant,Regular Season,2003-04
22003,977,0020300111,"Nov 12, 2003",LAL vs. TOR,W,37,5,11,0.455,1,1,1.0,8,10,0.8,1,2,3,4,1,0,3,4,19,1,0,Kobe Bryant,Regular Season,2003-04
22003,977,0020300091,"Nov 10, 2003",LAL @ MEM,L,33,5,15,0.333,0,2,0.0,9,10,0.9,1,3,4,5,2,0,6,4,19,-3,0,Kobe Bryant,Regular Season,2003-04
22003,977,0020300070,"Nov 07, 2003",LAL @ NOH,L,37,4,14,0.286,0,4,0.0,3,4,0.75,1,3,4,3,1,0,3,3,11,-24,0,Kobe Bryant,Regular Season,2003-04
22003,977,0020300064,"Nov 06, 2003",LAL @ SAS,W,49,16,29,0.552,1,4,0.25,4,5,0.8,2,3,5,2,4,0,2,4,37,4,0,Kobe Bryant,Regular Season,2003-04
22003,977,0020300050,"Nov 04, 2003",LAL @ MIL,W,40,10,22,0.455,2,4,0.5,9,10,0.9,5,2,7,8,1,2,0,3,31,7,0,Kobe Bryant,Regular Season,2003-04
22003,977,0020300040,"Nov 02, 2003",LAL vs. GSW,W,35,7,12,0.583,2,3,0.667,5,5,1.0,1,3,4,2,5,1,4,4,21,13,0,Kobe Bryant,Regular Season,2003-04
22003,977,0020300037,"Nov 01, 2003",LAL @ PHX,W,37,4,12,0.333,0,1,0.0,7,10,0.7,0,6,6,4,0,1,2,4,15,-3,0,Kobe Bryant,Regular Season,2003-04
42003,977,0040300405,"Jun 15, 2004",LAL @ DET,L,45,7,21,0.333,0,2,0.0,10,11,0.909,1,2,3,4,1,0,3,2,24,-19,0,Kobe Bryant,Playoffs,2003-04
42003,977,0040300404,"Jun 13, 2004",LAL @ DET,L,45,8,25,0.32,2,6,0.333,2,2,1.0,0,0,0,2,1,0,3,3,20,-8,0,Kobe Bryant,Playoffs,2003-04
42003,977,0040300403,"Jun 10, 2004",LAL @ DET,L,45,4,13,0.308,0,4,0.0,3,3,1.0,0,3,3,5,1,1,4,3,11,-20,0,Kobe Bryant,Playoffs,2003-04
42003,977,0040300402,"Jun 08, 2004",LAL vs. DET,W,49,14,27,0.519,1,5,0.2,4,5,0.8,0,4,4,7,2,0,5,5,33,7,0,Kobe Bryant,Playoffs,2003-04
42003,977,0040300401,"Jun 06, 2004",LAL vs. DET,L,47,10,27,0.37,1,6,0.167,4,4,1.0,1,3,4,4,4,2,3,2,25,-12,0,Kobe Bryant,Playoffs,2003-04
42003,977,0040300316,"May 31, 2004",LAL vs. MIN,W,39,6,17,0.353,1,3,0.333,7,11,0.636,0,0,0,4,2,1,0,3,20,10,0,Kobe Bryant,Playoffs,2003-04
42003,977,0040300315,"May 29, 2004",LAL @ MIN,L,44,8,19,0.421,3,8,0.375,4,6,0.667,1,5,6,7,1,0,4,3,23,-1,0,Kobe Bryant,Playoffs,2003-04
42003,977,0040300314,"May 27, 2004",LAL vs. MIN,W,41,10,24,0.417,2,8,0.25,9,10,0.9,2,6,8,4,1,1,4,3,31,4,0,Kobe Bryant,Playoffs,2003-04
42003,977,0040300313,"May 25, 2004",LAL vs. MIN,W,45,5,12,0.417,2,6,0.333,10,11,0.909,0,2,2,6,0,0,4,3,22,11,0,Kobe Bryant,Playoffs,2003-04
42003,977,0040300312,"May 23, 2004",LAL @ MIN,L,41,10,24,0.417,0,4,0.0,7,10,0.7,2,3,5,6,2,0,2,1,27,-16,0,Kobe Bryant,Playoffs,2003-04
42003,977,0040300311,"May 21, 2004",LAL @ MIN,W,45,9,20,0.45,0,1,0.0,5,8,0.625,0,3,3,6,3,0,3,2,23,8,0,Kobe Bryant,Playoffs,2003-04
42003,977,0040300236,"May 15, 2004",LAL vs. SAS,W,44,10,20,0.5,0,3,0.0,6,8,0.75,0,7,7,7,1,0,4,2,26,11,0,Kobe Bryant,Playoffs,2003-04
42003,977,0040300235,"May 13, 2004",LAL @ SAS,W,47,11,27,0.407,0,4,0.0,0,0,0.0,0,4,4,5,1,0,5,1,22,0,0,Kobe Bryant,Playoffs,2003-04
42003,977,0040300234,"May 11, 2004",LAL vs. SAS,W,45,15,27,0.556,2,4,0.5,10,13,0.769,0,6,6,5,3,1,0,2,42,10,0,Kobe Bryant,Playoffs,2003-04
42003,977,0040300233,"May 09, 2004",LAL vs. SAS,W,42,7,13,0.538,4,7,0.571,4,8,0.5,0,6,6,6,2,0,5,3,22,31,0,Kobe Bryant,Playoffs,2003-04
42003,977,0040300232,"May 05, 2004",LAL @ SAS,L,42,7,17,0.412,0,1,0.0,1,2,0.5,2,3,5,8,1,0,2,4,15,-7,0,Kobe Bryant,Playoffs,2003-04
42003,977,0040300231,"May 02, 2004",LAL @ SAS,L,45,10,26,0.385,2,6,0.333,9,10,0.9,2,8,10,4,2,0,4,1,31,-7,0,Kobe Bryant,Playoffs,2003-04
42003,977,0040300155,"Apr 28, 2004",LAL vs. HOU,W,41,12,21,0.571,1,4,0.25,6,6,1.0,1,5,6,10,3,0,1,3,31,23,0,Kobe Bryant,Playoffs,2003-04
42003,977,0040300154,"Apr 25, 2004",LAL @ HOU,W,50,7,21,0.333,0,2,0.0,4,5,0.8,2,4,6,5,2,0,3,4,18,-1,0,Kobe Bryant,Playoffs,2003-04
42003,977,0040300153,"Apr 23, 2004",LAL @ HOU,L,43,7,20,0.35,0,3,0.0,7,8,0.875,3,4,7,6,3,1,1,4,21,-12,0,Kobe Bryant,Playoffs,2003-04
42003,977,0040300152,"Apr 19, 2004",LAL vs. HOU,W,45,9,20,0.45,2,6,0.333,16,17,0.941,0,4,4,4,1,0,1,3,36,17,0,Kobe Bryant,Playoffs,2003-04
42003,977,0040300151,"Apr 17, 2004",LAL vs. HOU,W,43,4,19,0.211,1,4,0.25,7,8,0.875,1,4,5,6,5,0,0,2,16,2,0,Kobe Bryant,Playoffs,2003-04
22004,977,0020401228,"Apr 20, 2005",LAL @ POR,L,37,10,20,0.5,0,5,0.0,17,21,0.81,3,2,5,4,0,0,6,2,37,5,0,Kobe Bryant,Regular Season,2004-05
22004,977,0020401208,"Apr 18, 2005",LAL @ GSW,L,37,9,27,0.333,0,4,0.0,4,6,0.667,3,3,6,5,1,0,6,2,22,-21,0,Kobe Bryant,Regular Season,2004-05
22004,977,0020401196,"Apr 17, 2005",LAL vs. DAL,L,35,9,15,0.6,5,9,0.556,10,11,0.909,4,3,7,9,2,0,8,2,33,-2,0,Kobe Bryant,Regular Season,2004-05
22004,977,0020401154,"Apr 11, 2005",LAL vs. PHO,L,38,8,17,0.471,0,3,0.0,4,5,0.8,2,3,5,10,1,2,5,2,20,-30,0,Kobe Bryant,Regular Season,2004-05
22004,977,0020401142,"Apr 10, 2005",LAL @ SAC,L,35,8,17,0.471,1,4,0.25,1,2,0.5,1,3,4,6,3,1,2,2,18,-28,0,Kobe Bryant,Regular Season,2004-05
22004,977,0020401130,"Apr 08, 2005",LAL @ SEA,W,40,15,22,0.682,7,11,0.636,5,6,0.833,1,1,2,5,2,1,3,2,42,17,0,Kobe Bryant,Regular Season,2004-05
22004,977,0020401118,"Apr 07, 2005",LAL vs. HOU,L,42,4,19,0.211,2,6,0.333,9,10,0.9,2,8,10,10,1,0,1,2,19,-13,0,Kobe Bryant,Regular Season,2004-05
22004,977,0020401092,"Apr 03, 2005",LAL @ MEM,L,14,4,8,0.5,0,3,0.0,1,1,1.0,1,2,3,0,0,0,1,1,9,-16,0,Kobe Bryant,Regular Season,2004-05
22004,977,0020401082,"Apr 02, 2005",LAL @ SAS,L,40,6,19,0.316,1,6,0.167,2,2,1.0,0,8,8,6,3,0,5,1,15,3,0,Kobe Bryant,Regular Season,2004-05
22004,977,0020401065,"Mar 31, 2005",LAL vs. MIN,L,41,7,16,0.438,3,7,0.429,9,12,0.75,5,3,8,6,1,0,2,2,26,-7,0,Kobe Bryant,Regular Season,2004-05
22004,977,0020401051,"Mar 29, 2005",LAL vs. NYK,W,38,10,17,0.588,3,7,0.429,9,14,0.643,1,5,6,5,1,0,4,1,32,5,0,Kobe Bryant,Regular Season,2004-05
22004,977,0020401035,"Mar 27, 2005",LAL vs. PHI,L,39,10,22,0.455,6,13,0.462,8,8,1.0,0,10,10,5,0,1,6,4,34,5,0,Kobe Bryant,Regular Season,2004-05
22004,977,0020401009,"Mar 24, 2005",LAL @ DEN,L,39,5,13,0.385,0,4,0.0,8,8,1.0,2,2,4,4,1,2,6,1,18,-19,0,Kobe Bryant,Regular Season,2004-05
22004,977,0020400994,"Mar 22, 2005",LAL @ UTA,L,44,16,26,0.615,9,15,0.6,2,6,0.333,1,2,3,4,2,0,3,2,43,-11,0,Kobe Bryant,Regular Season,2004-05
22004,977,0020400984,"Mar 20, 2005",LAL vs. SEA,L,41,12,23,0.522,4,10,0.4,2,4,0.5,2,3,5,4,1,0,2,3,30,3,0,Kobe Bryant,Regular Season,2004-05
22004,977,0020400960,"Mar 18, 2005",LAL @ IND,L,29,5,14,0.357,1,4,0.25,1,2,0.5,1,1,2,4,1,0,0,4,12,-16,0,Kobe Bryant,Regular Season,2004-05
22004,977,0020400954,"Mar 17, 2005",LAL @ MIA,L,46,8,23,0.348,2,6,0.333,8,9,0.889,5,5,10,3,4,1,3,2,26,-6,0,Kobe Bryant,Regular Season,2004-05
22004,977,0020400937,"Mar 15, 2005",LAL @ PHI,L,36,6,15,0.4,3,8,0.375,5,7,0.714,0,3,3,2,2,0,4,3,20,-29,0,Kobe Bryant,Regular Season,2004-05
22004,977,0020400930,"Mar 14, 2005",LAL @ WAS,L,41,6,22,0.273,4,12,0.333,2,2,1.0,2,2,4,6,1,1,1,2,18,-16,0,Kobe Bryant,Regular Season,2004-05
22004,977,0020400915,"Mar 12, 2005",LAL @ CHA,W,44,12,24,0.5,4,6,0.667,4,5,0.8,2,2,4,9,0,0,2,2,32,10,0,Kobe Bryant,Regular Season,2004-05
22004,977,0020400903,"Mar 10, 2005",LAL @ DAL,W,44,14,22,0.636,0,0,0.0,8,10,0.8,1,8,9,3,1,2,3,3,36,7,0,Kobe Bryant,Regular Season,2004-05
22004,977,0020400895,"Mar 08, 2005",LAL vs. LAC,L,43,12,21,0.571,1,3,0.333,16,16,1.0,2,3,5,3,0,1,3,3,41,-13,0,Kobe Bryant,Regular Season,2004-05
22004,977,0020400880,"Mar 06, 2005",LAL vs. IND,W,39,12,24,0.5,0,2,0.0,13,13,1.0,2,8,10,2,2,0,5,3,37,3,0,Kobe Bryant,Regular Season,2004-05
22004,977,0020400864,"Mar 04, 2005",LAL vs. DAL,W,43,13,27,0.481,0,4,0.0,14,16,0.875,2,6,8,6,2,2,3,3,40,11,0,Kobe Bryant,Regular Season,2004-05
22004,977,0020400845,"Mar 02, 2005",LAL @ BOS,L,41,9,24,0.375,1,6,0.167,7,8,0.875,0,1,1,3,0,1,1,5,26,-5,0,Kobe Bryant,Regular Season,2004-05
22004,977,0020400831,"Feb 28, 2005",LAL @ NYK,L,46,7,17,0.412,2,5,0.4,14,17,0.824,2,3,5,8,1,2,7,4,30,-6,0,Kobe Bryant,Regular Season,2004-05
22004,977,0020400819,"Feb 27, 2005",LAL @ TOR,L,42,12,25,0.48,1,6,0.167,6,8,0.75,2,6,8,8,0,0,4,4,31,3,0,Kobe Bryant,Regular Season,2004-05
22004,977,0020400811,"Feb 25, 2005",LAL vs. DET,L,40,6,12,0.5,1,3,0.333,7,7,1.0,0,4,4,11,1,0,6,4,20,-22,0,Kobe Bryant,Regular Season,2004-05
22004,977,0020400799,"Feb 23, 2005",LAL @ POR,W,43,8,17,0.471,2,6,0.333,13,13,1.0,0,3,3,6,0,0,5,2,31,1,0,Kobe Bryant,Regular Season,2004-05
22004,977,0020400789,"Feb 22, 2005",LAL vs. BOS,W,40,6,13,0.462,0,3,0.0,9,12,0.75,1,5,6,3,1,1,3,4,21,4,0,Kobe Bryant,Regular Season,2004-05
22004,977,0020400767,"Feb 15, 2005",LAL vs. UTA,W,42,12,19,0.632,1,3,0.333,15,19,0.789,1,4,5,8,3,0,5,4,40,21,0,Kobe Bryant,Regular Season,2004-05
22004,977,0020400746,"Feb 13, 2005",LAL @ CLE,L,41,7,22,0.318,1,4,0.25,11,11,1.0,1,3,4,6,2,0,4,3,26,-15,0,Kobe Bryant,Regular Season,2004-05
22004,977,0020400518,"Jan 13, 2005",LAL vs. CLE,W,6,1,2,0.5,0,1,0.0,0,0,0.0,0,0,0,3,0,0,1,0,2,0,0,Kobe Bryant,Regular Season,2004-05
22004,977,0020400512,"Jan 12, 2005",LAL @ DEN,L,40,5,14,0.357,2,8,0.25,4,6,0.667,1,4,5,7,3,2,1,2,16,-11,0,Kobe Bryant,Regular Season,2004-05
22004,977,0020400494,"Jan 10, 2005",LAL @ MIN,W,40,9,19,0.474,6,11,0.545,7,7,1.0,1,0,1,4,0,1,5,0,31,-8,0,Kobe Bryant,Regular Season,2004-05
22004,977,0020400477,"Jan 07, 2005",LAL vs. HOU,W,45,10,19,0.526,1,2,0.5,6,10,0.6,0,5,5,10,0,0,3,3,27,5,0,Kobe Bryant,Regular Season,2004-05
22004,977,0020400461,"Jan 05, 2005",LAL @ DAL,L,47,12,30,0.4,4,11,0.364,4,6,0.667,3,0,3,3,1,0,5,3,32,-12,0,Kobe Bryant,Regular Season,2004-05
22004,977,0020400452,"Jan 04, 2005",LAL @ SAS,L,35,5,16,0.313,0,5,0.0,7,8,0.875,0,5,5,2,1,0,3,2,17,-21,0,Kobe Bryant,Regular Season,2004-05
22004,977,0020400439,"Jan 02, 2005",LAL vs. DEN,W,36,14,29,0.483,2,6,0.333,12,16,0.75,0,5,5,4,4,1,7,5,42,26,0,Kobe Bryant,Regular Season,2004-05
22004,977,0020400407,"Dec 28, 2004",LAL vs. TOR,W,46,14,26,0.538,4,7,0.571,16,18,0.889,0,2,2,4,2,0,5,2,48,21,0,Kobe Bryant,Regular Season,2004-05
22004,977,0020400382,"Dec 25, 2004",LAL vs. MIA,L,50,12,30,0.4,5,13,0.385,13,13,1.0,0,3,3,6,1,0,9,4,42,0,0,Kobe Bryant,Regular Season,2004-05
22004,977,0020400377,"Dec 22, 2004",LAL vs. NOK,W,45,9,26,0.346,1,4,0.25,10,15,0.667,3,2,5,4,4,1,4,2,29,10,0,Kobe Bryant,Regular Season,2004-05
22004,977,0020400358,"Dec 20, 2004",LAL vs. MEM,L,44,2,16,0.125,0,6,0.0,7,9,0.778,0,6,6,8,1,2,4,4,11,-5,0,Kobe Bryant,Regular Season,2004-05
22004,977,0020400338,"Dec 17, 2004",LAL vs. WAS,L,50,9,22,0.409,3,7,0.429,15,22,0.682,1,9,10,14,2,1,5,1,36,-3,0,Kobe Bryant,Regular Season,2004-05
22004,977,0020400328,"Dec 16, 2004",LAL @ SAC,W,41,10,17,0.588,3,8,0.375,8,10,0.8,0,6,6,12,2,2,4,2,31,15,0,Kobe Bryant,Regular Season,2004-05
22004,977,0020400315,"Dec 14, 2004",LAL @ SEA,L,45,12,23,0.522,3,8,0.375,8,10,0.8,4,5,9,5,1,0,4,2,35,-13,0,Kobe Bryant,Regular Season,2004-05
22004,977,0020400301,"Dec 12, 2004",LAL vs. ORL,W,41,6,23,0.261,0,1,0.0,11,15,0.733,4,4,8,6,0,0,3,2,23,6,0,Kobe Bryant,Regular Season,2004-05
22004,977,0020400294,"Dec 11, 2004",LAL @ LAC,W,45,13,32,0.406,1,6,0.167,10,10,1.0,1,9,10,5,0,2,4,2,37,7,0,Kobe Bryant,Regular Season,2004-05
22004,977,0020400272,"Dec 08, 2004",LAL vs. PHO,L,45,7,23,0.304,4,10,0.4,2,3,0.667,3,11,14,11,2,0,8,3,20,-1,0,Kobe Bryant,Regular Season,2004-05
22004,977,0020400231,"Dec 03, 2004",LAL vs. GSW,W,43,3,12,0.25,0,2,0.0,4,7,0.571,0,12,12,10,2,0,8,3,10,6,0,Kobe Bryant,Regular Season,2004-05
22004,977,0020400216,"Dec 01, 2004",LAL @ CHI,L,44,9,21,0.429,3,11,0.273,7,9,0.778,0,3,3,10,1,3,6,4,28,-3,0,Kobe Bryant,Regular Season,2004-05
22004,977,0020400205,"Nov 30, 2004",LAL @ MIL,W,43,4,13,0.308,2,6,0.333,10,12,0.833,3,4,7,11,1,2,4,2,20,1,0,Kobe Bryant,Regular Season,2004-05
22004,977,0020400198,"Nov 28, 2004",LAL vs. NOK,W,44,7,20,0.35,1,5,0.2,5,5,1.0,2,4,6,7,3,1,7,4,20,4,0,Kobe Bryant,Regular Season,2004-05
22004,977,0020400181,"Nov 26, 2004",LAL vs. SAC,L,45,11,17,0.647,3,4,0.75,15,19,0.789,1,6,7,8,0,2,3,2,40,1,0,Kobe Bryant,Regular Season,2004-05
22004,977,0020400158,"Nov 23, 2004",LAL vs. MIL,W,44,11,24,0.458,0,2,0.0,8,10,0.8,1,5,6,5,3,1,4,2,30,7,0,Kobe Bryant,Regular Season,2004-05
22004,977,0020400145,"Nov 21, 2004",LAL vs. CHI,W,45,10,22,0.455,1,2,0.5,8,17,0.471,2,8,10,7,1,1,9,4,29,11,0,Kobe Bryant,Regular Season,2004-05
22004,977,0020400126,"Nov 19, 2004",LAL @ PHO,L,45,10,33,0.303,5,10,0.5,4,5,0.8,4,7,11,10,0,1,3,1,29,-2,0,Kobe Bryant,Regular Season,2004-05
22004,977,0020400115,"Nov 17, 2004",LAL vs. LAC,W,45,9,16,0.563,0,1,0.0,5,5,1.0,0,6,6,11,5,2,5,5,23,15,0,Kobe Bryant,Regular Season,2004-05
22004,977,0020400087,"Nov 13, 2004",LAL @ HOU,W,41,7,20,0.35,0,5,0.0,5,7,0.714,0,11,11,3,0,2,5,1,19,4,0,Kobe Bryant,Regular Season,2004-05
22004,977,0020400073,"Nov 12, 2004",LAL @ ORL,L,44,14,31,0.452,2,8,0.25,11,12,0.917,0,7,7,8,2,0,1,4,41,2,0,Kobe Bryant,Regular Season,2004-05
22004,977,0020400065,"Nov 10, 2004",LAL @ MEM,L,34,4,19,0.211,2,6,0.333,10,13,0.769,2,4,6,4,1,1,2,1,20,-18,0,Kobe Bryant,Regular Season,2004-05
22004,977,0020400053,"Nov 09, 2004",LAL @ NOK,W,38,8,18,0.444,1,5,0.2,14,14,1.0,1,7,8,4,0,1,7,6,31,23,0,Kobe Bryant,Regular Season,2004-05
22004,977,0020400044,"Nov 07, 2004",LAL vs. ATL,W,44,6,12,0.5,1,2,0.5,11,12,0.917,1,4,5,6,0,2,3,2,24,17,0,Kobe Bryant,Regular Season,2004-05
22004,977,0020400027,"Nov 05, 2004",LAL vs. SAN,L,45,8,22,0.364,1,5,0.2,11,13,0.846,3,2,5,4,1,1,3,3,28,-16,0,Kobe Bryant,Regular Season,2004-05
22004,977,0020400014,"Nov 03, 2004",LAL @ UTH,L,41,9,21,0.429,4,9,0.444,16,20,0.8,1,3,4,1,1,0,2,5,38,-18,0,Kobe Bryant,Regular Season,2004-05
22004,977,0020400003,"Nov 02, 2004",LAL vs. DEN,W,42,5,14,0.357,1,2,0.5,14,15,0.933,1,3,4,7,1,3,4,2,25,13,0,Kobe Bryant,Regular Season,2004-05
22005,977,0020501229,"Apr 19, 2006",LAL vs. NOK,W,29,13,26,0.5,4,10,0.4,5,5,1.0,1,4,5,3,3,0,1,2,35,30,0,Kobe Bryant,Regular Season,2005-06
22005,977,0020501196,"Apr 16, 2006",LAL vs. PHX,W,39,11,28,0.393,1,5,0.2,20,23,0.87,2,6,8,5,3,0,1,2,43,9,0,Kobe Bryant,Regular Season,2005-06
22005,977,0020501185,"Apr 14, 2006",LAL vs. POR,W,44,17,28,0.607,5,10,0.5,11,14,0.786,1,5,6,1,5,0,3,4,50,19,0,Kobe Bryant,Regular Season,2005-06
22005,977,0020501161,"Apr 11, 2006",LAL vs. GSW,W,34,10,22,0.455,2,8,0.25,9,14,0.643,1,3,4,5,2,0,1,4,31,24,0,Kobe Bryant,Regular Season,2005-06
22005,977,0020501148,"Apr 09, 2006",LAL vs. LAC,W,48,14,27,0.519,3,7,0.429,7,9,0.778,0,5,5,5,3,0,4,4,38,16,0,Kobe Bryant,Regular Season,2005-06
22005,977,0020501130,"Apr 07, 2006",LAL @ PHX,L,42,19,33,0.576,5,11,0.455,8,10,0.8,0,5,5,3,1,0,2,3,51,-6,0,Kobe Bryant,Regular Season,2005-06
22005,977,0020501120,"Apr 06, 2006",LAL @ DEN,L,46,13,32,0.406,3,7,0.429,13,14,0.929,3,5,8,1,0,0,3,5,42,-5,0,Kobe Bryant,Regular Season,2005-06
22005,977,0020501089,"Apr 02, 2006",LAL vs. HOU,W,22,19,32,0.594,3,5,0.6,2,2,1.0,1,2,3,6,1,0,2,3,43,14,0,Kobe Bryant,Regular Season,2005-06
22005,977,0020501078,"Mar 31, 2006",LAL @ SEA,W,47,17,38,0.447,1,4,0.25,8,8,1.0,1,4,5,4,1,1,6,3,43,15,0,Kobe Bryant,Regular Season,2005-06
22005,977,0020501066,"Mar 30, 2006",LAL vs. SAS,L,38,9,26,0.346,0,6,0.0,5,5,1.0,1,6,7,2,1,1,6,3,23,-24,0,Kobe Bryant,Regular Season,2005-06
22005,977,0020501042,"Mar 26, 2006",LAL vs. NOK,W,41,10,19,0.526,1,3,0.333,9,11,0.818,0,5,5,2,3,0,4,3,30,10,0,Kobe Bryant,Regular Season,2005-06
22005,977,0020501026,"Mar 24, 2006",LAL vs. MIL,W,44,12,26,0.462,5,10,0.5,14,14,1.0,0,5,5,2,0,0,4,2,43,14,0,Kobe Bryant,Regular Season,2005-06
22005,977,0020501010,"Mar 22, 2006",LAL vs. SAC,W,40,11,20,0.55,2,3,0.667,4,6,0.667,0,5,5,4,3,0,4,2,28,9,0,Kobe Bryant,Regular Season,2005-06
22005,977,0020500988,"Mar 20, 2006",LAL @ BOS,W,41,18,39,0.462,0,5,0.0,7,10,0.7,2,3,5,4,5,0,2,3,43,6,0,Kobe Bryant,Regular Season,2005-06
22005,977,0020500981,"Mar 19, 2006",LAL @ CLE,L,45,15,33,0.455,1,4,0.25,7,7,1.0,0,6,6,5,3,1,3,4,38,2,0,Kobe Bryant,Regular Season,2005-06
22005,977,0020500968,"Mar 17, 2006",LAL @ NJN,L,45,9,24,0.375,2,8,0.25,4,4,1.0,0,2,2,11,1,1,7,5,24,-4,0,Kobe Bryant,Regular Season,2005-06
22005,977,0020500959,"Mar 15, 2006",LAL vs. MIN,W,42,12,25,0.48,0,3,0.0,1,1,1.0,0,1,1,3,1,1,2,1,25,-2,0,Kobe Bryant,Regular Season,2005-06
22005,977,0020500948,"Mar 14, 2006",LAL @ SAC,L,45,12,28,0.429,4,8,0.5,2,3,0.667,2,5,7,7,1,1,3,3,30,-8,0,Kobe Bryant,Regular Season,2005-06
22005,977,0020500930,"Mar 12, 2006",LAL vs. SEA,L,44,8,29,0.276,2,13,0.154,4,5,0.8,1,4,5,7,2,0,5,2,22,0,0,Kobe Bryant,Regular Season,2005-06
22005,977,0020500916,"Mar 10, 2006",LAL @ SAS,W,43,11,29,0.379,1,5,0.2,6,7,0.857,0,4,4,4,2,0,2,1,29,7,0,Kobe Bryant,Regular Season,2005-06
22005,977,0020500903,"Mar 08, 2006",LAL @ NOK,W,44,12,33,0.364,2,6,0.333,14,16,0.875,4,2,6,1,3,1,2,2,40,9,0,Kobe Bryant,Regular Season,2005-06
22005,977,0020500888,"Mar 06, 2006",LAL vs. SAS,L,41,17,32,0.531,3,8,0.375,6,6,1.0,0,6,6,3,0,0,2,2,43,-4,0,Kobe Bryant,Regular Season,2005-06
22005,977,0020500873,"Mar 04, 2006",LAL vs. DET,W,36,13,26,0.5,1,3,0.333,13,13,1.0,0,5,5,4,0,0,2,3,40,14,0,Kobe Bryant,Regular Season,2005-06
22005,977,0020500865,"Mar 03, 2006",LAL @ GSW,W,42,11,29,0.379,4,8,0.5,16,18,0.889,0,4,4,5,3,0,6,3,42,23,0,Kobe Bryant,Regular Season,2005-06
22005,977,0020500852,"Mar 01, 2006",LAL @ POR,L,41,10,27,0.37,0,6,0.0,15,15,1.0,0,6,6,5,2,0,4,3,35,-8,0,Kobe Bryant,Regular Season,2005-06
22005,977,0020500841,"Feb 28, 2006",LAL vs. ORL,W,44,11,20,0.55,4,9,0.444,2,2,1.0,1,3,4,8,3,0,2,2,28,17,0,Kobe Bryant,Regular Season,2005-06
22005,977,0020500826,"Feb 26, 2006",LAL vs. BOS,L,40,11,23,0.478,3,8,0.375,15,17,0.882,1,7,8,6,1,0,3,5,40,-7,0,Kobe Bryant,Regular Season,2005-06
22005,977,0020500813,"Feb 24, 2006",LAL @ LAC,L,43,12,29,0.414,5,11,0.455,10,12,0.833,0,4,4,8,2,0,5,3,39,-16,0,Kobe Bryant,Regular Season,2005-06
22005,977,0020500802,"Feb 23, 2006",LAL vs. SAC,W,36,14,27,0.519,4,7,0.571,4,4,1.0,0,6,6,10,2,0,1,4,36,29,0,Kobe Bryant,Regular Season,2005-06
22005,977,0020500790,"Feb 21, 2006",LAL vs. POR,W,42,11,19,0.579,5,8,0.625,0,1,0.0,0,6,6,4,5,1,2,2,27,17,0,Kobe Bryant,Regular Season,2005-06
22005,977,0020500775,"Feb 15, 2006",LAL vs. ATL,L,47,14,28,0.5,5,14,0.357,6,12,0.5,2,1,3,9,2,0,4,3,39,0,0,Kobe Bryant,Regular Season,2005-06
22005,977,0020500756,"Feb 13, 2006",LAL vs. UTA,W,36,6,20,0.3,3,8,0.375,8,8,1.0,0,4,4,3,7,0,0,2,23,2,0,Kobe Bryant,Regular Season,2005-06
22005,977,0020500741,"Feb 11, 2006",LAL vs. MEM,L,45,10,28,0.357,1,8,0.125,5,7,0.714,0,4,4,4,2,2,4,3,26,-4,0,Kobe Bryant,Regular Season,2005-06
22005,977,0020500720,"Feb 08, 2006",LAL @ HOU,W,45,13,29,0.448,2,8,0.25,4,5,0.8,0,3,3,9,6,1,0,1,32,18,0,Kobe Bryant,Regular Season,2005-06
22005,977,0020500709,"Feb 07, 2006",LAL @ DAL,L,42,5,22,0.227,3,11,0.273,11,13,0.846,0,4,4,4,3,0,4,4,24,-4,0,Kobe Bryant,Regular Season,2005-06
22005,977,0020500689,"Feb 04, 2006",LAL @ NOK,L,38,13,26,0.5,5,11,0.455,4,5,0.8,0,6,6,5,0,0,7,5,35,-9,0,Kobe Bryant,Regular Season,2005-06
22005,977,0020500679,"Feb 03, 2006",LAL @ CHA,L,41,12,18,0.667,2,7,0.286,9,9,1.0,0,9,9,5,4,0,7,2,35,-8,0,Kobe Bryant,Regular Season,2005-06
22005,977,0020500664,"Feb 01, 2006",LAL @ IND,L,36,8,24,0.333,2,8,0.25,8,9,0.889,0,5,5,2,4,1,1,3,26,-22,0,Kobe Bryant,Regular Season,2005-06
22005,977,0020500658,"Jan 31, 2006",LAL @ NYK,W,33,7,17,0.412,3,8,0.375,23,26,0.885,1,2,3,3,4,0,3,4,40,18,0,Kobe Bryant,Regular Season,2005-06
22005,977,0020500646,"Jan 29, 2006",LAL @ DET,L,42,12,28,0.429,3,11,0.273,12,14,0.857,0,6,6,3,1,0,3,3,39,-10,0,Kobe Bryant,Regular Season,2005-06
22005,977,0020500631,"Jan 27, 2006",LAL vs. GSW,W,49,7,22,0.318,2,4,0.5,14,16,0.875,0,5,5,8,0,0,6,3,30,0,0,Kobe Bryant,Regular Season,2005-06
22005,977,0020500591,"Jan 22, 2006",LAL vs. TOR,W,42,28,46,0.609,7,13,0.538,18,20,0.9,2,4,6,2,3,1,3,1,81,25,0,Kobe Bryant,Regular Season,2005-06
22005,977,0020500573,"Jan 20, 2006",LAL @ PHX,L,40,12,33,0.364,4,12,0.333,9,9,1.0,0,2,2,2,3,0,4,4,37,-17,0,Kobe Bryant,Regular Season,2005-06
22005,977,0020500563,"Jan 19, 2006",LAL @ SAC,L,44,17,35,0.486,4,12,0.333,13,13,1.0,0,9,9,4,1,0,4,2,51,-13,0,Kobe Bryant,Regular Season,2005-06
22005,977,0020500547,"Jan 16, 2006",LAL vs. MIA,W,41,13,24,0.542,2,5,0.4,9,9,1.0,0,3,3,4,1,0,1,3,37,14,0,Kobe Bryant,Regular Season,2005-06
22005,977,0020500532,"Jan 14, 2006",LAL @ GSW,W,41,13,28,0.464,1,5,0.2,11,11,1.0,0,7,7,7,0,0,3,2,38,4,0,Kobe Bryant,Regular Season,2005-06
22005,977,0020500512,"Jan 12, 2006",LAL vs. CLE,W,37,9,21,0.429,1,5,0.2,8,8,1.0,0,2,2,2,2,0,5,4,27,-2,0,Kobe Bryant,Regular Season,2005-06
22005,977,0020500507,"Jan 11, 2006",LAL @ POR,L,45,13,29,0.448,3,13,0.231,12,13,0.923,0,2,2,3,4,0,2,5,41,-8,0,Kobe Bryant,Regular Season,2005-06
22005,977,0020500490,"Jan 09, 2006",LAL vs. IND,W,45,14,32,0.438,2,6,0.333,15,21,0.714,1,9,10,5,1,0,2,4,45,7,0,Kobe Bryant,Regular Season,2005-06
22005,977,0020500480,"Jan 07, 2006",LAL @ LAC,W,45,17,41,0.415,7,15,0.467,9,10,0.9,3,5,8,8,1,0,3,2,50,9,0,Kobe Bryant,Regular Season,2005-06
22005,977,0020500471,"Jan 06, 2006",LAL vs. PHI,W,35,19,29,0.655,7,7,1.0,3,4,0.75,0,10,10,2,2,0,7,2,48,23,0,Kobe Bryant,Regular Season,2005-06
22005,977,0020500412,"Dec 28, 2005",LAL vs. MEM,L,46,13,37,0.351,4,8,0.5,15,19,0.789,2,5,7,4,2,1,2,5,45,-6,0,Kobe Bryant,Regular Season,2005-06
22005,977,0020500387,"Dec 26, 2005",LAL @ WAS,L,38,10,27,0.37,2,6,0.333,9,10,0.9,0,5,5,2,0,1,5,2,31,-11,0,Kobe Bryant,Regular Season,2005-06
22005,977,0020500386,"Dec 25, 2005",LAL @ MIA,L,44,12,30,0.4,0,8,0.0,13,19,0.684,2,6,8,6,0,2,3,5,37,1,0,Kobe Bryant,Regular Season,2005-06
22005,977,0020500372,"Dec 23, 2005",LAL @ ORL,W,39,6,16,0.375,0,4,0.0,9,12,0.75,0,2,2,9,0,1,1,3,21,17,0,Kobe Bryant,Regular Season,2005-06
22005,977,0020500359,"Dec 20, 2005",LAL vs. DAL,W,33,18,31,0.581,4,10,0.4,22,25,0.88,3,5,8,0,3,0,2,3,62,35,0,Kobe Bryant,Regular Season,2005-06
22005,977,0020500346,"Dec 18, 2005",LAL vs. HOU,L,38,6,13,0.462,1,3,0.333,11,12,0.917,0,2,2,6,2,0,3,2,24,-5,0,Kobe Bryant,Regular Season,2005-06
22005,977,0020500332,"Dec 16, 2005",LAL vs. WAS,W,37,14,24,0.583,2,3,0.667,11,14,0.786,2,6,8,4,1,1,1,5,41,1,0,Kobe Bryant,Regular Season,2005-06
22005,977,0020500314,"Dec 14, 2005",LAL @ MEM,W,32,10,17,0.588,2,4,0.5,5,8,0.625,2,6,8,3,1,0,3,2,27,22,0,Kobe Bryant,Regular Season,2005-06
22005,977,0020500297,"Dec 12, 2005",LAL @ DAL,W,43,15,33,0.455,3,9,0.333,10,12,0.833,2,3,5,2,4,1,2,3,43,-1,0,Kobe Bryant,Regular Season,2005-06
22005,977,0020500286,"Dec 10, 2005",LAL @ MIN,L,41,11,20,0.55,3,6,0.5,10,12,0.833,0,4,4,3,0,1,7,1,35,-10,0,Kobe Bryant,Regular Season,2005-06
22005,977,0020500274,"Dec 09, 2005",LAL @ CHI,W,38,9,21,0.429,0,1,0.0,5,7,0.714,1,8,9,8,1,0,4,2,23,9,0,Kobe Bryant,Regular Season,2005-06
22005,977,0020500258,"Dec 07, 2005",LAL @ TOR,W,26,5,12,0.417,1,2,0.5,0,2,0.0,1,1,2,9,0,0,4,2,11,14,0,Kobe Bryant,Regular Season,2005-06
22005,977,0020500251,"Dec 06, 2005",LAL @ MIL,W,40,14,24,0.583,0,2,0.0,5,5,1.0,1,4,5,6,1,1,2,1,33,19,0,Kobe Bryant,Regular Season,2005-06
22005,977,0020500244,"Dec 04, 2005",LAL vs. CHA,W,40,9,30,0.3,0,4,0.0,11,12,0.917,2,4,6,4,1,0,2,3,29,11,0,Kobe Bryant,Regular Season,2005-06
22005,977,0020500228,"Dec 02, 2005",LAL vs. MIN,L,41,9,16,0.563,1,3,0.333,1,2,0.5,3,6,9,8,2,1,1,0,20,-3,0,Kobe Bryant,Regular Season,2005-06
22005,977,0020500218,"Dec 01, 2005",LAL @ UTA,W,45,11,31,0.355,2,6,0.333,6,9,0.667,2,5,7,3,2,0,2,6,30,1,0,Kobe Bryant,Regular Season,2005-06
22005,977,0020500203,"Nov 29, 2005",LAL @ SAS,L,42,9,33,0.273,0,6,0.0,7,8,0.875,1,3,4,0,4,1,3,0,25,-7,0,Kobe Bryant,Regular Season,2005-06
22005,977,0020500192,"Nov 27, 2005",LAL vs. NJN,L,50,14,36,0.389,4,12,0.333,14,16,0.875,0,3,3,3,2,0,5,5,46,-10,0,Kobe Bryant,Regular Season,2005-06
22005,977,0020500168,"Nov 24, 2005",LAL vs. SEA,W,39,12,26,0.462,4,5,0.8,6,8,0.75,1,1,2,5,0,0,2,4,34,15,0,Kobe Bryant,Regular Season,2005-06
22005,977,0020500145,"Nov 20, 2005",LAL vs. CHI,L,46,17,34,0.5,1,4,0.25,8,12,0.667,1,5,6,3,2,0,3,3,43,-5,0,Kobe Bryant,Regular Season,2005-06
22005,977,0020500130,"Nov 18, 2005",LAL vs. LAC,L,43,12,35,0.343,1,6,0.167,11,12,0.917,1,3,4,5,0,0,2,2,36,-3,0,Kobe Bryant,Regular Season,2005-06
22005,977,0020500114,"Nov 16, 2005",LAL vs. NYK,W,44,15,36,0.417,0,1,0.0,12,14,0.857,3,2,5,3,2,1,0,3,42,6,0,Kobe Bryant,Regular Season,2005-06
22005,977,0020500095,"Nov 14, 2005",LAL @ MEM,L,34,7,18,0.389,0,0,0.0,4,4,1.0,0,3,3,2,0,1,4,3,18,-27,0,Kobe Bryant,Regular Season,2005-06
22005,977,0020500077,"Nov 11, 2005",LAL @ PHI,L,41,7,27,0.259,0,2,0.0,3,4,0.75,3,6,9,7,1,0,3,4,17,-2,0,Kobe Bryant,Regular Season,2005-06
22005,977,0020500064,"Nov 09, 2005",LAL @ MIN,L,40,12,26,0.462,0,0,0.0,4,6,0.667,1,3,4,4,1,0,3,0,28,-11,0,Kobe Bryant,Regular Season,2005-06
22005,977,0020500051,"Nov 08, 2005",LAL @ ATL,W,38,15,26,0.577,0,0,0.0,7,11,0.636,1,2,3,5,1,1,1,5,37,12,0,Kobe Bryant,Regular Season,2005-06
22005,977,0020500045,"Nov 06, 2005",LAL vs. DEN,W,43,16,31,0.516,0,0,0.0,5,5,1.0,3,5,8,5,0,1,4,2,37,24,0,Kobe Bryant,Regular Season,2005-06
22005,977,0020500019,"Nov 03, 2005",LAL vs. PHX,L,41,13,26,0.5,0,2,0.0,13,14,0.929,2,5,7,5,0,0,3,3,39,4,0,Kobe Bryant,Regular Season,2005-06
22005,977,0020500016,"Nov 02, 2005",LAL @ DEN,W,44,13,28,0.464,0,1,0.0,7,7,1.0,0,5,5,4,1,2,6,4,33,6,0,Kobe Bryant,Regular Season,2005-06
42005,977,0040500157,"May 06, 2006",LAL @ PHX,L,43,8,16,0.5,4,8,0.5,4,5,0.8,0,4,4,1,0,1,3,4,24,-28,0,Kobe Bryant,Playoffs,2005-06
42005,977,0040500156,"May 04, 2006",LAL vs. PHX,L,52,20,35,0.571,5,8,0.625,5,6,0.833,1,7,8,5,3,0,7,4,50,-6,0,Kobe Bryant,Playoffs,2005-06
42005,977,0040500155,"May 02, 2006",LAL @ PHX,L,43,10,17,0.588,3,8,0.375,6,9,0.667,0,7,7,5,0,1,5,3,29,-19,0,Kobe Bryant,Playoffs,2005-06
42005,977,0040500154,"Apr 30, 2006",LAL vs. PHX,W,39,9,14,0.643,0,1,0.0,6,8,0.75,1,3,4,8,0,0,7,5,24,-1,0,Kobe Bryant,Playoffs,2005-06
42005,977,0040500153,"Apr 28, 2006",LAL vs. PHX,W,46,6,18,0.333,0,3,0.0,5,6,0.833,1,4,5,7,4,0,4,2,17,11,0,Kobe Bryant,Playoffs,2005-06
42005,977,0040500152,"Apr 26, 2006",LAL @ PHX,W,45,12,24,0.5,1,1,1.0,4,6,0.667,0,10,10,5,1,0,4,4,29,2,0,Kobe Bryant,Playoffs,2005-06
42005,977,0040500151,"Apr 23, 2006",LAL @ PHX,L,47,7,21,0.333,1,6,0.167,7,8,0.875,1,5,6,5,0,1,3,3,22,-7,0,Kobe Bryant,Playoffs,2005-06
22006,977,0020601227,"Apr 18, 2007",LAL @ SAC,W,34,12,19,0.632,0,2,0.0,10,12,0.833,1,6,7,6,1,0,1,4,34,8,0,Kobe Bryant,Regular Season,2006-07
22006,977,0020601202,"Apr 15, 2007",LAL vs. SEA,W,42,18,25,0.72,3,6,0.5,11,13,0.846,2,6,8,3,2,0,1,2,50,6,0,Kobe Bryant,Regular Season,2006-07
22006,977,0020601185,"Apr 13, 2007",LAL @ PHX,L,42,7,26,0.269,1,6,0.167,2,2,1.0,1,5,6,4,1,1,2,2,17,-19,0,Kobe Bryant,Regular Season,2006-07
22006,977,0020601174,"Apr 12, 2007",LAL vs. LAC,L,48,17,33,0.515,1,4,0.25,15,15,1.0,0,9,9,1,2,0,3,3,50,-8,0,Kobe Bryant,Regular Season,2006-07
22006,977,0020601154,"Apr 09, 2007",LAL @ DEN,L,46,9,30,0.3,1,5,0.2,4,5,0.8,0,5,5,10,1,0,4,1,23,0,0,Kobe Bryant,Regular Season,2006-07
22006,977,0020601144,"Apr 08, 2007",LAL vs. PHX,L,44,14,25,0.56,1,5,0.2,5,5,1.0,0,3,3,7,1,1,5,2,34,-10,0,Kobe Bryant,Regular Season,2006-07
22006,977,0020601133,"Apr 06, 2007",LAL @ SEA,W,41,13,27,0.481,1,4,0.25,19,24,0.792,1,4,5,6,3,1,1,2,46,-1,0,Kobe Bryant,Regular Season,2006-07
22006,977,0020601118,"Apr 04, 2007",LAL @ LAC,L,45,13,34,0.382,0,3,0.0,3,4,0.75,0,7,7,3,2,2,4,3,29,3,0,Kobe Bryant,Regular Season,2006-07
22006,977,0020601107,"Apr 03, 2007",LAL vs. DEN,L,45,14,31,0.452,0,5,0.0,11,11,1.0,0,3,3,4,0,3,3,3,39,-6,0,Kobe Bryant,Regular Season,2006-07
22006,977,0020601099,"Apr 01, 2007",LAL vs. SAC,W,38,6,14,0.429,1,2,0.5,6,6,1.0,0,2,2,13,3,1,4,1,19,13,0,Kobe Bryant,Regular Season,2006-07
22006,977,0020601081,"Mar 30, 2007",LAL vs. HOU,L,48,19,44,0.432,3,9,0.333,12,14,0.857,1,1,2,2,0,0,3,2,53,1,0,Kobe Bryant,Regular Season,2006-07
22006,977,0020601057,"Mar 27, 2007",LAL vs. MEM,L,44,7,26,0.269,3,7,0.429,6,9,0.667,3,2,5,5,3,0,1,0,23,-1,0,Kobe Bryant,Regular Season,2006-07
22006,977,0020601044,"Mar 25, 2007",LAL vs. GSW,W,46,15,33,0.455,4,11,0.364,9,11,0.818,4,5,9,0,1,1,7,2,43,7,0,Kobe Bryant,Regular Season,2006-07
22006,977,0020601027,"Mar 23, 2007",LAL @ NOK,W,47,16,29,0.552,2,5,0.4,16,16,1.0,1,6,7,1,0,1,1,2,50,12,0,Kobe Bryant,Regular Season,2006-07
22006,977,0020601016,"Mar 22, 2007",LAL @ MEM,W,45,20,37,0.541,3,7,0.429,17,18,0.944,2,3,5,4,0,0,2,4,60,2,0,Kobe Bryant,Regular Season,2006-07
22006,977,0020600994,"Mar 18, 2007",LAL vs. MIN,W,45,17,35,0.486,4,9,0.444,12,14,0.857,1,5,6,3,3,0,3,1,50,12,0,Kobe Bryant,Regular Season,2006-07
22006,977,0020600977,"Mar 16, 2007",LAL vs. POR,W,50,23,39,0.59,8,12,0.667,11,12,0.917,1,6,7,3,3,0,2,3,65,4,0,Kobe Bryant,Regular Season,2006-07
22006,977,0020600969,"Mar 15, 2007",LAL @ DEN,L,38,9,19,0.474,0,5,0.0,7,8,0.875,2,3,5,9,0,0,1,4,25,-22,0,Kobe Bryant,Regular Season,2006-07
22006,977,0020600941,"Mar 11, 2007",LAL vs. DAL,L,37,6,19,0.316,0,2,0.0,13,18,0.722,2,7,9,3,0,0,5,1,25,-12,0,Kobe Bryant,Regular Season,2006-07
22006,977,0020600919,"Mar 09, 2007",LAL @ PHI,L,44,12,27,0.444,3,7,0.429,3,3,1.0,0,4,4,4,1,0,3,4,30,-21,0,Kobe Bryant,Regular Season,2006-07
22006,977,0020600902,"Mar 06, 2007",LAL @ MIN,L,53,13,30,0.433,3,10,0.3,11,13,0.846,3,10,13,8,2,3,4,3,40,-1,0,Kobe Bryant,Regular Season,2006-07
22006,977,0020600890,"Mar 04, 2007",LAL @ PHX,L,45,11,28,0.393,1,5,0.2,8,10,0.8,1,3,4,6,1,1,3,1,31,-3,0,Kobe Bryant,Regular Season,2006-07
22006,977,0020600878,"Mar 02, 2007",LAL vs. SAC,L,41,10,22,0.455,1,5,0.2,9,9,1.0,0,4,4,10,0,0,1,3,30,-14,0,Kobe Bryant,Regular Season,2006-07
22006,977,0020600847,"Feb 26, 2007",LAL @ UTA,W,44,7,21,0.333,0,4,0.0,21,24,0.875,2,6,8,4,2,0,4,3,35,6,0,Kobe Bryant,Regular Season,2006-07
22006,977,0020600838,"Feb 25, 2007",LAL @ GSW,W,36,9,23,0.391,2,8,0.25,6,7,0.857,1,5,6,6,3,0,4,2,26,17,0,Kobe Bryant,Regular Season,2006-07
22006,977,0020600825,"Feb 23, 2007",LAL vs. BOS,W,31,13,23,0.565,5,7,0.714,7,9,0.778,0,2,2,9,5,0,3,1,38,16,0,Kobe Bryant,Regular Season,2006-07
22006,977,0020600809,"Feb 21, 2007",LAL vs. POR,L,40,8,22,0.364,0,3,0.0,9,11,0.818,3,5,8,6,2,1,1,3,25,10,0,Kobe Bryant,Regular Season,2006-07
22006,977,0020600789,"Feb 15, 2007",LAL vs. CLE,L,41,9,22,0.409,2,7,0.286,14,15,0.933,1,5,6,5,2,0,6,3,34,-3,0,Kobe Bryant,Regular Season,2006-07
22006,977,0020600774,"Feb 13, 2007",LAL vs. NYK,L,38,9,20,0.45,2,4,0.5,11,11,1.0,3,4,7,4,2,0,1,1,31,0,0,Kobe Bryant,Regular Season,2006-07
22006,977,0020600759,"Feb 11, 2007",LAL @ CLE,L,44,12,24,0.5,1,5,0.2,11,11,1.0,0,7,7,6,1,0,4,5,36,-4,0,Kobe Bryant,Regular Season,2006-07
22006,977,0020600738,"Feb 09, 2007",LAL @ TOR,L,43,10,23,0.435,1,4,0.25,4,4,1.0,1,8,9,5,3,1,3,1,25,9,0,Kobe Bryant,Regular Season,2006-07
22006,977,0020600735,"Feb 08, 2007",LAL @ DET,L,38,5,13,0.385,2,5,0.4,6,6,1.0,1,4,5,5,2,0,8,1,18,-25,0,Kobe Bryant,Regular Season,2006-07
22006,977,0020600714,"Feb 05, 2007",LAL @ ATL,W,41,10,18,0.556,2,5,0.4,5,6,0.833,1,5,6,4,3,0,3,3,27,4,0,Kobe Bryant,Regular Season,2006-07
22006,977,0020600699,"Feb 03, 2007",LAL @ WAS,W,44,14,26,0.538,2,5,0.4,9,10,0.9,2,4,6,6,2,0,4,3,39,14,0,Kobe Bryant,Regular Season,2006-07
22006,977,0020600691,"Feb 02, 2007",LAL @ IND,L,40,7,25,0.28,2,8,0.25,6,6,1.0,0,5,5,4,5,0,4,1,22,-1,0,Kobe Bryant,Regular Season,2006-07
22006,977,0020600678,"Jan 31, 2007",LAL @ BOS,W,41,13,25,0.52,7,9,0.778,10,13,0.769,1,7,8,8,0,2,2,2,43,20,0,Kobe Bryant,Regular Season,2006-07
22006,977,0020600657,"Jan 28, 2007",LAL vs. SAS,L,46,13,25,0.52,1,2,0.5,4,5,0.8,0,6,6,7,1,1,3,2,31,2,0,Kobe Bryant,Regular Season,2006-07
22006,977,0020600644,"Jan 26, 2007",LAL vs. CHA,L,50,10,24,0.417,2,5,0.4,10,12,0.833,2,4,6,5,0,0,9,3,32,-7,0,Kobe Bryant,Regular Season,2006-07
22006,977,0020600614,"Jan 22, 2007",LAL vs. GSW,W,39,11,22,0.5,4,7,0.571,16,19,0.842,1,7,8,1,2,1,5,1,42,7,0,Kobe Bryant,Regular Season,2006-07
22006,977,0020600598,"Jan 20, 2007",LAL @ NOK,L,38,7,22,0.318,3,7,0.429,6,8,0.75,2,4,6,7,2,1,1,2,23,-10,0,Kobe Bryant,Regular Season,2006-07
22006,977,0020600580,"Jan 18, 2007",LAL @ DAL,L,34,8,18,0.444,0,3,0.0,10,11,0.909,1,2,3,5,0,0,6,3,26,-17,0,Kobe Bryant,Regular Season,2006-07
22006,977,0020600576,"Jan 17, 2007",LAL @ SAS,W,36,12,19,0.632,0,2,0.0,10,11,0.909,0,6,6,8,1,0,7,2,34,10,0,Kobe Bryant,Regular Season,2006-07
22006,977,0020600564,"Jan 15, 2007",LAL vs. MIA,W,44,11,24,0.458,0,2,0.0,3,3,1.0,1,3,4,8,0,1,1,2,25,2,0,Kobe Bryant,Regular Season,2006-07
22006,977,0020600539,"Jan 12, 2007",LAL vs. ORL,W,39,9,15,0.6,0,2,0.0,10,11,0.909,2,6,8,7,1,0,2,3,28,4,0,Kobe Bryant,Regular Season,2006-07
22006,977,0020600523,"Jan 10, 2007",LAL @ HOU,L,34,6,18,0.333,0,3,0.0,8,9,0.889,1,5,6,1,1,0,2,2,20,-17,0,Kobe Bryant,Regular Season,2006-07
22006,977,0020600511,"Jan 09, 2007",LAL @ MEM,L,30,7,15,0.467,2,6,0.333,9,9,1.0,0,3,3,6,3,2,3,2,25,-16,0,Kobe Bryant,Regular Season,2006-07
22006,977,0020600504,"Jan 07, 2007",LAL vs. DAL,W,41,9,20,0.45,0,2,0.0,8,9,0.889,0,8,8,6,1,1,3,3,26,13,0,Kobe Bryant,Regular Season,2006-07
22006,977,0020600489,"Jan 05, 2007",LAL vs. DEN,W,27,2,9,0.222,1,4,0.25,3,4,0.75,1,4,5,10,0,0,3,3,8,19,0,Kobe Bryant,Regular Season,2006-07
22006,977,0020600478,"Jan 04, 2007",LAL @ SAC,W,48,11,21,0.524,3,5,0.6,17,20,0.85,3,7,10,9,0,0,4,5,42,6,0,Kobe Bryant,Regular Season,2006-07
22006,977,0020600456,"Dec 31, 2006",LAL vs. PHI,W,39,15,22,0.682,3,6,0.5,2,2,1.0,1,7,8,6,1,0,2,1,35,13,0,Kobe Bryant,Regular Season,2006-07
22006,977,0020600431,"Dec 29, 2006",LAL @ CHA,L,54,22,45,0.489,4,11,0.364,10,12,0.833,0,5,5,4,0,0,4,6,58,5,0,Kobe Bryant,Regular Season,2006-07
22006,977,0020600418,"Dec 27, 2006",LAL @ ORL,W,36,8,22,0.364,0,3,0.0,11,12,0.917,0,3,3,7,2,1,3,4,27,11,0,Kobe Bryant,Regular Season,2006-07
22006,977,0020600403,"Dec 25, 2006",LAL @ MIA,L,38,4,17,0.235,0,4,0.0,8,9,0.889,0,2,2,4,1,0,3,4,16,-19,0,Kobe Bryant,Regular Season,2006-07
22006,977,0020600381,"Dec 22, 2006",LAL @ NJN,W,40,4,13,0.308,2,5,0.4,11,12,0.917,0,6,6,11,0,0,3,4,21,2,0,Kobe Bryant,Regular Season,2006-07
22006,977,0020600372,"Dec 20, 2006",LAL @ MIN,W,30,10,17,0.588,0,1,0.0,4,6,0.667,0,3,3,6,2,1,2,2,24,-10,0,Kobe Bryant,Regular Season,2006-07
22006,977,0020600362,"Dec 19, 2006",LAL @ CHI,L,38,6,19,0.316,0,5,0.0,7,8,0.875,0,3,3,4,0,1,4,6,19,-6,0,Kobe Bryant,Regular Season,2006-07
22006,977,0020600355,"Dec 17, 2006",LAL vs. WAS,L,46,15,24,0.625,7,11,0.636,8,10,0.8,2,6,8,10,1,1,4,5,45,6,0,Kobe Bryant,Regular Season,2006-07
22006,977,0020600340,"Dec 15, 2006",LAL vs. HOU,W,54,17,38,0.447,5,8,0.625,14,16,0.875,0,10,10,8,2,1,5,1,53,20,0,Kobe Bryant,Regular Season,2006-07
22006,977,0020600324,"Dec 13, 2006",LAL @ DAL,L,43,9,18,0.5,1,6,0.167,14,17,0.824,2,5,7,4,2,1,4,3,33,-4,0,Kobe Bryant,Regular Season,2006-07
22006,977,0020600311,"Dec 12, 2006",LAL @ HOU,W,42,8,26,0.308,2,8,0.25,5,6,0.833,0,8,8,7,1,0,4,3,23,18,0,Kobe Bryant,Regular Season,2006-07
22006,977,0020600299,"Dec 10, 2006",LAL vs. SAS,W,40,13,25,0.52,4,5,0.8,4,4,1.0,2,6,8,1,3,0,4,2,34,2,0,Kobe Bryant,Regular Season,2006-07
22006,977,0020600270,"Dec 06, 2006",LAL vs. NOK,L,36,10,17,0.588,2,6,0.333,2,2,1.0,0,2,2,4,2,0,1,3,24,-8,0,Kobe Bryant,Regular Season,2006-07
22006,977,0020600254,"Dec 04, 2006",LAL vs. IND,W,21,7,16,0.438,3,8,0.375,4,4,1.0,2,1,3,2,3,1,2,1,21,22,0,Kobe Bryant,Regular Season,2006-07
22006,977,0020600242,"Dec 02, 2006",LAL @ LAC,W,40,11,23,0.478,0,4,0.0,7,8,0.875,1,4,5,3,1,0,7,3,29,2,0,Kobe Bryant,Regular Season,2006-07
22006,977,0020600223,"Nov 30, 2006",LAL vs. UTA,W,34,19,26,0.731,2,3,0.667,12,15,0.8,0,4,4,3,0,1,1,5,52,22,0,Kobe Bryant,Regular Season,2006-07
22006,977,0020600212,"Nov 28, 2006",LAL vs. MIL,L,41,7,23,0.304,6,14,0.429,7,7,1.0,1,1,2,4,1,1,1,5,27,10,0,Kobe Bryant,Regular Season,2006-07
22006,977,0020600199,"Nov 26, 2006",LAL vs. NJN,W,42,8,24,0.333,1,4,0.25,2,4,0.5,2,4,6,10,0,0,2,3,19,3,0,Kobe Bryant,Regular Season,2006-07
22006,977,0020600181,"Nov 24, 2006",LAL @ UTA,L,41,9,18,0.5,2,6,0.333,7,10,0.7,0,5,5,2,1,1,0,1,27,-12,0,Kobe Bryant,Regular Season,2006-07
22006,977,0020600157,"Nov 21, 2006",LAL vs. LAC,W,38,12,23,0.522,1,1,1.0,15,18,0.833,2,3,5,5,3,0,1,4,40,13,0,Kobe Bryant,Regular Season,2006-07
22006,977,0020600142,"Nov 19, 2006",LAL vs. CHI,W,40,5,14,0.357,1,1,1.0,7,8,0.875,0,4,4,4,2,0,4,3,18,3,0,Kobe Bryant,Regular Season,2006-07
22006,977,0020600127,"Nov 17, 2006",LAL vs. TOR,W,40,10,19,0.526,0,2,0.0,11,12,0.917,1,10,11,7,0,0,6,2,31,4,0,Kobe Bryant,Regular Season,2006-07
22006,977,0020600096,"Nov 12, 2006",LAL vs. MEM,W,38,7,17,0.412,1,3,0.333,6,7,0.857,1,5,6,6,0,0,5,2,21,9,0,Kobe Bryant,Regular Season,2006-07
22006,977,0020600081,"Nov 10, 2006",LAL vs. DET,L,36,5,11,0.455,1,4,0.25,8,9,0.889,0,3,3,2,4,0,3,2,19,-21,0,Kobe Bryant,Regular Season,2006-07
22006,977,0020600066,"Nov 08, 2006",LAL @ POR,L,36,12,19,0.632,1,5,0.2,7,9,0.778,1,2,3,1,1,0,6,4,32,-12,0,Kobe Bryant,Regular Season,2006-07
22006,977,0020600057,"Nov 07, 2006",LAL vs. MIN,W,36,5,7,0.714,0,0,0.0,7,7,1.0,1,3,4,6,2,0,5,3,17,9,0,Kobe Bryant,Regular Season,2006-07
22006,977,0020600044,"Nov 05, 2006",LAL @ SEA,L,39,4,10,0.4,0,4,0.0,7,8,0.875,0,4,4,9,1,0,3,5,15,-2,0,Kobe Bryant,Regular Season,2006-07
22006,977,0020600029,"Nov 03, 2006",LAL vs. SEA,W,40,8,15,0.533,0,0,0.0,7,10,0.7,0,4,4,6,1,0,6,3,23,13,0,Kobe Bryant,Regular Season,2006-07
42006,977,0040600155,"May 02, 2007",LAL @ PHX,L,46,13,33,0.394,2,8,0.25,6,7,0.857,0,4,4,1,1,0,6,2,34,-1,0,Kobe Bryant,Playoffs,2006-07
42006,977,0040600154,"Apr 29, 2007",LAL vs. PHX,L,46,12,25,0.48,1,5,0.2,6,6,1.0,0,7,7,9,2,1,6,2,31,-9,0,Kobe Bryant,Playoffs,2006-07
42006,977,0040600153,"Apr 26, 2007",LAL vs. PHX,W,45,15,26,0.577,2,3,0.667,13,13,1.0,0,6,6,6,1,1,5,3,45,1,0,Kobe Bryant,Playoffs,2006-07
42006,977,0040600152,"Apr 24, 2007",LAL @ PHX,L,34,5,13,0.385,1,4,0.25,4,4,1.0,1,3,4,5,1,0,3,0,15,-23,0,Kobe Bryant,Playoffs,2006-07
42006,977,0040600151,"Apr 22, 2007",LAL @ PHX,L,43,15,33,0.455,4,8,0.5,5,7,0.714,0,5,5,1,0,0,2,3,39,-13,0,Kobe Bryant,Playoffs,2006-07
22007,977,0020701216,"Apr 15, 2008",LAL vs. SAC,W,29,3,13,0.231,1,5,0.2,13,14,0.929,1,2,3,5,1,0,2,3,20,21,0,Kobe Bryant,Regular Season,2007-08
22007,977,0020701198,"Apr 13, 2008",LAL vs. SAS,W,32,6,14,0.429,3,6,0.5,5,6,0.833,1,4,5,5,2,1,4,3,20,14,0,Kobe Bryant,Regular Season,2007-08
22007,977,0020701187,"Apr 11, 2008",LAL vs. NOH,W,43,9,17,0.529,3,7,0.429,8,10,0.8,1,9,10,8,2,0,1,3,29,0,0,Kobe Bryant,Regular Season,2007-08
22007,977,0020701175,"Apr 10, 2008",LAL @ LAC,W,35,6,17,0.353,1,5,0.2,3,5,0.6,1,2,3,3,1,2,2,1,16,13,0,Kobe Bryant,Regular Season,2007-08
22007,977,0020701161,"Apr 08, 2008",LAL @ POR,L,45,11,26,0.423,2,7,0.286,10,13,0.769,1,4,5,5,1,1,2,5,34,-13,0,Kobe Bryant,Regular Season,2007-08
22007,977,0020701150,"Apr 06, 2008",LAL @ SAC,W,36,9,15,0.6,4,7,0.571,7,8,0.875,2,3,5,5,2,0,4,3,29,18,0,Kobe Bryant,Regular Season,2007-08
22007,977,0020701135,"Apr 04, 2008",LAL vs. DAL,W,42,7,14,0.5,3,4,0.75,8,9,0.889,4,6,10,6,0,0,0,4,25,5,0,Kobe Bryant,Regular Season,2007-08
22007,977,0020701122,"Apr 02, 2008",LAL vs. POR,W,41,10,16,0.625,4,5,0.8,12,13,0.923,2,11,13,7,3,0,1,3,36,25,0,Kobe Bryant,Regular Season,2007-08
22007,977,0020701098,"Mar 30, 2008",LAL vs. WAS,W,47,7,24,0.292,0,3,0.0,12,15,0.8,0,4,4,13,1,1,1,3,26,4,0,Kobe Bryant,Regular Season,2007-08
22007,977,0020701082,"Mar 28, 2008",LAL vs. MEM,L,42,19,37,0.514,9,17,0.529,6,7,0.857,2,8,10,1,3,0,1,4,53,1,0,Kobe Bryant,Regular Season,2007-08
22007,977,0020701069,"Mar 26, 2008",LAL vs. CHA,L,39,8,22,0.364,2,6,0.333,9,12,0.75,1,5,6,3,0,1,3,4,27,-18,0,Kobe Bryant,Regular Season,2007-08
22007,977,0020701051,"Mar 24, 2008",LAL @ GSW,W,52,11,30,0.367,1,5,0.2,7,7,1.0,2,9,11,7,1,0,3,4,30,2,0,Kobe Bryant,Regular Season,2007-08
22007,977,0020701043,"Mar 23, 2008",LAL vs. GSW,L,46,13,30,0.433,3,9,0.333,7,7,1.0,2,12,14,8,1,0,3,4,36,-6,0,Kobe Bryant,Regular Season,2007-08
22007,977,0020701027,"Mar 21, 2008",LAL vs. SEA,W,30,8,15,0.533,0,3,0.0,7,8,0.875,1,1,2,5,0,0,1,2,23,16,0,Kobe Bryant,Regular Season,2007-08
22007,977,0020701018,"Mar 20, 2008",LAL @ UTA,W,41,11,24,0.458,0,2,0.0,5,9,0.556,2,6,8,7,1,0,3,3,27,7,0,Kobe Bryant,Regular Season,2007-08
22007,977,0020701003,"Mar 18, 2008",LAL @ DAL,W,44,12,23,0.522,2,4,0.5,3,6,0.5,0,2,2,7,3,0,2,4,29,7,0,Kobe Bryant,Regular Season,2007-08
22007,977,0020700988,"Mar 16, 2008",LAL @ HOU,L,47,11,33,0.333,0,4,0.0,2,4,0.5,0,7,7,2,0,0,3,3,24,-13,0,Kobe Bryant,Regular Season,2007-08
22007,977,0020700970,"Mar 14, 2008",LAL @ NOH,L,38,10,23,0.435,4,7,0.571,12,13,0.923,1,8,9,3,1,0,3,6,36,-10,0,Kobe Bryant,Regular Season,2007-08
22007,977,0020700951,"Mar 11, 2008",LAL vs. TOR,W,47,12,20,0.6,4,8,0.5,6,6,1.0,1,6,7,7,4,1,4,3,34,9,0,Kobe Bryant,Regular Season,2007-08
22007,977,0020700938,"Mar 09, 2008",LAL vs. SAC,L,42,7,18,0.389,0,3,0.0,12,15,0.8,0,3,3,5,3,0,3,2,26,1,0,Kobe Bryant,Regular Season,2007-08
22007,977,0020700923,"Mar 07, 2008",LAL vs. LAC,W,31,5,9,0.556,2,3,0.667,4,4,1.0,1,5,6,3,2,0,2,2,16,27,0,Kobe Bryant,Regular Season,2007-08
22007,977,0020700895,"Mar 04, 2008",LAL @ SAC,W,43,10,26,0.385,0,3,0.0,14,16,0.875,2,8,10,3,2,0,4,3,34,11,0,Kobe Bryant,Regular Season,2007-08
22007,977,0020700876,"Mar 02, 2008",LAL vs. DAL,W,51,15,27,0.556,2,3,0.667,20,27,0.741,1,10,11,4,1,2,5,2,52,4,0,Kobe Bryant,Regular Season,2007-08
22007,977,0020700868,"Feb 29, 2008",LAL @ POR,L,43,12,24,0.5,2,8,0.25,7,8,0.875,3,4,7,5,1,0,6,4,33,-6,0,Kobe Bryant,Regular Season,2007-08
22007,977,0020700857,"Feb 28, 2008",LAL vs. MIA,W,41,7,14,0.5,0,2,0.0,7,7,1.0,0,1,1,8,4,2,3,5,21,14,0,Kobe Bryant,Regular Season,2007-08
22007,977,0020700843,"Feb 26, 2008",LAL vs. POR,W,45,11,25,0.44,1,4,0.25,7,8,0.875,1,8,9,7,2,0,3,5,30,11,0,Kobe Bryant,Regular Season,2007-08
22007,977,0020700830,"Feb 24, 2008",LAL @ SEA,W,26,8,13,0.615,3,5,0.6,2,3,0.667,0,4,4,10,3,0,1,1,21,24,0,Kobe Bryant,Regular Season,2007-08
22007,977,0020700822,"Feb 23, 2008",LAL @ LAC,W,42,5,11,0.455,0,3,0.0,7,9,0.778,1,4,5,7,2,0,5,5,17,25,0,Kobe Bryant,Regular Season,2007-08
22007,977,0020700796,"Feb 20, 2008",LAL @ PHX,W,46,16,25,0.64,1,2,0.5,8,10,0.8,1,4,5,3,2,2,5,3,41,6,0,Kobe Bryant,Regular Season,2007-08
22007,977,0020700789,"Feb 19, 2008",LAL vs. ATL,W,30,8,16,0.5,1,4,0.25,6,6,1.0,3,2,5,3,5,0,1,2,23,24,0,Kobe Bryant,Regular Season,2007-08
22007,977,0020700772,"Feb 13, 2008",LAL @ MIN,W,35,7,18,0.389,2,7,0.286,13,13,1.0,1,4,5,5,1,1,1,1,29,32,0,Kobe Bryant,Regular Season,2007-08
22007,977,0020700753,"Feb 11, 2008",LAL @ CHA,W,41,9,17,0.529,4,7,0.571,9,9,1.0,0,2,2,4,4,2,4,3,31,6,0,Kobe Bryant,Regular Season,2007-08
22007,977,0020700745,"Feb 10, 2008",LAL @ MIA,W,42,10,15,0.667,2,5,0.4,11,11,1.0,0,3,3,5,2,0,4,4,33,7,0,Kobe Bryant,Regular Season,2007-08
22007,977,0020700728,"Feb 08, 2008",LAL @ ORL,W,46,11,26,0.423,0,2,0.0,14,16,0.875,1,9,10,6,0,1,4,3,36,6,0,Kobe Bryant,Regular Season,2007-08
22007,977,0020700713,"Feb 06, 2008",LAL @ ATL,L,37,4,16,0.25,0,2,0.0,3,5,0.6,0,1,1,10,1,0,1,2,11,-7,0,Kobe Bryant,Regular Season,2007-08
22007,977,0020700710,"Feb 05, 2008",LAL @ NJN,W,40,3,13,0.231,0,2,0.0,0,0,0.0,1,4,5,8,2,2,7,3,6,20,0,Kobe Bryant,Regular Season,2007-08
22007,977,0020700696,"Feb 03, 2008",LAL @ WAS,W,35,10,15,0.667,2,5,0.4,8,11,0.727,1,5,6,2,1,0,3,2,30,22,0,Kobe Bryant,Regular Season,2007-08
22007,977,0020700679,"Feb 01, 2008",LAL @ TOR,W,44,19,28,0.679,4,8,0.5,4,4,1.0,0,7,7,5,1,0,1,2,46,19,0,Kobe Bryant,Regular Season,2007-08
22007,977,0020700675,"Jan 31, 2008",LAL @ DET,L,47,12,25,0.48,2,4,0.5,13,15,0.867,3,7,10,5,2,1,11,2,39,3,0,Kobe Bryant,Regular Season,2007-08
22007,977,0020700664,"Jan 29, 2008",LAL vs. NYK,W,44,10,21,0.476,1,4,0.25,3,6,0.5,2,6,8,11,0,1,4,3,24,7,0,Kobe Bryant,Regular Season,2007-08
22007,977,0020700643,"Jan 27, 2008",LAL vs. CLE,L,43,10,21,0.476,0,1,0.0,13,18,0.722,2,10,12,6,0,1,3,3,33,8,0,Kobe Bryant,Regular Season,2007-08
22007,977,0020700633,"Jan 25, 2008",LAL @ DAL,L,45,11,19,0.579,1,3,0.333,17,21,0.81,0,10,10,5,1,1,3,4,40,-6,0,Kobe Bryant,Regular Season,2007-08
22007,977,0020700618,"Jan 23, 2008",LAL @ SAS,L,45,12,27,0.444,1,2,0.5,4,4,1.0,6,6,12,5,0,0,9,2,29,-12,0,Kobe Bryant,Regular Season,2007-08
22007,977,0020700607,"Jan 21, 2008",LAL vs. DEN,W,39,5,7,0.714,1,2,0.5,6,8,0.75,1,4,5,11,2,0,6,4,17,21,0,Kobe Bryant,Regular Season,2007-08
22007,977,0020700572,"Jan 17, 2008",LAL vs. PHX,L,39,10,22,0.455,4,10,0.4,6,8,0.75,2,5,7,4,2,0,2,2,30,-8,0,Kobe Bryant,Regular Season,2007-08
22007,977,0020700553,"Jan 14, 2008",LAL @ SEA,W,42,21,44,0.477,2,8,0.25,4,7,0.571,0,2,2,2,1,0,1,1,48,-3,0,Kobe Bryant,Regular Season,2007-08
22007,977,0020700546,"Jan 13, 2008",LAL vs. MEM,W,36,10,25,0.4,3,10,0.3,14,15,0.933,2,1,3,4,4,0,1,1,37,2,0,Kobe Bryant,Regular Season,2007-08
22007,977,0020700531,"Jan 11, 2008",LAL vs. MIL,W,37,12,25,0.48,5,9,0.556,8,8,1.0,2,3,5,7,2,0,1,4,37,19,0,Kobe Bryant,Regular Season,2007-08
22007,977,0020700515,"Jan 09, 2008",LAL @ NOH,W,33,8,16,0.5,2,4,0.5,1,2,0.5,0,7,7,7,3,0,1,0,19,16,0,Kobe Bryant,Regular Season,2007-08
22007,977,0020700504,"Jan 08, 2008",LAL @ MEM,W,40,8,22,0.364,1,4,0.25,8,11,0.727,1,2,3,6,5,0,3,4,25,13,0,Kobe Bryant,Regular Season,2007-08
22007,977,0020700497,"Jan 06, 2008",LAL vs. IND,W,36,8,21,0.381,2,3,0.667,8,8,1.0,0,2,2,6,3,0,4,3,26,32,0,Kobe Bryant,Regular Season,2007-08
22007,977,0020700482,"Jan 04, 2008",LAL vs. PHI,W,29,5,9,0.556,0,1,0.0,5,5,1.0,1,5,6,4,0,0,3,2,15,20,0,Kobe Bryant,Regular Season,2007-08
22007,977,0020700448,"Dec 30, 2007",LAL vs. BOS,L,37,6,25,0.24,0,6,0.0,10,11,0.909,2,4,6,3,0,1,3,5,22,-10,0,Kobe Bryant,Regular Season,2007-08
22007,977,0020700432,"Dec 28, 2007",LAL vs. UTA,W,29,11,18,0.611,6,9,0.667,3,4,0.75,0,4,4,7,4,0,5,3,31,20,0,Kobe Bryant,Regular Season,2007-08
22007,977,0020700406,"Dec 25, 2007",LAL vs. PHX,W,41,12,20,0.6,1,3,0.333,13,14,0.929,2,3,5,7,2,0,8,4,38,9,0,Kobe Bryant,Regular Season,2007-08
22007,977,0020700400,"Dec 23, 2007",LAL @ NYK,W,41,14,28,0.5,5,12,0.417,6,7,0.857,2,9,11,8,2,0,2,2,39,19,0,Kobe Bryant,Regular Season,2007-08
22007,977,0020700382,"Dec 21, 2007",LAL @ PHI,W,39,6,20,0.3,2,5,0.4,5,5,1.0,2,5,7,3,2,1,4,2,19,6,0,Kobe Bryant,Regular Season,2007-08
22007,977,0020700379,"Dec 20, 2007",LAL @ CLE,L,40,8,22,0.364,0,3,0.0,5,8,0.625,1,4,5,5,1,0,2,2,21,8,0,Kobe Bryant,Regular Season,2007-08
22007,977,0020700363,"Dec 18, 2007",LAL @ CHI,W,36,7,19,0.368,0,3,0.0,4,4,1.0,1,5,6,2,3,1,2,2,18,13,0,Kobe Bryant,Regular Season,2007-08
22007,977,0020700353,"Dec 16, 2007",LAL vs. LAC,W,36,11,22,0.5,2,6,0.333,8,9,0.889,2,6,8,3,1,1,4,2,32,31,0,Kobe Bryant,Regular Season,2007-08
22007,977,0020700338,"Dec 14, 2007",LAL @ GSW,L,37,6,23,0.261,0,6,0.0,9,11,0.818,1,5,6,5,2,1,5,2,21,1,0,Kobe Bryant,Regular Season,2007-08
22007,977,0020700326,"Dec 13, 2007",LAL vs. SAS,W,38,10,24,0.417,1,4,0.25,9,10,0.9,1,6,7,3,4,0,1,1,30,-7,0,Kobe Bryant,Regular Season,2007-08
22007,977,0020700300,"Dec 09, 2007",LAL vs. GSW,W,38,9,23,0.391,2,6,0.333,8,10,0.8,0,6,6,8,3,1,3,2,28,22,0,Kobe Bryant,Regular Season,2007-08
22007,977,0020700270,"Dec 05, 2007",LAL @ DEN,W,31,10,19,0.526,0,3,0.0,5,6,0.833,1,7,8,5,2,1,1,4,25,9,0,Kobe Bryant,Regular Season,2007-08
22007,977,0020700259,"Dec 04, 2007",LAL @ MIN,W,29,6,12,0.5,2,5,0.4,6,9,0.667,1,2,3,5,4,0,4,2,20,16,0,Kobe Bryant,Regular Season,2007-08
22007,977,0020700249,"Dec 02, 2007",LAL vs. ORL,L,42,10,26,0.385,4,9,0.444,4,4,1.0,2,4,6,5,2,0,4,0,28,-9,0,Kobe Bryant,Regular Season,2007-08
22007,977,0020700231,"Nov 30, 2007",LAL @ UTA,L,35,10,19,0.526,3,5,0.6,5,6,0.833,1,3,4,3,0,0,2,4,28,-20,0,Kobe Bryant,Regular Season,2007-08
22007,977,0020700222,"Nov 29, 2007",LAL vs. DEN,W,30,10,18,0.556,0,3,0.0,4,5,0.8,3,3,6,7,1,0,2,1,24,7,0,Kobe Bryant,Regular Season,2007-08
22007,977,0020700210,"Nov 27, 2007",LAL vs. SEA,W,35,12,22,0.545,1,3,0.333,10,12,0.833,2,6,8,6,0,0,3,2,35,16,0,Kobe Bryant,Regular Season,2007-08
22007,977,0020700196,"Nov 25, 2007",LAL vs. NJN,L,41,7,21,0.333,2,5,0.4,15,16,0.938,0,3,3,7,4,0,2,3,31,9,0,Kobe Bryant,Regular Season,2007-08
22007,977,0020700172,"Nov 23, 2007",LAL @ BOS,L,37,9,21,0.429,3,7,0.429,7,9,0.778,0,4,4,3,0,0,2,4,28,-14,0,Kobe Bryant,Regular Season,2007-08
22007,977,0020700162,"Nov 21, 2007",LAL @ MIL,L,43,7,18,0.389,2,8,0.25,11,11,1.0,0,3,3,4,1,0,1,3,27,-8,0,Kobe Bryant,Regular Season,2007-08
22007,977,0020700152,"Nov 20, 2007",LAL @ IND,W,31,8,16,0.5,5,9,0.556,11,11,1.0,0,6,6,4,1,0,2,3,32,17,0,Kobe Bryant,Regular Season,2007-08
22007,977,0020700144,"Nov 18, 2007",LAL vs. CHI,W,32,6,16,0.375,0,2,0.0,6,7,0.857,0,5,5,3,3,0,4,1,18,12,0,Kobe Bryant,Regular Season,2007-08
22007,977,0020700129,"Nov 16, 2007",LAL vs. DET,W,37,6,18,0.333,2,4,0.5,5,5,1.0,0,4,4,7,1,0,2,2,19,0,0,Kobe Bryant,Regular Season,2007-08
22007,977,0020700113,"Nov 14, 2007",LAL @ HOU,W,38,11,23,0.478,2,5,0.4,6,6,1.0,1,7,8,5,1,1,4,2,30,-4,0,Kobe Bryant,Regular Season,2007-08
22007,977,0020700101,"Nov 13, 2007",LAL @ SAS,L,38,9,19,0.474,0,5,0.0,0,0,0.0,0,9,9,5,2,3,3,1,18,-23,0,Kobe Bryant,Regular Season,2007-08
22007,977,0020700076,"Nov 09, 2007",LAL vs. MIN,W,40,9,19,0.474,3,8,0.375,9,10,0.9,1,6,7,7,4,0,5,1,30,9,0,Kobe Bryant,Regular Season,2007-08
22007,977,0020700052,"Nov 06, 2007",LAL vs. NOH,L,37,11,20,0.55,2,6,0.333,4,4,1.0,1,5,6,7,0,3,4,5,28,-17,0,Kobe Bryant,Regular Season,2007-08
22007,977,0020700042,"Nov 04, 2007",LAL vs. UTA,W,43,13,19,0.684,1,2,0.5,6,8,0.75,0,6,6,3,3,2,5,4,33,13,0,Kobe Bryant,Regular Season,2007-08
22007,977,0020700026,"Nov 02, 2007",LAL @ PHX,W,28,6,15,0.4,1,3,0.333,3,3,1.0,3,8,11,4,3,0,5,0,16,27,0,Kobe Bryant,Regular Season,2007-08
22007,977,0020700002,"Oct 30, 2007",LAL vs. HOU,L,43,13,32,0.406,1,3,0.333,18,27,0.667,0,8,8,4,4,1,5,4,45,3,0,Kobe Bryant,Regular Season,2007-08
42007,977,0040700406,"Jun 17, 2008",LAL @ BOS,L,43,7,22,0.318,3,9,0.333,5,5,1.0,1,2,3,1,1,0,4,1,22,-35,0,Kobe Bryant,Playoffs,2007-08
42007,977,0040700405,"Jun 15, 2008",LAL vs. BOS,W,44,8,21,0.381,4,9,0.444,5,7,0.714,3,4,7,4,5,0,6,4,25,8,0,Kobe Bryant,Playoffs,2007-08
42007,977,0040700404,"Jun 12, 2008",LAL vs. BOS,L,43,6,19,0.316,0,2,0.0,5,6,0.833,0,4,4,10,4,0,2,4,17,-9,0,Kobe Bryant,Playoffs,2007-08
42007,977,0040700403,"Jun 10, 2008",LAL vs. BOS,W,45,12,20,0.6,1,2,0.5,11,18,0.611,3,4,7,1,2,0,3,4,36,2,0,Kobe Bryant,Playoffs,2007-08
42007,977,0040700402,"Jun 08, 2008",LAL @ BOS,L,40,11,23,0.478,1,3,0.333,7,7,1.0,1,3,4,8,3,0,4,3,30,8,0,Kobe Bryant,Playoffs,2007-08
42007,977,0040700401,"Jun 05, 2008",LAL @ BOS,L,42,9,26,0.346,0,3,0.0,6,6,1.0,0,3,3,6,1,1,4,3,24,-13,0,Kobe Bryant,Playoffs,2007-08
42007,977,0040700315,"May 29, 2008",LAL vs. SAS,W,43,16,30,0.533,2,6,0.333,5,5,1.0,0,3,3,3,2,0,2,2,39,6,0,Kobe Bryant,Playoffs,2007-08
42007,977,0040700314,"May 27, 2008",LAL @ SAS,W,41,14,29,0.483,0,1,0.0,0,0,0.0,2,8,10,1,1,0,2,1,28,5,0,Kobe Bryant,Playoffs,2007-08
42007,977,0040700313,"May 25, 2008",LAL @ SAS,L,38,13,23,0.565,4,9,0.444,0,1,0.0,1,4,5,1,3,0,4,3,30,-10,0,Kobe Bryant,Playoffs,2007-08
42007,977,0040700312,"May 23, 2008",LAL vs. SAS,W,36,10,17,0.588,1,5,0.2,1,1,1.0,0,5,5,5,1,0,3,0,22,24,0,Kobe Bryant,Playoffs,2007-08
42007,977,0040700311,"May 21, 2008",LAL vs. SAS,W,44,11,21,0.524,1,3,0.333,4,4,1.0,0,5,5,9,1,0,1,1,27,2,0,Kobe Bryant,Playoffs,2007-08
42007,977,0040700226,"May 16, 2008",LAL @ UTA,W,40,9,19,0.474,1,2,0.5,15,17,0.882,0,8,8,6,0,0,5,4,34,7,0,Kobe Bryant,Playoffs,2007-08
42007,977,0040700225,"May 14, 2008",LAL vs. UTA,W,41,6,10,0.6,1,2,0.5,13,17,0.765,0,6,6,7,2,0,4,3,26,1,0,Kobe Bryant,Playoffs,2007-08
42007,977,0040700224,"May 11, 2008",LAL @ UTA,L,47,13,33,0.394,1,10,0.1,6,10,0.6,2,6,8,10,1,0,3,1,33,-7,0,Kobe Bryant,Playoffs,2007-08
42007,977,0040700223,"May 09, 2008",LAL @ UTA,L,42,10,20,0.5,0,6,0.0,14,17,0.824,2,4,6,7,0,1,4,4,34,3,0,Kobe Bryant,Playoffs,2007-08
42007,977,0040700222,"May 07, 2008",LAL vs. UTA,W,38,11,18,0.611,1,2,0.5,11,12,0.917,0,8,8,6,1,0,5,4,34,18,0,Kobe Bryant,Playoffs,2007-08
42007,977,0040700221,"May 04, 2008",LAL vs. UTA,W,40,8,16,0.5,1,2,0.5,21,23,0.913,0,6,6,7,1,0,3,3,38,7,0,Kobe Bryant,Playoffs,2007-08
42007,977,0040700144,"Apr 28, 2008",LAL @ DEN,W,41,12,24,0.5,3,8,0.375,4,10,0.4,1,6,7,6,3,2,6,3,31,10,0,Kobe Bryant,Playoffs,2007-08
42007,977,0040700143,"Apr 26, 2008",LAL @ DEN,W,36,9,19,0.474,1,8,0.125,3,5,0.6,1,6,7,8,1,1,2,2,22,21,0,Kobe Bryant,Playoffs,2007-08
42007,977,0040700142,"Apr 23, 2008",LAL vs. DEN,W,42,18,27,0.667,5,9,0.556,8,9,0.889,1,3,4,10,1,1,2,4,49,13,0,Kobe Bryant,Playoffs,2007-08
42007,977,0040700141,"Apr 20, 2008",LAL vs. DEN,W,37,9,26,0.346,1,5,0.2,13,14,0.929,0,3,3,1,1,2,1,5,32,3,0,Kobe Bryant,Playoffs,2007-08
22008,977,0020801216,"Apr 14, 2009",LAL vs. UTA,W,26,5,11,0.455,1,2,0.5,5,7,0.714,1,0,1,5,2,0,1,3,16,10,0,Kobe Bryant,Regular Season,2008-09
22008,977,0020801201,"Apr 12, 2009",LAL vs. MEM,W,29,7,9,0.778,0,2,0.0,2,2,1.0,2,5,7,4,2,1,1,2,16,7,0,Kobe Bryant,Regular Season,2008-09
22008,977,0020801186,"Apr 10, 2009",LAL @ POR,L,36,9,24,0.375,3,6,0.5,11,12,0.917,0,5,5,2,0,0,3,5,32,-7,0,Kobe Bryant,Regular Season,2008-09
22008,977,0020801175,"Apr 09, 2009",LAL vs. DEN,W,35,11,19,0.579,2,5,0.4,9,10,0.9,1,2,3,2,1,0,2,0,33,15,0,Kobe Bryant,Regular Season,2008-09
22008,977,0020801160,"Apr 07, 2009",LAL @ SAC,W,31,8,16,0.5,1,5,0.2,5,8,0.625,0,5,5,4,2,0,0,2,22,6,0,Kobe Bryant,Regular Season,2008-09
22008,977,0020801152,"Apr 05, 2009",LAL vs. LAC,W,34,5,15,0.333,3,6,0.5,5,8,0.625,1,3,4,5,1,1,2,3,18,0,0,Kobe Bryant,Regular Season,2008-09
22008,977,0020801134,"Apr 03, 2009",LAL vs. HOU,W,39,7,11,0.636,4,6,0.667,2,2,1.0,0,1,1,7,2,0,3,0,20,16,0,Kobe Bryant,Regular Season,2008-09
22008,977,0020801117,"Apr 01, 2009",LAL @ MIL,W,39,10,19,0.526,1,2,0.5,9,9,1.0,1,7,8,4,3,0,4,1,30,14,0,Kobe Bryant,Regular Season,2008-09
22008,977,0020801104,"Mar 31, 2009",LAL @ CHA,L,36,11,28,0.393,2,5,0.4,1,3,0.333,0,2,2,2,3,0,1,3,25,-10,0,Kobe Bryant,Regular Season,2008-09
22008,977,0020801092,"Mar 29, 2009",LAL @ ATL,L,37,7,19,0.368,1,6,0.167,2,4,0.5,2,6,8,4,1,0,4,3,17,-2,0,Kobe Bryant,Regular Season,2008-09
22008,977,0020801078,"Mar 27, 2009",LAL @ NJN,W,41,5,19,0.263,3,6,0.5,1,1,1.0,1,0,1,9,3,1,3,3,14,20,0,Kobe Bryant,Regular Season,2008-09
22008,977,0020801070,"Mar 26, 2009",LAL @ DET,W,38,10,18,0.556,1,3,0.333,9,10,0.9,2,6,8,7,2,0,1,3,30,27,0,Kobe Bryant,Regular Season,2008-09
22008,977,0020801056,"Mar 24, 2009",LAL @ OKC,W,29,6,18,0.333,1,4,0.25,6,6,1.0,0,3,3,5,4,2,0,3,19,22,0,Kobe Bryant,Regular Season,2008-09
22008,977,0020801038,"Mar 21, 2009",LAL @ CHI,W,37,10,25,0.4,2,6,0.333,6,10,0.6,1,2,3,7,5,1,3,2,28,3,0,Kobe Bryant,Regular Season,2008-09
22008,977,0020801022,"Mar 19, 2009",LAL vs. GSW,W,39,9,25,0.36,2,6,0.333,1,1,1.0,3,3,6,2,2,0,5,1,21,-3,0,Kobe Bryant,Regular Season,2008-09
22008,977,0020801008,"Mar 17, 2009",LAL vs. PHI,L,33,5,15,0.333,1,4,0.25,0,0,0.0,0,5,5,5,2,0,5,4,11,-9,0,Kobe Bryant,Regular Season,2008-09
22008,977,0020800991,"Mar 15, 2009",LAL vs. DAL,W,41,11,20,0.55,3,6,0.5,3,3,1.0,0,8,8,5,1,1,1,4,28,22,0,Kobe Bryant,Regular Season,2008-09
22008,977,0020800966,"Mar 12, 2009",LAL @ SAS,W,38,9,21,0.429,1,2,0.5,4,4,1.0,0,4,4,6,0,1,2,3,23,17,0,Kobe Bryant,Regular Season,2008-09
22008,977,0020800962,"Mar 11, 2009",LAL @ HOU,W,40,14,23,0.609,2,3,0.667,7,10,0.7,1,4,5,6,4,2,4,2,37,10,0,Kobe Bryant,Regular Season,2008-09
22008,977,0020800948,"Mar 09, 2009",LAL @ POR,L,39,11,29,0.379,2,9,0.222,2,2,1.0,0,3,3,3,1,1,1,5,26,-20,0,Kobe Bryant,Regular Season,2008-09
22008,977,0020800925,"Mar 06, 2009",LAL vs. MIN,W,28,8,17,0.471,2,6,0.333,5,5,1.0,0,2,2,4,1,0,1,1,23,18,0,Kobe Bryant,Regular Season,2008-09
22008,977,0020800904,"Mar 03, 2009",LAL vs. MEM,W,30,12,23,0.522,1,5,0.2,6,6,1.0,0,2,2,2,1,0,0,3,31,12,0,Kobe Bryant,Regular Season,2008-09
22008,977,0020800884,"Mar 01, 2009",LAL @ PHX,L,39,18,38,0.474,3,9,0.333,10,10,1.0,4,7,11,2,1,1,1,5,49,-11,0,Kobe Bryant,Regular Season,2008-09
22008,977,0020800871,"Feb 27, 2009",LAL @ DEN,L,40,10,31,0.323,0,6,0.0,9,12,0.75,5,3,8,2,0,1,2,3,29,4,0,Kobe Bryant,Regular Season,2008-09
22008,977,0020800862,"Feb 26, 2009",LAL vs. PHX,W,27,10,13,0.769,1,2,0.5,1,2,0.5,1,3,4,8,3,0,1,3,22,26,0,Kobe Bryant,Regular Season,2008-09
22008,977,0020800846,"Feb 24, 2009",LAL @ OKC,W,34,13,21,0.619,0,3,0.0,10,13,0.769,0,4,4,5,1,0,4,0,36,17,0,Kobe Bryant,Regular Season,2008-09
22008,977,0020800834,"Feb 22, 2009",LAL @ MIN,W,37,11,21,0.524,0,2,0.0,6,7,0.857,0,6,6,7,1,0,6,2,28,0,0,Kobe Bryant,Regular Season,2008-09
22008,977,0020800821,"Feb 20, 2009",LAL vs. NOH,W,45,13,30,0.433,1,2,0.5,12,12,1.0,1,4,5,5,1,1,2,2,39,19,0,Kobe Bryant,Regular Season,2008-09
22008,977,0020800807,"Feb 18, 2009",LAL @ GSW,W,36,9,22,0.409,2,3,0.667,10,12,0.833,1,2,3,9,3,2,2,2,30,12,0,Kobe Bryant,Regular Season,2008-09
22008,977,0020800797,"Feb 17, 2009",LAL vs. ATL,W,29,4,12,0.333,2,4,0.5,0,0,0.0,2,2,4,2,0,2,4,0,10,18,0,Kobe Bryant,Regular Season,2008-09
22008,977,0020800782,"Feb 11, 2009",LAL @ UTA,L,36,14,33,0.424,1,7,0.143,8,8,1.0,2,2,4,4,4,0,4,3,37,-1,0,Kobe Bryant,Regular Season,2008-09
22008,977,0020800772,"Feb 10, 2009",LAL vs. OKC,W,36,13,26,0.5,0,3,0.0,8,8,1.0,3,4,7,1,0,0,3,1,34,4,0,Kobe Bryant,Regular Season,2008-09
22008,977,0020800751,"Feb 08, 2009",LAL @ CLE,W,35,8,17,0.471,0,2,0.0,3,3,1.0,0,3,3,2,1,0,2,2,19,4,0,Kobe Bryant,Regular Season,2008-09
22008,977,0020800732,"Feb 05, 2009",LAL @ BOS,W,45,10,29,0.345,4,8,0.5,2,4,0.5,2,8,10,5,1,2,3,2,26,-3,0,Kobe Bryant,Regular Season,2008-09
22008,977,0020800721,"Feb 04, 2009",LAL @ TOR,W,38,13,28,0.464,4,8,0.5,6,8,0.75,1,8,9,5,2,0,0,0,36,4,0,Kobe Bryant,Regular Season,2008-09
22008,977,0020800709,"Feb 02, 2009",LAL @ NYK,W,37,19,31,0.613,3,6,0.5,20,20,1.0,0,0,0,3,0,1,2,1,61,19,0,Kobe Bryant,Regular Season,2008-09
22008,977,0020800695,"Jan 31, 2009",LAL @ MEM,W,35,10,20,0.5,0,1,0.0,5,7,0.714,0,1,1,7,3,0,1,1,25,11,0,Kobe Bryant,Regular Season,2008-09
22008,977,0020800687,"Jan 30, 2009",LAL @ MIN,W,35,12,23,0.522,1,7,0.143,5,6,0.833,2,6,8,5,0,0,2,3,30,11,0,Kobe Bryant,Regular Season,2008-09
22008,977,0020800666,"Jan 27, 2009",LAL vs. CHA,L,45,15,28,0.536,1,3,0.333,7,8,0.875,2,6,8,5,1,0,2,6,38,2,0,Kobe Bryant,Regular Season,2008-09
22008,977,0020800647,"Jan 25, 2009",LAL vs. SAS,W,32,8,17,0.471,2,3,0.667,4,4,1.0,0,4,4,3,1,1,1,2,22,11,0,Kobe Bryant,Regular Season,2008-09
22008,977,0020800629,"Jan 22, 2009",LAL vs. WAS,W,28,4,11,0.364,1,3,0.333,2,2,1.0,0,4,4,5,0,0,0,2,11,24,0,Kobe Bryant,Regular Season,2008-09
22008,977,0020800627,"Jan 21, 2009",LAL @ LAC,W,41,5,15,0.333,2,7,0.286,6,6,1.0,2,8,10,12,1,0,4,3,18,10,0,Kobe Bryant,Regular Season,2008-09
22008,977,0020800612,"Jan 19, 2009",LAL vs. CLE,W,41,9,22,0.409,1,5,0.2,1,3,0.333,1,5,6,12,1,1,5,1,20,16,0,Kobe Bryant,Regular Season,2008-09
22008,977,0020800589,"Jan 16, 2009",LAL vs. ORL,L,41,10,26,0.385,1,5,0.2,7,8,0.875,2,11,13,11,2,0,6,3,28,-8,0,Kobe Bryant,Regular Season,2008-09
22008,977,0020800574,"Jan 14, 2009",LAL @ SAS,L,42,11,19,0.579,2,3,0.667,5,6,0.833,1,6,7,10,0,1,4,1,29,-2,0,Kobe Bryant,Regular Season,2008-09
22008,977,0020800562,"Jan 13, 2009",LAL @ HOU,W,42,13,32,0.406,1,4,0.25,6,9,0.667,1,6,7,4,0,0,2,1,33,-1,0,Kobe Bryant,Regular Season,2008-09
22008,977,0020800552,"Jan 11, 2009",LAL vs. MIA,W,37,5,14,0.357,2,4,0.5,7,7,1.0,0,2,2,7,0,0,4,3,19,11,0,Kobe Bryant,Regular Season,2008-09
22008,977,0020800538,"Jan 09, 2009",LAL vs. IND,W,42,10,20,0.5,1,4,0.25,15,17,0.882,1,6,7,13,1,0,5,3,36,7,0,Kobe Bryant,Regular Season,2008-09
22008,977,0020800525,"Jan 07, 2009",LAL @ GSW,W,39,9,20,0.45,2,5,0.4,1,1,1.0,1,4,5,5,2,0,3,3,21,5,0,Kobe Bryant,Regular Season,2008-09
22008,977,0020800513,"Jan 06, 2009",LAL vs. NOH,L,42,14,22,0.636,6,7,0.857,5,6,0.833,0,4,4,7,0,1,4,1,39,-8,0,Kobe Bryant,Regular Season,2008-09
22008,977,0020800500,"Jan 04, 2009",LAL vs. POR,W,33,11,19,0.579,0,2,0.0,4,5,0.8,0,2,2,3,1,0,4,1,26,17,0,Kobe Bryant,Regular Season,2008-09
22008,977,0020800487,"Jan 02, 2009",LAL vs. UTA,W,38,13,23,0.565,2,3,0.667,12,14,0.857,3,4,7,4,2,1,2,3,40,19,0,Kobe Bryant,Regular Season,2008-09
22008,977,0020800449,"Dec 28, 2008",LAL vs. GSW,W,32,9,15,0.6,3,6,0.5,10,10,1.0,1,2,3,4,4,0,2,2,31,19,0,Kobe Bryant,Regular Season,2008-09
22008,977,0020800423,"Dec 25, 2008",LAL vs. BOS,W,43,13,23,0.565,1,3,0.333,0,0,0.0,2,7,9,5,1,0,4,2,27,2,0,Kobe Bryant,Regular Season,2008-09
22008,977,0020800417,"Dec 23, 2008",LAL @ NOH,W,37,7,18,0.389,0,1,0.0,12,15,0.8,0,6,6,4,0,0,0,2,26,14,0,Kobe Bryant,Regular Season,2008-09
22008,977,0020800405,"Dec 22, 2008",LAL @ MEM,W,38,14,23,0.609,3,6,0.5,5,8,0.625,0,4,4,3,2,0,5,1,36,9,0,Kobe Bryant,Regular Season,2008-09
22008,977,0020800390,"Dec 20, 2008",LAL @ ORL,L,43,14,31,0.452,2,3,0.667,11,11,1.0,2,6,8,3,0,0,1,3,41,-9,0,Kobe Bryant,Regular Season,2008-09
22008,977,0020800385,"Dec 19, 2008",LAL @ MIA,L,35,12,24,0.5,1,3,0.333,3,4,0.75,1,2,3,3,0,0,5,3,28,-6,0,Kobe Bryant,Regular Season,2008-09
22008,977,0020800365,"Dec 16, 2008",LAL vs. NYK,W,41,12,22,0.545,1,3,0.333,3,4,0.75,1,6,7,6,4,0,1,0,28,5,0,Kobe Bryant,Regular Season,2008-09
22008,977,0020800350,"Dec 14, 2008",LAL vs. MIN,W,37,9,24,0.375,2,6,0.333,6,6,1.0,0,3,3,5,2,0,2,2,26,14,0,Kobe Bryant,Regular Season,2008-09
22008,977,0020800336,"Dec 12, 2008",LAL vs. SAC,W,39,11,21,0.524,2,4,0.5,8,10,0.8,2,5,7,3,0,1,4,2,32,11,0,Kobe Bryant,Regular Season,2008-09
22008,977,0020800322,"Dec 10, 2008",LAL vs. PHX,W,34,6,16,0.375,2,5,0.4,4,4,1.0,0,7,7,3,1,0,5,2,18,-7,0,Kobe Bryant,Regular Season,2008-09
22008,977,0020800313,"Dec 09, 2008",LAL @ SAC,L,38,9,25,0.36,3,8,0.375,7,7,1.0,2,2,4,3,0,0,2,2,28,-15,0,Kobe Bryant,Regular Season,2008-09
22008,977,0020800300,"Dec 07, 2008",LAL vs. MIL,W,31,6,13,0.462,0,1,0.0,8,9,0.889,2,3,5,8,2,0,4,2,20,25,0,Kobe Bryant,Regular Season,2008-09
22008,977,0020800277,"Dec 05, 2008",LAL @ WAS,W,35,5,17,0.294,0,1,0.0,13,14,0.929,2,5,7,7,0,0,2,2,23,16,0,Kobe Bryant,Regular Season,2008-09
22008,977,0020800267,"Dec 03, 2008",LAL @ PHI,W,37,12,20,0.6,1,3,0.333,7,7,1.0,0,6,6,4,2,0,4,4,32,10,0,Kobe Bryant,Regular Season,2008-09
22008,977,0020800255,"Dec 02, 2008",LAL @ IND,L,37,10,21,0.476,0,5,0.0,8,10,0.8,2,5,7,2,1,0,1,2,28,-3,0,Kobe Bryant,Regular Season,2008-09
22008,977,0020800251,"Nov 30, 2008",LAL vs. TOR,W,30,9,14,0.643,0,2,0.0,5,5,1.0,1,4,5,7,1,0,3,2,23,7,0,Kobe Bryant,Regular Season,2008-09
22008,977,0020800235,"Nov 28, 2008",LAL vs. DAL,W,40,14,26,0.538,1,4,0.25,6,6,1.0,2,4,6,5,1,1,3,2,35,12,0,Kobe Bryant,Regular Season,2008-09
22008,977,0020800209,"Nov 25, 2008",LAL vs. NJN,W,28,5,17,0.294,0,2,0.0,2,2,1.0,0,6,6,4,1,0,0,2,12,2,0,Kobe Bryant,Regular Season,2008-09
22008,977,0020800197,"Nov 23, 2008",LAL vs. SAC,W,34,10,20,0.5,0,1,0.0,4,4,1.0,1,3,4,6,3,1,3,2,24,21,0,Kobe Bryant,Regular Season,2008-09
22008,977,0020800183,"Nov 21, 2008",LAL vs. DEN,W,30,12,18,0.667,1,3,0.333,4,5,0.8,2,2,4,2,2,0,1,3,29,13,0,Kobe Bryant,Regular Season,2008-09
22008,977,0020800170,"Nov 20, 2008",LAL @ PHX,W,33,8,23,0.348,1,5,0.2,7,9,0.778,1,4,5,3,0,1,2,0,24,17,0,Kobe Bryant,Regular Season,2008-09
22008,977,0020800158,"Nov 18, 2008",LAL vs. CHI,W,31,9,18,0.5,3,6,0.5,0,0,0.0,1,4,5,6,3,2,1,3,21,22,0,Kobe Bryant,Regular Season,2008-09
22008,977,0020800131,"Nov 14, 2008",LAL vs. DET,L,39,12,30,0.4,2,7,0.286,3,4,0.75,0,5,5,6,4,1,3,5,29,-1,0,Kobe Bryant,Regular Season,2008-09
22008,977,0020800112,"Nov 12, 2008",LAL @ NOH,W,38,5,15,0.333,1,1,1.0,9,9,1.0,0,4,4,6,0,0,2,4,20,4,0,Kobe Bryant,Regular Season,2008-09
22008,977,0020800102,"Nov 11, 2008",LAL @ DAL,W,36,10,20,0.5,0,2,0.0,7,8,0.875,1,3,4,1,1,0,1,1,27,-6,0,Kobe Bryant,Regular Season,2008-09
22008,977,0020800092,"Nov 09, 2008",LAL vs. HOU,W,33,10,17,0.588,1,2,0.5,2,4,0.5,2,1,3,3,2,2,4,3,23,10,0,Kobe Bryant,Regular Season,2008-09
22008,977,0020800063,"Nov 05, 2008",LAL vs. LAC,W,36,8,21,0.381,0,2,0.0,11,14,0.786,1,1,2,3,2,2,2,3,27,15,0,Kobe Bryant,Regular Season,2008-09
22008,977,0020800037,"Nov 01, 2008",LAL @ DEN,W,33,11,24,0.458,1,2,0.5,10,12,0.833,3,1,4,3,2,0,1,4,33,13,0,Kobe Bryant,Regular Season,2008-09
22008,977,0020800015,"Oct 29, 2008",LAL @ LAC,W,31,5,12,0.417,0,2,0.0,6,7,0.857,2,6,8,3,2,0,5,2,16,23,0,Kobe Bryant,Regular Season,2008-09
22008,977,0020800003,"Oct 28, 2008",LAL vs. POR,W,33,9,17,0.529,1,1,1.0,4,5,0.8,2,9,11,5,1,0,5,3,23,17,0,Kobe Bryant,Regular Season,2008-09
42008,977,0040800405,"Jun 14, 2009",LAL @ ORL,W,43,10,23,0.435,2,5,0.4,8,8,1.0,0,6,6,5,2,4,1,2,30,14,0,Kobe Bryant,Playoffs,2008-09
42008,977,0040800404,"Jun 11, 2009",LAL @ ORL,W,49,11,31,0.355,2,6,0.333,8,8,1.0,1,6,7,8,1,1,3,3,32,11,0,Kobe Bryant,Playoffs,2008-09
42008,977,0040800403,"Jun 09, 2009",LAL @ ORL,L,40,11,25,0.44,4,9,0.444,5,10,0.5,1,2,3,8,0,0,4,5,31,-3,0,Kobe Bryant,Playoffs,2008-09
42008,977,0040800402,"Jun 07, 2009",LAL vs. ORL,W,49,10,22,0.455,1,4,0.25,8,10,0.8,0,4,4,8,2,0,7,2,29,2,0,Kobe Bryant,Playoffs,2008-09
42008,977,0040800401,"Jun 04, 2009",LAL vs. ORL,W,38,16,34,0.471,0,1,0.0,8,8,1.0,1,7,8,8,2,2,1,1,40,25,0,Kobe Bryant,Playoffs,2008-09
42008,977,0040800316,"May 29, 2009",LAL @ DEN,W,42,12,20,0.6,2,4,0.5,9,9,1.0,0,6,6,10,0,1,1,1,35,31,0,Kobe Bryant,Playoffs,2008-09
42008,977,0040800315,"May 27, 2009",LAL vs. DEN,W,45,6,13,0.462,1,6,0.167,9,10,0.9,1,4,5,8,1,0,7,3,22,11,0,Kobe Bryant,Playoffs,2008-09
42008,977,0040800314,"May 25, 2009",LAL @ DEN,L,41,10,26,0.385,2,10,0.2,12,13,0.923,1,6,7,5,1,0,1,3,34,-11,0,Kobe Bryant,Playoffs,2008-09
42008,977,0040800313,"May 23, 2009",LAL @ DEN,W,41,12,24,0.5,2,5,0.4,15,17,0.882,1,5,6,5,2,0,1,4,41,3,0,Kobe Bryant,Playoffs,2008-09
42008,977,0040800312,"May 21, 2009",LAL vs. DEN,L,40,10,20,0.5,2,4,0.5,10,10,1.0,2,3,5,3,1,1,2,4,32,0,0,Kobe Bryant,Playoffs,2008-09
42008,977,0040800311,"May 19, 2009",LAL vs. DEN,W,43,13,28,0.464,2,3,0.667,12,13,0.923,3,3,6,4,0,1,1,3,40,-5,0,Kobe Bryant,Playoffs,2008-09
42008,977,0040800227,"May 17, 2009",LAL vs. HOU,W,33,4,12,0.333,1,4,0.25,5,6,0.833,1,6,7,5,3,2,1,4,14,20,0,Kobe Bryant,Playoffs,2008-09
42008,977,0040800226,"May 14, 2009",LAL @ HOU,L,38,11,27,0.407,1,5,0.2,9,10,0.9,1,1,2,3,1,3,2,2,32,-11,0,Kobe Bryant,Playoffs,2008-09
42008,977,0040800225,"May 12, 2009",LAL vs. HOU,W,31,10,19,0.526,1,3,0.333,5,6,0.833,0,4,4,3,1,1,4,3,26,30,0,Kobe Bryant,Playoffs,2008-09
42008,977,0040800224,"May 10, 2009",LAL @ HOU,L,35,7,17,0.412,1,4,0.25,0,0,0.0,0,2,2,5,4,0,0,1,15,-12,0,Kobe Bryant,Playoffs,2008-09
42008,977,0040800223,"May 08, 2009",LAL @ HOU,W,44,11,28,0.393,4,6,0.667,7,8,0.875,2,4,6,3,2,3,0,2,33,17,0,Kobe Bryant,Playoffs,2008-09
42008,977,0040800222,"May 06, 2009",LAL vs. HOU,W,40,16,27,0.593,2,3,0.667,6,7,0.857,2,4,6,3,1,0,2,1,40,19,0,Kobe Bryant,Playoffs,2008-09
42008,977,0040800221,"May 04, 2009",LAL vs. HOU,L,44,14,31,0.452,1,7,0.143,3,5,0.6,0,8,8,4,2,0,2,3,32,-6,0,Kobe Bryant,Playoffs,2008-09
42008,977,0040800145,"Apr 27, 2009",LAL vs. UTA,W,43,10,21,0.476,3,4,0.75,8,9,0.889,0,2,2,4,4,1,5,2,31,18,0,Kobe Bryant,Playoffs,2008-09
42008,977,0040800144,"Apr 25, 2009",LAL @ UTA,W,40,16,24,0.667,1,2,0.5,5,5,1.0,0,6,6,1,2,0,3,2,38,4,0,Kobe Bryant,Playoffs,2008-09
42008,977,0040800143,"Apr 23, 2009",LAL @ UTA,L,43,5,24,0.208,1,4,0.25,7,8,0.875,2,5,7,6,2,0,2,4,18,-7,0,Kobe Bryant,Playoffs,2008-09
42008,977,0040800142,"Apr 21, 2009",LAL vs. UTA,W,38,8,17,0.471,1,3,0.333,9,10,0.9,0,6,6,9,2,0,3,2,26,17,0,Kobe Bryant,Playoffs,2008-09
42008,977,0040800141,"Apr 19, 2009",LAL vs. UTA,W,40,9,17,0.529,0,4,0.0,6,7,0.857,0,4,4,8,2,1,6,2,24,13,0,Kobe Bryant,Playoffs,2008-09
22009,977,0020901196,"Apr 11, 2010",LAL vs. POR,L,40,8,23,0.348,3,6,0.5,1,3,0.333,0,4,4,2,0,0,1,1,20,-3,0,Kobe Bryant,Regular Season,2009-10
22009,977,0020901142,"Apr 04, 2010",LAL vs. SAS,L,41,8,24,0.333,2,6,0.333,4,6,0.667,3,5,8,6,0,0,4,3,22,-17,0,Kobe Bryant,Regular Season,2009-10
22009,977,0020901131,"Apr 02, 2010",LAL vs. UTA,W,37,5,23,0.217,0,4,0.0,15,18,0.833,3,3,6,3,1,0,2,5,25,20,0,Kobe Bryant,Regular Season,2009-10
22009,977,0020901107,"Mar 31, 2010",LAL @ ATL,L,42,12,21,0.571,2,3,0.667,2,6,0.333,0,3,3,4,0,0,2,2,28,-15,0,Kobe Bryant,Regular Season,2009-10
22009,977,0020901099,"Mar 29, 2010",LAL @ NOH,L,41,10,18,0.556,2,5,0.4,9,11,0.818,2,3,5,6,1,0,3,5,31,-9,0,Kobe Bryant,Regular Season,2009-10
22009,977,0020901085,"Mar 27, 2010",LAL @ HOU,W,36,7,14,0.5,1,2,0.5,2,3,0.667,1,8,9,9,1,0,5,2,17,17,0,Kobe Bryant,Regular Season,2009-10
22009,977,0020901078,"Mar 26, 2010",LAL @ OKC,L,30,4,11,0.364,0,2,0.0,3,3,1.0,1,5,6,3,1,0,9,4,11,-22,0,Kobe Bryant,Regular Season,2009-10
22009,977,0020901066,"Mar 24, 2010",LAL @ SAS,W,42,11,16,0.688,2,2,1.0,0,0,0.0,1,3,4,6,0,0,3,1,24,-3,0,Kobe Bryant,Regular Season,2009-10
22009,977,0020901041,"Mar 21, 2010",LAL vs. WAS,W,40,10,17,0.588,4,7,0.571,0,0,0.0,0,3,3,4,0,0,3,2,24,16,0,Kobe Bryant,Regular Season,2009-10
22009,977,0020901028,"Mar 19, 2010",LAL vs. MIN,W,34,4,11,0.364,1,5,0.2,13,14,0.929,0,4,4,13,4,0,5,3,22,9,0,Kobe Bryant,Regular Season,2009-10
22009,977,0020901004,"Mar 16, 2010",LAL @ SAC,W,41,10,26,0.385,2,5,0.4,8,14,0.571,3,6,9,7,0,0,3,2,30,15,0,Kobe Bryant,Regular Season,2009-10
22009,977,0020900995,"Mar 15, 2010",LAL @ GSW,W,40,9,18,0.5,2,4,0.5,9,11,0.818,1,2,3,4,2,0,9,2,29,7,0,Kobe Bryant,Regular Season,2009-10
22009,977,0020900974,"Mar 12, 2010",LAL @ PHX,W,42,7,16,0.438,1,5,0.2,6,9,0.667,1,9,10,8,1,0,7,2,21,15,0,Kobe Bryant,Regular Season,2009-10
22009,977,0020900952,"Mar 09, 2010",LAL vs. TOR,W,37,11,20,0.55,0,1,0.0,10,11,0.909,1,5,6,6,1,0,4,4,32,3,0,Kobe Bryant,Regular Season,2009-10
22009,977,0020900935,"Mar 07, 2010",LAL @ ORL,L,40,12,30,0.4,2,5,0.4,8,8,1.0,2,5,7,7,3,0,1,3,34,-2,0,Kobe Bryant,Regular Season,2009-10
22009,977,0020900914,"Mar 05, 2010",LAL @ CHA,L,42,9,21,0.429,0,4,0.0,8,9,0.889,2,3,5,2,0,0,3,4,26,-14,0,Kobe Bryant,Regular Season,2009-10
22009,977,0020900912,"Mar 04, 2010",LAL @ MIA,L,46,15,28,0.536,2,7,0.286,7,10,0.7,0,2,2,4,1,1,2,3,39,3,0,Kobe Bryant,Regular Season,2009-10
22009,977,0020900898,"Mar 02, 2010",LAL vs. IND,W,30,5,14,0.357,0,4,0.0,14,15,0.933,0,4,4,6,2,0,3,1,24,18,0,Kobe Bryant,Regular Season,2009-10
22009,977,0020900879,"Feb 28, 2010",LAL vs. DEN,W,43,3,17,0.176,0,2,0.0,8,8,1.0,1,4,5,12,3,2,5,1,14,11,0,Kobe Bryant,Regular Season,2009-10
22009,977,0020900869,"Feb 26, 2010",LAL vs. PHI,W,42,7,16,0.438,0,1,0.0,5,6,0.833,1,3,4,8,2,0,3,2,19,9,0,Kobe Bryant,Regular Season,2009-10
22009,977,0020900852,"Feb 24, 2010",LAL @ DAL,L,40,9,23,0.391,0,3,0.0,2,2,1.0,1,4,5,2,2,0,2,4,20,-3,0,Kobe Bryant,Regular Season,2009-10
22009,977,0020900841,"Feb 23, 2010",LAL @ MEM,W,40,13,19,0.684,3,4,0.75,3,3,1.0,0,7,7,6,3,2,2,2,32,3,0,Kobe Bryant,Regular Season,2009-10
22009,977,0020900740,"Feb 05, 2010",LAL vs. DEN,L,39,11,22,0.5,4,8,0.5,7,8,0.875,0,9,9,0,1,0,5,4,33,4,0,Kobe Bryant,Regular Season,2009-10
22009,977,0020900727,"Feb 03, 2010",LAL vs. CHA,W,37,2,12,0.167,1,5,0.2,0,2,0.0,0,2,2,6,2,0,0,4,5,1,0,Kobe Bryant,Regular Season,2009-10
22009,977,0020900706,"Feb 01, 2010",LAL @ MEM,L,40,16,28,0.571,4,7,0.571,8,13,0.615,0,3,3,3,0,0,3,1,44,5,0,Kobe Bryant,Regular Season,2009-10
22009,977,0020900696,"Jan 31, 2010",LAL @ BOS,W,45,8,20,0.4,1,3,0.333,2,4,0.5,0,3,3,6,0,0,4,1,19,6,0,Kobe Bryant,Regular Season,2009-10
22009,977,0020900678,"Jan 29, 2010",LAL @ PHI,W,40,10,22,0.455,0,4,0.0,4,6,0.667,1,3,4,3,4,2,3,3,24,4,0,Kobe Bryant,Regular Season,2009-10
22009,977,0020900664,"Jan 27, 2010",LAL @ IND,W,35,10,15,0.667,3,4,0.75,6,8,0.75,2,7,9,7,1,1,1,1,29,15,0,Kobe Bryant,Regular Season,2009-10
22009,977,0020900658,"Jan 26, 2010",LAL @ WAS,W,37,8,15,0.533,2,7,0.286,8,9,0.889,0,4,4,8,1,0,6,2,26,13,0,Kobe Bryant,Regular Season,2009-10
22009,977,0020900648,"Jan 24, 2010",LAL @ TOR,L,40,11,24,0.458,1,6,0.167,4,4,1.0,3,13,16,9,1,1,4,1,27,0,0,Kobe Bryant,Regular Season,2009-10
22009,977,0020900632,"Jan 22, 2010",LAL @ NYK,W,42,8,24,0.333,3,9,0.333,8,8,1.0,0,5,5,6,1,0,3,4,27,8,0,Kobe Bryant,Regular Season,2009-10
22009,977,0020900621,"Jan 21, 2010",LAL @ CLE,L,40,12,31,0.387,2,6,0.333,5,8,0.625,1,1,2,4,0,0,3,2,31,-8,0,Kobe Bryant,Regular Season,2009-10
22009,977,0020900605,"Jan 18, 2010",LAL vs. ORL,W,44,4,19,0.211,0,3,0.0,3,4,0.75,0,5,5,7,0,0,2,2,11,-3,0,Kobe Bryant,Regular Season,2009-10
22009,977,0020900582,"Jan 15, 2010",LAL vs. LAC,W,37,10,20,0.5,4,7,0.571,6,8,0.75,0,2,2,3,1,0,1,2,30,41,0,Kobe Bryant,Regular Season,2009-10
22009,977,0020900564,"Jan 13, 2010",LAL @ DAL,W,35,5,11,0.455,0,2,0.0,0,0,0.0,0,2,2,1,1,0,0,2,10,4,0,Kobe Bryant,Regular Season,2009-10
22009,977,0020900556,"Jan 12, 2010",LAL @ SAS,L,32,7,10,0.7,1,1,1.0,1,1,1.0,0,1,1,3,0,0,3,0,16,-6,0,Kobe Bryant,Regular Season,2009-10
22009,977,0020900543,"Jan 10, 2010",LAL vs. MIL,W,29,4,21,0.19,0,3,0.0,4,6,0.667,2,3,5,1,2,0,1,4,12,14,0,Kobe Bryant,Regular Season,2009-10
22009,977,0020900527,"Jan 08, 2010",LAL @ POR,L,41,14,37,0.378,2,8,0.25,2,4,0.5,3,4,7,7,0,1,5,4,32,-5,0,Kobe Bryant,Regular Season,2009-10
22009,977,0020900516,"Jan 06, 2010",LAL @ LAC,L,40,10,30,0.333,2,7,0.286,11,15,0.733,1,2,3,8,3,0,2,0,33,-15,0,Kobe Bryant,Regular Season,2009-10
22009,977,0020900506,"Jan 05, 2010",LAL vs. HOU,W,43,9,23,0.391,1,1,1.0,3,4,0.75,0,3,3,3,1,1,4,4,22,14,0,Kobe Bryant,Regular Season,2009-10
22009,977,0020900493,"Jan 03, 2010",LAL vs. DAL,W,32,6,12,0.5,1,4,0.25,2,2,1.0,0,3,3,8,0,1,4,2,15,39,0,Kobe Bryant,Regular Season,2009-10
22009,977,0020900476,"Jan 01, 2010",LAL vs. SAC,W,47,13,27,0.481,5,7,0.714,8,11,0.727,0,5,5,5,1,0,3,3,39,1,0,Kobe Bryant,Regular Season,2009-10
22009,977,0020900458,"Dec 29, 2009",LAL vs. GSW,W,43,13,27,0.481,2,6,0.333,16,16,1.0,1,3,4,11,1,0,1,2,44,7,0,Kobe Bryant,Regular Season,2009-10
22009,977,0020900448,"Dec 28, 2009",LAL @ PHX,L,36,14,26,0.538,1,5,0.2,5,6,0.833,0,7,7,2,0,0,1,0,34,-7,0,Kobe Bryant,Regular Season,2009-10
22009,977,0020900437,"Dec 26, 2009",LAL @ SAC,W,51,16,30,0.533,4,8,0.5,2,2,1.0,1,6,7,4,4,0,5,4,38,9,0,Kobe Bryant,Regular Season,2009-10
22009,977,0020900426,"Dec 25, 2009",LAL vs. CLE,L,45,11,33,0.333,1,3,0.333,12,12,1.0,3,7,10,8,1,1,4,3,35,-18,0,Kobe Bryant,Regular Season,2009-10
22009,977,0020900413,"Dec 22, 2009",LAL vs. OKC,W,44,14,26,0.538,0,3,0.0,12,14,0.857,1,7,8,6,2,0,5,5,40,5,0,Kobe Bryant,Regular Season,2009-10
22009,977,0020900396,"Dec 20, 2009",LAL @ DET,W,39,11,23,0.478,1,4,0.25,5,8,0.625,1,2,3,4,5,0,2,2,28,19,0,Kobe Bryant,Regular Season,2009-10
22009,977,0020900388,"Dec 19, 2009",LAL @ NJN,W,35,12,23,0.522,1,5,0.2,4,6,0.667,2,8,10,5,2,1,2,3,29,24,0,Kobe Bryant,Regular Season,2009-10
22009,977,0020900363,"Dec 16, 2009",LAL @ MIL,W,50,13,28,0.464,1,3,0.333,12,12,1.0,0,7,7,4,0,0,7,4,39,2,0,Kobe Bryant,Regular Season,2009-10
22009,977,0020900354,"Dec 15, 2009",LAL @ CHI,W,39,15,26,0.577,1,5,0.2,11,15,0.733,0,2,2,3,3,0,8,2,42,-3,0,Kobe Bryant,Regular Season,2009-10
22009,977,0020900337,"Dec 12, 2009",LAL @ UTA,L,37,7,24,0.292,1,9,0.111,1,1,1.0,1,5,6,5,1,0,1,2,16,6,0,Kobe Bryant,Regular Season,2009-10
22009,977,0020900329,"Dec 11, 2009",LAL vs. MIN,W,34,8,18,0.444,1,3,0.333,3,4,0.75,0,5,5,5,1,0,4,2,20,3,0,Kobe Bryant,Regular Season,2009-10
22009,977,0020900316,"Dec 09, 2009",LAL vs. UTA,W,38,10,19,0.526,1,3,0.333,6,8,0.75,0,6,6,8,2,2,2,2,27,14,0,Kobe Bryant,Regular Season,2009-10
22009,977,0020900295,"Dec 06, 2009",LAL vs. PHX,W,36,9,16,0.563,2,4,0.5,6,8,0.75,2,5,7,3,1,0,1,2,26,12,0,Kobe Bryant,Regular Season,2009-10
22009,977,0020900281,"Dec 04, 2009",LAL vs. MIA,W,42,12,25,0.48,2,3,0.667,7,8,0.875,3,4,7,3,3,0,2,5,33,4,0,Kobe Bryant,Regular Season,2009-10
22009,977,0020900258,"Dec 01, 2009",LAL vs. NOH,W,33,5,11,0.455,2,5,0.4,6,6,1.0,0,3,3,4,2,0,1,3,18,16,0,Kobe Bryant,Regular Season,2009-10
22009,977,0020900248,"Nov 29, 2009",LAL vs. NJN,W,29,11,17,0.647,5,8,0.625,3,5,0.6,0,8,8,7,2,1,4,5,30,25,0,Kobe Bryant,Regular Season,2009-10
22009,977,0020900238,"Nov 28, 2009",LAL @ GSW,W,32,8,20,0.4,1,3,0.333,3,3,1.0,2,4,6,6,5,0,2,3,20,18,0,Kobe Bryant,Regular Season,2009-10
22009,977,0020900207,"Nov 24, 2009",LAL vs. NYK,W,41,14,20,0.7,1,4,0.25,5,7,0.714,0,5,5,4,3,0,4,0,34,25,0,Kobe Bryant,Regular Season,2009-10
22009,977,0020900197,"Nov 22, 2009",LAL vs. OKC,W,32,11,23,0.478,0,2,0.0,4,4,1.0,2,4,6,7,2,0,0,1,26,30,0,Kobe Bryant,Regular Season,2009-10
22009,977,0020900172,"Nov 19, 2009",LAL vs. CHI,W,38,7,21,0.333,0,2,0.0,7,8,0.875,1,8,9,8,0,1,2,3,21,17,0,Kobe Bryant,Regular Season,2009-10
22009,977,0020900157,"Nov 17, 2009",LAL vs. DET,W,39,17,29,0.586,1,3,0.333,5,5,1.0,4,1,5,5,3,0,3,5,40,18,0,Kobe Bryant,Regular Season,2009-10
22009,977,0020900146,"Nov 15, 2009",LAL vs. HOU,L,39,5,20,0.25,0,3,0.0,8,9,0.889,1,0,1,3,3,0,4,0,18,-7,0,Kobe Bryant,Regular Season,2009-10
22009,977,0020900131,"Nov 13, 2009",LAL @ DEN,L,34,7,17,0.412,1,3,0.333,4,4,1.0,2,1,3,2,1,0,4,1,19,-14,0,Kobe Bryant,Regular Season,2009-10
22009,977,0020900123,"Nov 12, 2009",LAL vs. PHX,W,33,13,21,0.619,0,0,0.0,3,4,0.75,1,3,4,4,0,0,4,4,29,24,0,Kobe Bryant,Regular Season,2009-10
22009,977,0020900097,"Nov 08, 2009",LAL vs. NOH,W,34,11,21,0.524,0,2,0.0,6,6,1.0,0,2,2,1,1,0,5,3,28,20,0,Kobe Bryant,Regular Season,2009-10
22009,977,0020900083,"Nov 06, 2009",LAL vs. MEM,W,34,19,30,0.633,0,0,0.0,3,4,0.75,1,3,4,1,1,0,0,2,41,16,0,Kobe Bryant,Regular Season,2009-10
22009,977,0020900066,"Nov 04, 2009",LAL @ HOU,W,48,15,30,0.5,0,3,0.0,11,15,0.733,1,5,6,4,4,0,2,2,41,2,0,Kobe Bryant,Regular Season,2009-10
22009,977,0020900057,"Nov 03, 2009",LAL @ OKC,W,46,9,22,0.409,1,3,0.333,12,14,0.857,1,5,6,4,3,1,7,5,31,5,0,Kobe Bryant,Regular Season,2009-10
22009,977,0020900045,"Nov 01, 2009",LAL vs. ATL,W,38,15,29,0.517,1,2,0.5,10,11,0.909,3,5,8,3,5,0,3,4,41,12,0,Kobe Bryant,Regular Season,2009-10
22009,977,0020900031,"Oct 30, 2009",LAL vs. DAL,L,37,6,19,0.316,1,4,0.25,7,9,0.778,3,3,6,2,0,0,3,2,20,-20,0,Kobe Bryant,Regular Season,2009-10
22009,977,0020900004,"Oct 27, 2009",LAL vs. LAC,W,38,11,26,0.423,0,1,0.0,11,12,0.917,4,4,8,3,4,1,2,2,33,9,0,Kobe Bryant,Regular Season,2009-10
42009,977,0040900407,"Jun 17, 2010",LAL vs. BOS,W,45,6,24,0.25,0,6,0.0,11,15,0.733,4,11,15,2,1,0,4,4,23,0,0,Kobe Bryant,Playoffs,2009-10
42009,977,0040900406,"Jun 15, 2010",LAL vs. BOS,W,40,9,19,0.474,1,4,0.25,7,7,1.0,3,8,11,3,4,0,2,2,26,15,0,Kobe Bryant,Playoffs,2009-10
42009,977,0040900405,"Jun 13, 2010",LAL @ BOS,L,44,13,27,0.481,4,10,0.4,8,9,0.889,2,3,5,4,1,1,4,5,38,-6,0,Kobe Bryant,Playoffs,2009-10
42009,977,0040900404,"Jun 10, 2010",LAL @ BOS,L,43,10,22,0.455,6,11,0.545,7,8,0.875,0,6,6,2,2,0,7,5,33,-8,0,Kobe Bryant,Playoffs,2009-10
42009,977,0040900403,"Jun 08, 2010",LAL @ BOS,W,44,10,29,0.345,1,7,0.143,8,8,1.0,2,5,7,4,2,3,1,2,29,10,0,Kobe Bryant,Playoffs,2009-10
42009,977,0040900402,"Jun 06, 2010",LAL vs. BOS,L,34,8,20,0.4,2,7,0.286,3,3,1.0,0,5,5,6,4,0,5,5,21,-9,0,Kobe Bryant,Playoffs,2009-10
42009,977,0040900401,"Jun 03, 2010",LAL vs. BOS,W,39,10,22,0.455,1,2,0.5,9,10,0.9,1,6,7,6,1,1,4,4,30,8,0,Kobe Bryant,Playoffs,2009-10
42009,977,0040900316,"May 29, 2010",LAL @ PHX,W,41,12,25,0.48,3,8,0.375,10,11,0.909,2,4,6,2,2,0,2,1,37,19,0,Kobe Bryant,Playoffs,2009-10
42009,977,0040900315,"May 27, 2010",LAL vs. PHX,W,43,12,27,0.444,4,10,0.4,2,3,0.667,3,8,11,9,0,4,2,3,30,4,0,Kobe Bryant,Playoffs,2009-10
42009,977,0040900314,"May 25, 2010",LAL @ PHX,L,45,15,22,0.682,6,9,0.667,2,4,0.5,1,6,7,10,1,1,2,3,38,-4,0,Kobe Bryant,Playoffs,2009-10
42009,977,0040900313,"May 23, 2010",LAL @ PHX,L,43,13,24,0.542,2,8,0.25,8,8,1.0,2,7,9,11,1,1,5,3,36,-12,0,Kobe Bryant,Playoffs,2009-10
42009,977,0040900312,"May 19, 2010",LAL vs. PHX,W,43,8,19,0.421,1,3,0.333,4,4,1.0,2,3,5,13,0,1,2,2,21,14,0,Kobe Bryant,Playoffs,2009-10
42009,977,0040900311,"May 17, 2010",LAL vs. PHX,W,35,13,23,0.565,3,6,0.5,11,12,0.917,0,5,5,5,1,0,2,1,40,22,0,Kobe Bryant,Playoffs,2009-10
42009,977,0040900234,"May 10, 2010",LAL @ UTA,W,42,11,23,0.478,0,2,0.0,10,12,0.833,0,3,3,4,1,0,3,3,32,9,0,Kobe Bryant,Playoffs,2009-10
42009,977,0040900233,"May 08, 2010",LAL @ UTA,W,43,13,24,0.542,3,7,0.429,6,8,0.75,0,4,4,7,1,0,2,3,35,1,0,Kobe Bryant,Playoffs,2009-10
42009,977,0040900232,"May 04, 2010",LAL vs. UTA,W,42,10,22,0.455,0,1,0.0,10,11,0.909,0,5,5,8,1,3,7,3,30,5,0,Kobe Bryant,Playoffs,2009-10
42009,977,0040900231,"May 02, 2010",LAL vs. UTA,W,37,12,19,0.632,0,2,0.0,7,7,1.0,0,3,3,4,0,0,4,3,31,8,0,Kobe Bryant,Playoffs,2009-10
42009,977,0040900146,"Apr 30, 2010",LAL @ OKC,W,36,12,25,0.48,3,4,0.75,5,7,0.714,1,6,7,3,0,0,5,4,32,1,0,Kobe Bryant,Playoffs,2009-10
42009,977,0040900145,"Apr 27, 2010",LAL vs. OKC,W,29,4,9,0.444,0,2,0.0,5,7,0.714,0,3,3,7,2,0,4,3,13,27,0,Kobe Bryant,Playoffs,2009-10
42009,977,0040900144,"Apr 24, 2010",LAL @ OKC,L,32,5,10,0.5,1,1,1.0,1,2,0.5,1,2,3,4,0,0,3,3,12,-14,0,Kobe Bryant,Playoffs,2009-10
42009,977,0040900143,"Apr 22, 2010",LAL @ OKC,L,41,10,29,0.345,4,11,0.364,0,0,0.0,0,4,4,8,2,0,3,4,24,1,0,Kobe Bryant,Playoffs,2009-10
42009,977,0040900142,"Apr 20, 2010",LAL vs. OKC,W,41,12,28,0.429,2,5,0.4,13,15,0.867,1,4,5,1,2,0,4,4,39,-2,0,Kobe Bryant,Playoffs,2009-10
42009,977,0040900141,"Apr 18, 2010",LAL vs. OKC,W,41,6,19,0.316,2,5,0.4,7,12,0.583,1,1,2,3,2,1,2,5,21,9,0,Kobe Bryant,Playoffs,2009-10
22010,977,0021001230,"Apr 13, 2011",LAL @ SAC,W,38,13,24,0.542,1,2,0.5,9,10,0.9,2,7,9,6,1,1,2,1,36,3,0,Kobe Bryant,Regular Season,2010-11
22010,977,0021001215,"Apr 12, 2011",LAL vs. SAS,W,37,8,21,0.381,2,6,0.333,9,9,1.0,2,4,6,4,0,0,4,5,27,10,0,Kobe Bryant,Regular Season,2010-11
22010,977,0021001201,"Apr 10, 2011",LAL vs. OKC,L,31,10,19,0.526,2,4,0.5,9,10,0.9,2,2,4,4,3,1,4,3,31,-12,0,Kobe Bryant,Regular Season,2010-11
22010,977,0021001187,"Apr 08, 2011",LAL @ POR,L,32,10,25,0.4,4,8,0.5,0,3,0.0,1,1,2,4,0,0,3,2,24,-25,0,Kobe Bryant,Regular Season,2010-11
22010,977,0021001173,"Apr 06, 2011",LAL @ GSW,L,32,10,20,0.5,1,5,0.2,4,6,0.667,0,2,2,2,4,0,3,1,25,2,0,Kobe Bryant,Regular Season,2010-11
22010,977,0021001161,"Apr 05, 2011",LAL vs. UTA,L,34,6,18,0.333,2,6,0.333,6,6,1.0,1,2,3,5,0,0,7,5,20,0,0,Kobe Bryant,Regular Season,2010-11
22010,977,0021001139,"Apr 03, 2011",LAL vs. DEN,L,38,10,27,0.37,0,4,0.0,8,9,0.889,1,3,4,4,3,0,2,1,28,3,0,Kobe Bryant,Regular Season,2010-11
22010,977,0021001132,"Apr 01, 2011",LAL @ UTA,W,31,6,14,0.429,2,4,0.5,7,10,0.7,0,5,5,4,0,0,1,1,21,4,0,Kobe Bryant,Regular Season,2010-11
22010,977,0021001119,"Mar 31, 2011",LAL vs. DAL,W,30,8,21,0.381,1,5,0.2,11,15,0.733,1,4,5,4,2,0,4,1,28,15,0,Kobe Bryant,Regular Season,2010-11
22010,977,0021001094,"Mar 27, 2011",LAL vs. NOH,W,36,11,25,0.44,1,6,0.167,7,8,0.875,1,2,3,5,2,0,0,2,30,21,0,Kobe Bryant,Regular Season,2010-11
22010,977,0021001080,"Mar 25, 2011",LAL vs. LAC,W,35,11,21,0.524,1,5,0.2,14,17,0.824,1,3,4,6,2,0,4,1,37,20,0,Kobe Bryant,Regular Season,2010-11
22010,977,0021001053,"Mar 22, 2011",LAL vs. PHX,W,48,15,31,0.484,3,5,0.6,9,11,0.818,2,10,12,9,1,0,3,1,42,15,0,Kobe Bryant,Regular Season,2010-11
22010,977,0021001043,"Mar 20, 2011",LAL vs. POR,W,33,9,20,0.45,2,7,0.286,2,2,1.0,0,4,4,3,1,1,3,1,22,3,0,Kobe Bryant,Regular Season,2010-11
22010,977,0021001028,"Mar 18, 2011",LAL vs. MIN,W,28,6,17,0.353,2,5,0.4,4,5,0.8,0,4,4,5,1,0,4,2,18,13,0,Kobe Bryant,Regular Season,2010-11
22010,977,0021000999,"Mar 14, 2011",LAL vs. ORL,W,31,7,19,0.368,0,1,0.0,2,2,1.0,1,4,5,4,1,0,1,1,16,7,0,Kobe Bryant,Regular Season,2010-11
22010,977,0021000982,"Mar 12, 2011",LAL @ DAL,W,33,6,20,0.3,0,3,0.0,4,4,1.0,2,3,5,4,3,0,2,1,16,-2,0,Kobe Bryant,Regular Season,2010-11
22010,977,0021000964,"Mar 10, 2011",LAL @ MIA,L,40,8,21,0.381,4,8,0.5,4,5,0.8,0,2,2,2,1,0,3,3,24,4,0,Kobe Bryant,Regular Season,2010-11
22010,977,0021000947,"Mar 08, 2011",LAL @ ATL,W,32,8,18,0.444,1,4,0.25,9,11,0.818,1,5,6,4,1,1,1,0,26,22,0,Kobe Bryant,Regular Season,2010-11
22010,977,0021000932,"Mar 06, 2011",LAL @ SAS,W,31,12,25,0.48,1,3,0.333,1,1,1.0,3,4,7,5,1,0,1,2,26,28,0,Kobe Bryant,Regular Season,2010-11
22010,977,0021000924,"Mar 04, 2011",LAL vs. CHA,W,31,10,25,0.4,2,5,0.4,5,6,0.833,0,2,2,3,0,0,3,2,27,14,0,Kobe Bryant,Regular Season,2010-11
22010,977,0021000900,"Mar 01, 2011",LAL @ MIN,W,32,8,18,0.444,1,4,0.25,7,8,0.875,0,4,4,3,0,0,3,2,24,4,0,Kobe Bryant,Regular Season,2010-11
22010,977,0021000880,"Feb 27, 2011",LAL @ OKC,W,37,8,22,0.364,1,6,0.167,0,0,0.0,0,2,2,7,1,0,4,3,17,1,0,Kobe Bryant,Regular Season,2010-11
22010,977,0021000871,"Feb 25, 2011",LAL vs. LAC,W,27,10,16,0.625,2,5,0.4,2,3,0.667,0,2,2,5,0,0,1,1,24,20,0,Kobe Bryant,Regular Season,2010-11
22010,977,0021000858,"Feb 23, 2011",LAL @ POR,W,45,14,31,0.452,3,6,0.5,6,7,0.857,1,8,9,6,3,0,3,4,37,8,0,Kobe Bryant,Regular Season,2010-11
22010,977,0021000846,"Feb 22, 2011",LAL vs. ATL,W,26,5,11,0.455,2,4,0.5,8,8,1.0,0,3,3,5,2,0,1,3,20,28,0,Kobe Bryant,Regular Season,2010-11
22010,977,0021000827,"Feb 16, 2011",LAL @ CLE,L,39,8,24,0.333,1,6,0.167,0,0,0.0,1,11,12,2,0,1,7,4,17,5,0,Kobe Bryant,Regular Season,2010-11
22010,977,0021000812,"Feb 14, 2011",LAL @ CHA,L,35,8,20,0.4,1,4,0.25,3,4,0.75,2,3,5,2,0,1,5,5,20,-16,0,Kobe Bryant,Regular Season,2010-11
22010,977,0021000805,"Feb 13, 2011",LAL @ ORL,L,33,8,18,0.444,1,4,0.25,0,0,0.0,1,3,4,5,1,0,2,0,17,-16,0,Kobe Bryant,Regular Season,2010-11
22010,977,0021000793,"Feb 11, 2011",LAL @ NYK,W,29,12,17,0.706,4,7,0.571,5,8,0.625,4,6,10,2,0,0,5,2,33,4,0,Kobe Bryant,Regular Season,2010-11
22010,977,0021000783,"Feb 10, 2011",LAL @ BOS,W,38,9,17,0.529,0,1,0.0,5,6,0.833,1,4,5,4,0,1,3,3,23,12,0,Kobe Bryant,Regular Season,2010-11
22010,977,0021000759,"Feb 07, 2011",LAL @ MEM,W,38,6,17,0.353,0,1,0.0,7,7,1.0,1,6,7,6,2,0,6,1,19,-4,0,Kobe Bryant,Regular Season,2010-11
22010,977,0021000748,"Feb 05, 2011",LAL @ NOH,W,43,10,22,0.455,4,5,0.8,8,8,1.0,2,7,9,5,0,1,1,3,32,11,0,Kobe Bryant,Regular Season,2010-11
22010,977,0021000732,"Feb 03, 2011",LAL vs. SAS,L,35,5,18,0.278,0,3,0.0,6,6,1.0,2,7,9,10,0,0,3,3,16,-3,0,Kobe Bryant,Regular Season,2010-11
22010,977,0021000718,"Feb 01, 2011",LAL vs. HOU,W,45,13,25,0.52,0,3,0.0,6,7,0.857,1,5,6,11,1,0,4,2,32,2,0,Kobe Bryant,Regular Season,2010-11
22010,977,0021000702,"Jan 30, 2011",LAL vs. BOS,L,38,16,29,0.552,3,5,0.6,6,7,0.857,0,3,3,0,0,0,2,5,41,-9,0,Kobe Bryant,Regular Season,2010-11
22010,977,0021000692,"Jan 28, 2011",LAL vs. SAC,L,39,13,27,0.481,2,8,0.25,10,12,0.833,0,4,4,7,3,0,4,2,38,2,0,Kobe Bryant,Regular Season,2010-11
22010,977,0021000667,"Jan 25, 2011",LAL vs. UTA,W,26,7,11,0.636,0,2,0.0,7,8,0.875,0,1,1,6,2,0,3,2,21,21,0,Kobe Bryant,Regular Season,2010-11
22010,977,0021000637,"Jan 21, 2011",LAL @ DEN,W,33,8,15,0.533,0,2,0.0,2,3,0.667,1,5,6,7,1,0,1,1,18,-2,0,Kobe Bryant,Regular Season,2010-11
22010,977,0021000621,"Jan 19, 2011",LAL @ DAL,L,36,10,18,0.556,0,2,0.0,1,2,0.5,1,3,4,10,0,0,3,1,21,-3,0,Kobe Bryant,Regular Season,2010-11
22010,977,0021000610,"Jan 17, 2011",LAL vs. OKC,W,33,7,12,0.583,1,1,1.0,6,11,0.545,3,2,5,7,1,0,5,2,21,11,0,Kobe Bryant,Regular Season,2010-11
22010,977,0021000596,"Jan 16, 2011",LAL @ LAC,L,37,8,17,0.471,1,7,0.143,10,13,0.769,2,7,9,5,2,0,3,0,27,-19,0,Kobe Bryant,Regular Season,2010-11
22010,977,0021000586,"Jan 14, 2011",LAL vs. NJN,W,36,10,19,0.526,0,1,0.0,7,9,0.778,1,3,4,4,0,0,0,2,27,13,0,Kobe Bryant,Regular Season,2010-11
22010,977,0021000571,"Jan 12, 2011",LAL @ GSW,W,36,13,21,0.619,2,5,0.4,11,11,1.0,1,5,6,4,3,0,6,1,39,-2,0,Kobe Bryant,Regular Season,2010-11
22010,977,0021000560,"Jan 11, 2011",LAL vs. CLE,W,25,5,10,0.5,1,2,0.5,2,2,1.0,0,5,5,8,2,0,0,2,13,46,0,Kobe Bryant,Regular Season,2010-11
22010,977,0021000550,"Jan 09, 2011",LAL vs. NYK,W,36,10,28,0.357,3,6,0.5,4,4,1.0,0,10,10,5,0,0,4,2,27,26,0,Kobe Bryant,Regular Season,2010-11
22010,977,0021000535,"Jan 07, 2011",LAL vs. NOH,W,39,10,19,0.526,1,4,0.25,4,5,0.8,0,1,1,4,1,0,0,2,25,1,0,Kobe Bryant,Regular Season,2010-11
22010,977,0021000521,"Jan 05, 2011",LAL @ PHX,W,36,9,17,0.529,2,6,0.333,4,6,0.667,2,5,7,5,1,0,3,0,24,4,0,Kobe Bryant,Regular Season,2010-11
22010,977,0021000511,"Jan 04, 2011",LAL vs. DET,W,30,6,18,0.333,0,1,0.0,5,8,0.625,2,5,7,8,1,0,1,3,17,15,0,Kobe Bryant,Regular Season,2010-11
22010,977,0021000498,"Jan 02, 2011",LAL vs. MEM,L,31,10,22,0.455,1,7,0.143,7,8,0.875,0,2,2,2,2,0,3,2,28,-10,0,Kobe Bryant,Regular Season,2010-11
22010,977,0021000483,"Dec 31, 2010",LAL vs. PHI,W,35,13,24,0.542,1,3,0.333,6,8,0.75,1,3,4,2,2,0,4,1,33,11,0,Kobe Bryant,Regular Season,2010-11
22010,977,0021000467,"Dec 29, 2010",LAL @ NOH,W,28,8,14,0.571,0,3,0.0,4,7,0.571,0,3,3,4,2,0,7,5,20,9,0,Kobe Bryant,Regular Season,2010-11
22010,977,0021000460,"Dec 28, 2010",LAL @ SAS,L,31,8,27,0.296,3,7,0.429,2,2,1.0,1,4,5,1,1,0,5,2,21,-15,0,Kobe Bryant,Regular Season,2010-11
22010,977,0021000435,"Dec 25, 2010",LAL vs. MIA,L,40,6,16,0.375,1,3,0.333,4,5,0.8,1,5,6,7,1,0,4,5,17,-21,0,Kobe Bryant,Regular Season,2010-11
22010,977,0021000420,"Dec 21, 2010",LAL vs. MIL,L,32,9,16,0.563,0,2,0.0,3,3,1.0,1,2,3,2,1,0,4,1,21,-22,0,Kobe Bryant,Regular Season,2010-11
22010,977,0021000402,"Dec 19, 2010",LAL @ TOR,W,28,6,12,0.5,0,2,0.0,8,9,0.889,1,2,3,4,0,0,2,3,20,3,0,Kobe Bryant,Regular Season,2010-11
22010,977,0021000383,"Dec 17, 2010",LAL @ PHI,W,36,3,11,0.273,0,3,0.0,3,3,1.0,0,4,4,4,2,0,3,1,9,-1,0,Kobe Bryant,Regular Season,2010-11
22010,977,0021000367,"Dec 15, 2010",LAL @ IND,W,34,11,18,0.611,4,8,0.5,5,5,1.0,0,3,3,6,0,0,0,3,31,16,0,Kobe Bryant,Regular Season,2010-11
22010,977,0021000362,"Dec 14, 2010",LAL @ WAS,W,24,7,13,0.538,4,6,0.667,6,10,0.6,0,5,5,4,1,0,1,3,24,6,0,Kobe Bryant,Regular Season,2010-11
22010,977,0021000351,"Dec 12, 2010",LAL @ NJN,W,35,9,19,0.474,3,6,0.5,11,13,0.846,0,4,4,6,4,0,6,3,32,5,0,Kobe Bryant,Regular Season,2010-11
22010,977,0021000333,"Dec 10, 2010",LAL @ CHI,L,38,9,23,0.391,1,4,0.25,4,6,0.667,0,5,5,7,3,1,1,3,23,-5,0,Kobe Bryant,Regular Season,2010-11
22010,977,0021000326,"Dec 08, 2010",LAL @ LAC,W,31,9,15,0.6,1,2,0.5,5,7,0.714,0,2,2,4,1,0,4,0,24,-3,0,Kobe Bryant,Regular Season,2010-11
22010,977,0021000315,"Dec 07, 2010",LAL vs. WAS,W,35,12,23,0.522,1,6,0.167,7,9,0.778,3,2,5,3,2,0,4,2,32,20,0,Kobe Bryant,Regular Season,2010-11
22010,977,0021000287,"Dec 03, 2010",LAL vs. SAC,W,27,9,18,0.5,0,0,0.0,4,8,0.5,1,2,3,4,2,0,1,1,22,19,0,Kobe Bryant,Regular Season,2010-11
22010,977,0021000269,"Dec 01, 2010",LAL @ HOU,L,31,10,24,0.417,0,3,0.0,7,7,1.0,2,2,4,4,4,0,2,4,27,-20,0,Kobe Bryant,Regular Season,2010-11
22010,977,0021000258,"Nov 30, 2010",LAL @ MEM,L,37,9,25,0.36,1,6,0.167,10,12,0.833,4,3,7,5,1,0,3,2,29,1,0,Kobe Bryant,Regular Season,2010-11
22010,977,0021000249,"Nov 28, 2010",LAL vs. IND,L,40,14,33,0.424,3,8,0.375,10,13,0.769,2,3,5,4,0,0,3,2,41,-1,0,Kobe Bryant,Regular Season,2010-11
22010,977,0021000231,"Nov 26, 2010",LAL @ UTA,L,34,10,21,0.476,3,5,0.6,8,9,0.889,1,2,3,3,1,0,3,2,31,1,0,Kobe Bryant,Regular Season,2010-11
22010,977,0021000208,"Nov 23, 2010",LAL vs. CHI,W,37,8,18,0.444,1,2,0.5,3,3,1.0,0,2,2,5,1,0,4,1,20,3,0,Kobe Bryant,Regular Season,2010-11
22010,977,0021000194,"Nov 21, 2010",LAL vs. GSW,W,27,7,16,0.438,0,2,0.0,6,6,1.0,3,3,6,5,0,0,0,3,20,21,0,Kobe Bryant,Regular Season,2010-11
22010,977,0021000176,"Nov 19, 2010",LAL @ MIN,W,31,8,27,0.296,1,4,0.25,6,7,0.857,1,7,8,2,1,1,4,1,23,8,0,Kobe Bryant,Regular Season,2010-11
22010,977,0021000161,"Nov 17, 2010",LAL @ DET,W,32,11,20,0.55,3,6,0.5,8,8,1.0,1,8,9,4,2,0,3,1,33,24,0,Kobe Bryant,Regular Season,2010-11
22010,977,0021000155,"Nov 16, 2010",LAL @ MIL,W,33,10,23,0.435,0,4,0.0,11,11,1.0,0,7,7,3,1,0,3,2,31,3,0,Kobe Bryant,Regular Season,2010-11
22010,977,0021000143,"Nov 14, 2010",LAL vs. PHX,L,38,11,20,0.55,1,4,0.25,2,2,1.0,2,7,9,14,1,0,8,3,25,-8,0,Kobe Bryant,Regular Season,2010-11
22010,977,0021000120,"Nov 11, 2010",LAL @ DEN,L,41,11,32,0.344,3,10,0.3,9,13,0.692,1,2,3,5,1,0,2,4,34,4,0,Kobe Bryant,Regular Season,2010-11
22010,977,0021000107,"Nov 09, 2010",LAL vs. MIN,W,35,12,28,0.429,2,5,0.4,7,8,0.875,2,4,6,2,2,0,4,2,33,1,0,Kobe Bryant,Regular Season,2010-11
22010,977,0021000094,"Nov 07, 2010",LAL vs. POR,W,25,3,11,0.273,0,2,0.0,6,7,0.857,0,2,2,1,0,1,3,4,12,18,0,Kobe Bryant,Regular Season,2010-11
22010,977,0021000079,"Nov 05, 2010",LAL vs. TOR,W,34,6,12,0.5,0,3,0.0,11,12,0.917,0,4,4,6,3,1,3,2,23,1,0,Kobe Bryant,Regular Season,2010-11
22010,977,0021000065,"Nov 03, 2010",LAL @ SAC,W,36,9,22,0.409,3,6,0.5,9,10,0.9,1,9,10,12,1,0,1,2,30,22,0,Kobe Bryant,Regular Season,2010-11
22010,977,0021000053,"Nov 02, 2010",LAL vs. MEM,W,26,7,13,0.538,3,5,0.6,6,8,0.75,1,4,5,1,1,0,2,2,23,6,0,Kobe Bryant,Regular Season,2010-11
22010,977,0021000043,"Oct 31, 2010",LAL vs. GSW,W,27,8,16,0.5,1,4,0.25,3,4,0.75,2,5,7,2,0,0,4,1,20,21,0,Kobe Bryant,Regular Season,2010-11
22010,977,0021000030,"Oct 29, 2010",LAL @ PHX,W,34,9,19,0.474,2,5,0.4,5,5,1.0,1,6,7,3,0,0,3,1,25,9,0,Kobe Bryant,Regular Season,2010-11
22010,977,0021000003,"Oct 26, 2010",LAL vs. HOU,W,37,8,20,0.4,0,3,0.0,11,12,0.917,0,5,5,7,1,0,1,1,27,-8,0,Kobe Bryant,Regular Season,2010-11
42010,977,0041000234,"May 08, 2011",LAL @ DAL,L,37,7,18,0.389,0,5,0.0,3,4,0.75,1,2,3,1,0,0,5,1,17,-29,0,Kobe Bryant,Playoffs,2010-11
42010,977,0041000233,"May 06, 2011",LAL @ DAL,L,38,8,16,0.5,0,3,0.0,1,1,1.0,1,3,4,6,1,0,2,3,17,-6,0,Kobe Bryant,Playoffs,2010-11
42010,977,0041000232,"May 04, 2011",LAL vs. DAL,L,38,9,20,0.45,1,5,0.2,4,5,0.8,0,0,0,3,5,0,1,1,23,-8,0,Kobe Bryant,Playoffs,2010-11
42010,977,0041000231,"May 02, 2011",LAL vs. DAL,L,35,14,29,0.483,4,9,0.444,4,5,0.8,0,5,5,0,1,1,3,2,36,6,0,Kobe Bryant,Playoffs,2010-11
42010,977,0041000156,"Apr 28, 2011",LAL @ NOH,W,30,6,16,0.375,2,4,0.5,10,10,1.0,1,0,1,2,3,0,4,1,24,15,0,Kobe Bryant,Playoffs,2010-11
42010,977,0041000155,"Apr 26, 2011",LAL vs. NOH,W,29,8,13,0.615,0,1,0.0,3,4,0.75,1,1,2,4,1,0,3,3,19,9,0,Kobe Bryant,Playoffs,2010-11
42010,977,0041000154,"Apr 24, 2011",LAL @ NOH,L,36,5,18,0.278,0,3,0.0,7,9,0.778,1,5,6,8,1,0,2,4,17,-1,0,Kobe Bryant,Playoffs,2010-11
42010,977,0041000153,"Apr 22, 2011",LAL @ NOH,W,34,10,20,0.5,4,7,0.571,6,7,0.857,0,6,6,2,3,1,4,2,30,15,0,Kobe Bryant,Playoffs,2010-11
42010,977,0041000152,"Apr 20, 2011",LAL vs. NOH,W,35,3,10,0.3,0,2,0.0,5,8,0.625,2,1,3,2,1,0,2,4,11,1,0,Kobe Bryant,Playoffs,2010-11
42010,977,0041000151,"Apr 17, 2011",LAL vs. NOH,L,42,13,26,0.5,1,2,0.5,7,8,0.875,1,3,4,5,0,1,5,2,34,2,0,Kobe Bryant,Playoffs,2010-11
22011,977,0021100952,"Apr 22, 2012",LAL vs. OKC,W,49,9,26,0.346,2,3,0.667,6,7,0.857,1,5,6,8,1,0,3,1,26,8,0,Kobe Bryant,Regular Season,2011-12
22011,977,0021100941,"Apr 20, 2012",LAL @ SAS,L,30,7,12,0.583,1,3,0.333,3,4,0.75,0,2,2,1,0,0,1,2,18,-24,0,Kobe Bryant,Regular Season,2011-12
22011,977,0021100825,"Apr 06, 2012",LAL vs. HOU,L,37,8,20,0.4,1,4,0.25,11,11,1.0,0,2,2,0,0,0,1,1,28,-16,0,Kobe Bryant,Regular Season,2011-12
22011,977,0021100810,"Apr 04, 2012",LAL @ LAC,W,37,13,19,0.684,2,3,0.667,3,5,0.6,1,4,5,6,0,1,2,2,31,8,0,Kobe Bryant,Regular Season,2011-12
22011,977,0021100798,"Apr 03, 2012",LAL vs. NJN,W,36,10,16,0.625,3,6,0.5,1,1,1.0,0,7,7,3,1,0,3,1,24,1,0,Kobe Bryant,Regular Season,2011-12
22011,977,0021100784,"Apr 01, 2012",LAL vs. GSW,W,37,16,28,0.571,3,3,1.0,5,7,0.714,0,3,3,5,0,0,3,3,40,13,0,Kobe Bryant,Regular Season,2011-12
22011,977,0021100769,"Mar 31, 2012",LAL vs. NOH,W,38,3,21,0.143,1,8,0.125,4,5,0.8,1,2,3,5,3,0,1,4,11,4,0,Kobe Bryant,Regular Season,2011-12
22011,977,0021100756,"Mar 29, 2012",LAL vs. OKC,L,41,7,25,0.28,1,3,0.333,8,10,0.8,1,8,9,2,0,0,0,1,23,2,0,Kobe Bryant,Regular Season,2011-12
22011,977,0021100742,"Mar 27, 2012",LAL @ GSW,W,37,9,24,0.375,1,5,0.2,11,12,0.917,2,3,5,5,0,0,3,1,30,3,0,Kobe Bryant,Regular Season,2011-12
22011,977,0021100726,"Mar 25, 2012",LAL vs. MEM,L,38,7,15,0.467,1,4,0.25,3,3,1.0,1,2,3,3,2,0,3,3,18,-6,0,Kobe Bryant,Regular Season,2011-12
22011,977,0021100709,"Mar 23, 2012",LAL vs. POR,W,36,5,17,0.294,1,7,0.143,7,8,0.875,2,3,5,4,1,0,4,1,18,2,0,Kobe Bryant,Regular Season,2011-12
22011,977,0021100692,"Mar 21, 2012",LAL @ DAL,W,35,11,18,0.611,1,2,0.5,7,7,1.0,1,4,5,4,1,0,4,2,30,9,0,Kobe Bryant,Regular Season,2011-12
22011,977,0021100679,"Mar 20, 2012",LAL @ HOU,L,35,10,27,0.37,2,7,0.286,7,7,1.0,1,2,3,4,1,0,1,2,29,-3,0,Kobe Bryant,Regular Season,2011-12
22011,977,0021100669,"Mar 18, 2012",LAL vs. UTA,L,37,3,20,0.15,1,6,0.167,8,9,0.889,2,4,6,4,2,0,7,4,15,-11,0,Kobe Bryant,Regular Season,2011-12
22011,977,0021100652,"Mar 16, 2012",LAL vs. MIN,W,38,9,20,0.45,5,8,0.625,5,7,0.714,0,4,4,3,1,2,4,1,28,4,0,Kobe Bryant,Regular Season,2011-12
22011,977,0021100631,"Mar 14, 2012",LAL @ NOH,W,49,10,23,0.435,2,8,0.25,11,11,1.0,1,3,4,5,2,0,4,1,33,8,0,Kobe Bryant,Regular Season,2011-12
22011,977,0021100621,"Mar 13, 2012",LAL @ MEM,W,52,11,25,0.44,1,4,0.25,11,12,0.917,1,8,9,5,1,0,3,0,34,-1,0,Kobe Bryant,Regular Season,2011-12
22011,977,0021100604,"Mar 11, 2012",LAL vs. BOS,W,41,9,20,0.45,3,6,0.5,5,7,0.714,1,2,3,7,1,1,5,2,26,0,0,Kobe Bryant,Regular Season,2011-12
22011,977,0021100589,"Mar 09, 2012",LAL @ MIN,W,38,11,26,0.423,2,6,0.333,10,10,1.0,1,3,4,1,1,2,4,3,34,-3,0,Kobe Bryant,Regular Season,2011-12
22011,977,0021100571,"Mar 07, 2012",LAL @ WAS,L,40,9,31,0.29,3,9,0.333,9,9,1.0,1,4,5,4,4,1,1,3,30,5,0,Kobe Bryant,Regular Season,2011-12
22011,977,0021100567,"Mar 06, 2012",LAL @ DET,L,43,8,26,0.308,2,9,0.222,4,6,0.667,1,4,5,7,0,0,3,1,22,1,0,Kobe Bryant,Regular Season,2011-12
22011,977,0021100547,"Mar 04, 2012",LAL vs. MIA,W,39,14,23,0.609,0,2,0.0,5,7,0.714,1,2,3,1,0,0,3,0,33,8,0,Kobe Bryant,Regular Season,2011-12
22011,977,0021100538,"Mar 02, 2012",LAL vs. SAC,W,37,13,24,0.542,1,2,0.5,11,14,0.786,4,4,8,3,1,1,3,0,38,13,0,Kobe Bryant,Regular Season,2011-12
22011,977,0021100523,"Feb 29, 2012",LAL vs. MIN,W,33,11,23,0.478,0,4,0.0,9,10,0.9,1,6,7,8,1,0,5,0,31,28,0,Kobe Bryant,Regular Season,2011-12
22011,977,0021100502,"Feb 23, 2012",LAL @ OKC,L,40,7,24,0.292,0,3,0.0,10,11,0.909,1,5,6,3,1,0,1,3,24,-13,0,Kobe Bryant,Regular Season,2011-12
22011,977,0021100497,"Feb 22, 2012",LAL @ DAL,W,38,4,15,0.267,2,5,0.4,5,9,0.556,1,4,5,4,1,0,7,1,15,3,0,Kobe Bryant,Regular Season,2011-12
22011,977,0021100479,"Feb 20, 2012",LAL vs. POR,W,36,13,26,0.5,1,3,0.333,1,2,0.5,1,2,3,3,4,0,4,3,28,15,0,Kobe Bryant,Regular Season,2011-12
22011,977,0021100469,"Feb 19, 2012",LAL @ PHX,L,40,11,24,0.458,1,8,0.125,9,12,0.75,1,6,7,5,2,0,10,0,32,-9,0,Kobe Bryant,Regular Season,2011-12
22011,977,0021100455,"Feb 17, 2012",LAL vs. PHX,W,35,14,25,0.56,1,2,0.5,7,9,0.778,0,9,9,6,4,1,3,1,36,4,0,Kobe Bryant,Regular Season,2011-12
22011,977,0021100428,"Feb 14, 2012",LAL vs. ATL,W,34,5,18,0.278,0,3,0.0,0,0,0.0,1,3,4,4,0,0,5,3,10,3,0,Kobe Bryant,Regular Season,2011-12
22011,977,0021100408,"Feb 12, 2012",LAL @ TOR,W,34,9,23,0.391,3,7,0.429,6,8,0.75,0,2,2,1,2,0,4,1,27,7,0,Kobe Bryant,Regular Season,2011-12
22011,977,0021100395,"Feb 10, 2012",LAL @ NYK,L,42,11,29,0.379,1,5,0.2,11,13,0.846,3,7,10,1,1,0,3,0,34,-4,0,Kobe Bryant,Regular Season,2011-12
22011,977,0021100384,"Feb 09, 2012",LAL @ BOS,W,44,11,24,0.458,0,2,0.0,5,5,1.0,0,5,5,4,0,0,1,1,27,2,0,Kobe Bryant,Regular Season,2011-12
22011,977,0021100357,"Feb 06, 2012",LAL @ PHI,L,44,10,26,0.385,4,10,0.4,4,4,1.0,3,2,5,6,2,0,5,3,28,1,0,Kobe Bryant,Regular Season,2011-12
22011,977,0021100351,"Feb 04, 2012",LAL @ UTA,L,38,6,16,0.375,3,6,0.5,11,12,0.917,1,0,1,1,0,0,4,4,26,-6,0,Kobe Bryant,Regular Season,2011-12
22011,977,0021100341,"Feb 03, 2012",LAL @ DEN,W,38,7,23,0.304,1,4,0.25,5,7,0.714,1,5,6,9,2,0,2,1,20,6,0,Kobe Bryant,Regular Season,2011-12
22011,977,0021100313,"Jan 31, 2012",LAL vs. CHA,W,28,9,21,0.429,2,11,0.182,4,5,0.8,0,3,3,1,1,0,4,1,24,8,0,Kobe Bryant,Regular Season,2011-12
22011,977,0021100297,"Jan 29, 2012",LAL @ MIN,W,42,14,29,0.483,5,9,0.556,2,2,1.0,3,11,14,2,0,2,3,2,35,3,0,Kobe Bryant,Regular Season,2011-12
22011,977,0021100288,"Jan 28, 2012",LAL @ MIL,L,42,10,21,0.476,1,5,0.2,6,7,0.857,3,5,8,9,2,0,4,4,27,1,0,Kobe Bryant,Regular Season,2011-12
22011,977,0021100268,"Jan 25, 2012",LAL vs. LAC,W,39,7,17,0.412,2,4,0.5,8,10,0.8,1,6,7,6,0,0,7,2,24,2,0,Kobe Bryant,Regular Season,2011-12
22011,977,0021100241,"Jan 22, 2012",LAL vs. IND,L,36,14,30,0.467,0,3,0.0,5,6,0.833,4,4,8,4,0,0,3,2,33,-3,0,Kobe Bryant,Regular Season,2011-12
22011,977,0021100223,"Jan 20, 2012",LAL @ ORL,L,44,11,22,0.5,1,3,0.333,7,7,1.0,2,1,3,8,0,0,3,1,30,-7,0,Kobe Bryant,Regular Season,2011-12
22011,977,0021100213,"Jan 19, 2012",LAL @ MIA,L,41,8,21,0.381,3,6,0.5,5,5,1.0,1,4,5,7,3,0,2,1,24,-2,0,Kobe Bryant,Regular Season,2011-12
22011,977,0021100194,"Jan 16, 2012",LAL vs. DAL,W,38,7,22,0.318,0,3,0.0,0,1,0.0,0,3,3,7,3,1,4,0,14,5,0,Kobe Bryant,Regular Season,2011-12
22011,977,0021100180,"Jan 14, 2012",LAL @ LAC,L,44,14,28,0.5,2,5,0.4,12,14,0.857,0,7,7,4,2,1,2,3,42,-9,0,Kobe Bryant,Regular Season,2011-12
22011,977,0021100169,"Jan 13, 2012",LAL vs. CLE,W,41,15,31,0.484,4,7,0.571,8,10,0.8,3,2,5,3,3,0,6,3,42,11,0,Kobe Bryant,Regular Season,2011-12
22011,977,0021100151,"Jan 11, 2012",LAL @ UTA,W,43,14,31,0.452,1,3,0.333,11,11,1.0,1,7,8,4,1,1,3,3,40,10,0,Kobe Bryant,Regular Season,2011-12
22011,977,0021100141,"Jan 10, 2012",LAL vs. PHX,W,39,18,31,0.581,0,3,0.0,12,13,0.923,0,5,5,3,3,0,2,2,48,16,0,Kobe Bryant,Regular Season,2011-12
22011,977,0021100125,"Jan 08, 2012",LAL vs. MEM,W,38,11,22,0.5,1,5,0.2,3,6,0.5,1,1,2,9,0,1,4,0,26,8,0,Kobe Bryant,Regular Season,2011-12
22011,977,0021100109,"Jan 06, 2012",LAL vs. GSW,W,41,13,28,0.464,1,3,0.333,12,14,0.857,1,3,4,7,0,0,3,1,39,13,0,Kobe Bryant,Regular Season,2011-12
22011,977,0021100097,"Jan 05, 2012",LAL @ POR,L,36,13,24,0.542,0,4,0.0,4,5,0.8,2,6,8,3,0,0,4,2,30,-3,0,Kobe Bryant,Regular Season,2011-12
22011,977,0021100081,"Jan 03, 2012",LAL vs. HOU,W,37,14,29,0.483,2,7,0.286,7,9,0.778,2,6,8,6,0,1,2,0,37,1,0,Kobe Bryant,Regular Season,2011-12
22011,977,0021100063,"Jan 01, 2012",LAL @ DEN,L,37,6,28,0.214,1,8,0.125,3,4,0.75,0,2,2,4,1,0,6,3,16,-17,0,Kobe Bryant,Regular Season,2011-12
22011,977,0021100050,"Dec 31, 2011",LAL vs. DEN,W,33,6,18,0.333,0,5,0.0,5,6,0.833,2,8,10,9,1,0,4,4,17,10,0,Kobe Bryant,Regular Season,2011-12
22011,977,0021100038,"Dec 29, 2011",LAL vs. NYK,W,34,10,17,0.588,1,3,0.333,7,10,0.7,0,4,4,6,1,1,5,3,28,7,0,Kobe Bryant,Regular Season,2011-12
22011,977,0021100022,"Dec 27, 2011",LAL vs. UTA,W,31,8,17,0.471,3,5,0.6,7,8,0.875,0,8,8,5,1,1,3,1,26,33,0,Kobe Bryant,Regular Season,2011-12
22011,977,0021100015,"Dec 26, 2011",LAL @ SAC,L,38,10,24,0.417,0,4,0.0,9,10,0.9,2,3,5,6,2,0,2,4,29,-4,0,Kobe Bryant,Regular Season,2011-12
22011,977,0021100003,"Dec 25, 2011",LAL vs. CHI,L,35,11,23,0.478,0,1,0.0,6,7,0.857,0,7,7,6,2,0,8,3,28,-7,0,Kobe Bryant,Regular Season,2011-12
42011,977,0041100235,"May 21, 2012",LAL @ OKC,L,41,18,33,0.545,1,6,0.167,5,7,0.714,0,5,5,0,2,0,2,3,42,-14,0,Kobe Bryant,Playoffs,2011-12
42011,977,0041100234,"May 19, 2012",LAL vs. OKC,L,40,12,28,0.429,0,2,0.0,14,17,0.824,3,5,8,5,0,0,2,1,38,-9,0,Kobe Bryant,Playoffs,2011-12
42011,977,0041100233,"May 18, 2012",LAL vs. OKC,W,39,9,25,0.36,0,1,0.0,18,18,1.0,2,5,7,6,2,0,2,4,36,11,0,Kobe Bryant,Playoffs,2011-12
42011,977,0041100232,"May 16, 2012",LAL @ OKC,L,43,9,25,0.36,0,6,0.0,2,2,1.0,1,2,3,4,4,0,2,4,20,5,0,Kobe Bryant,Playoffs,2011-12
42011,977,0041100231,"May 14, 2012",LAL @ OKC,L,32,7,18,0.389,1,3,0.333,5,7,0.714,0,3,3,2,0,0,3,3,20,-27,0,Kobe Bryant,Playoffs,2011-12
42011,977,0041100167,"May 12, 2012",LAL vs. DEN,W,45,7,16,0.438,2,2,1.0,1,4,0.25,1,0,1,8,0,1,3,2,17,9,0,Kobe Bryant,Playoffs,2011-12
42011,977,0041100166,"May 10, 2012",LAL @ DEN,L,37,13,23,0.565,1,4,0.25,4,4,1.0,0,2,2,4,1,0,3,3,31,-28,0,Kobe Bryant,Playoffs,2011-12
42011,977,0041100165,"May 08, 2012",LAL vs. DEN,L,43,14,32,0.438,5,11,0.455,10,11,0.909,1,5,6,5,2,0,3,2,43,-6,0,Kobe Bryant,Playoffs,2011-12
42011,977,0041100164,"May 06, 2012",LAL @ DEN,W,39,10,25,0.4,2,7,0.286,0,1,0.0,2,6,8,6,1,0,5,0,22,0,0,Kobe Bryant,Playoffs,2011-12
42011,977,0041100163,"May 04, 2012",LAL @ DEN,L,41,7,23,0.304,3,10,0.3,5,6,0.833,3,3,6,6,0,0,6,4,22,-12,0,Kobe Bryant,Playoffs,2011-12
42011,977,0041100162,"May 01, 2012",LAL vs. DEN,W,40,15,29,0.517,2,6,0.333,6,7,0.857,2,2,4,2,3,1,1,3,38,4,0,Kobe Bryant,Playoffs,2011-12
42011,977,0041100161,"Apr 29, 2012",LAL vs. DEN,W,37,11,24,0.458,0,2,0.0,9,11,0.818,1,4,5,4,1,0,2,4,31,26,0,Kobe Bryant,Playoffs,2011-12
22012,977,0021201189,"Apr 12, 2013",LAL vs. GSW,W,45,9,21,0.429,4,8,0.5,12,16,0.75,0,5,5,4,0,0,5,3,34,0,1,Kobe Bryant,Regular Season,2012-13
22012,977,0021201171,"Apr 10, 2013",LAL @ POR,W,48,14,27,0.519,1,5,0.2,18,18,1.0,0,8,8,5,3,4,1,4,47,7,1,Kobe Bryant,Regular Season,2012-13
22012,977,0021201162,"Apr 09, 2013",LAL vs. NOH,W,41,9,18,0.5,2,7,0.286,10,11,0.909,1,5,6,6,5,1,5,2,30,7,1,Kobe Bryant,Regular Season,2012-13
22012,977,0021201146,"Apr 07, 2013",LAL @ LAC,L,47,6,19,0.316,1,5,0.2,12,14,0.857,1,6,7,10,0,0,4,3,25,-14,1,Kobe Bryant,Regular Season,2012-13
22012,977,0021201137,"Apr 05, 2013",LAL vs. MEM,W,43,10,23,0.435,0,5,0.0,4,4,1.0,0,5,5,9,1,0,4,3,24,6,1,Kobe Bryant,Regular Season,2012-13
22012,977,0021201110,"Apr 02, 2013",LAL vs. DAL,W,47,8,18,0.444,0,3,0.0,7,8,0.875,1,10,11,11,4,2,4,3,23,20,1,Kobe Bryant,Regular Season,2012-13
22012,977,0021201093,"Mar 30, 2013",LAL @ SAC,W,48,5,18,0.278,0,4,0.0,9,11,0.818,1,8,9,14,2,0,1,2,19,5,1,Kobe Bryant,Regular Season,2012-13
22012,977,0021201071,"Mar 28, 2013",LAL @ MIL,L,36,6,17,0.353,0,3,0.0,18,20,0.9,0,2,2,3,0,0,6,2,30,-16,1,Kobe Bryant,Regular Season,2012-13
22012,977,0021201066,"Mar 27, 2013",LAL @ MIN,W,38,12,21,0.571,3,7,0.429,4,6,0.667,0,3,3,7,1,1,6,4,31,2,1,Kobe Bryant,Regular Season,2012-13
22012,977,0021201053,"Mar 25, 2013",LAL @ GSW,L,42,11,27,0.407,2,10,0.2,12,16,0.75,1,7,8,3,0,0,0,1,36,-1,1,Kobe Bryant,Regular Season,2012-13
22012,977,0021201032,"Mar 22, 2013",LAL vs. WAS,L,38,8,18,0.444,1,2,0.5,4,7,0.571,1,3,4,11,2,0,6,3,21,1,1,Kobe Bryant,Regular Season,2012-13
22012,977,0021200971,"Mar 15, 2013",LAL @ IND,W,12,0,4,0.0,0,1,0.0,0,0,0.0,0,1,1,2,0,0,1,1,0,-3,1,Kobe Bryant,Regular Season,2012-13
22012,977,0021200960,"Mar 13, 2013",LAL @ ATL,L,38,11,33,0.333,2,8,0.25,7,8,0.875,1,6,7,5,2,0,5,1,31,-3,1,Kobe Bryant,Regular Season,2012-13
22012,977,0021200949,"Mar 12, 2013",LAL @ ORL,W,36,4,14,0.286,2,6,0.333,1,2,0.5,1,6,7,8,2,0,3,1,11,0,1,Kobe Bryant,Regular Season,2012-13
22012,977,0021200935,"Mar 10, 2013",LAL vs. CHI,W,40,7,16,0.438,1,4,0.25,4,6,0.667,1,6,7,9,2,0,2,2,19,16,1,Kobe Bryant,Regular Season,2012-13
22012,977,0021200925,"Mar 08, 2013",LAL vs. TOR,W,44,11,22,0.5,5,10,0.5,14,16,0.875,1,5,6,12,2,0,9,0,41,0,1,Kobe Bryant,Regular Season,2012-13
22012,977,0021200906,"Mar 06, 2013",LAL @ NOH,W,42,14,21,0.667,3,7,0.429,11,14,0.786,0,7,7,12,0,1,6,0,42,16,1,Kobe Bryant,Regular Season,2012-13
22012,977,0021200897,"Mar 05, 2013",LAL @ OKC,L,39,8,19,0.421,3,7,0.429,11,12,0.917,1,2,3,2,0,0,2,3,30,-11,1,Kobe Bryant,Regular Season,2012-13
22012,977,0021200888,"Mar 03, 2013",LAL vs. ATL,W,39,13,27,0.481,2,5,0.4,6,8,0.75,1,5,6,4,2,0,5,1,34,6,1,Kobe Bryant,Regular Season,2012-13
22012,977,0021200863,"Feb 28, 2013",LAL vs. MIN,W,32,13,22,0.591,4,8,0.5,3,7,0.429,1,4,5,5,2,0,3,1,33,17,1,Kobe Bryant,Regular Season,2012-13
22012,977,0021200841,"Feb 25, 2013",LAL @ DEN,L,39,12,23,0.522,0,1,0.0,5,6,0.833,0,6,6,9,0,0,4,3,29,-1,1,Kobe Bryant,Regular Season,2012-13
22012,977,0021200830,"Feb 24, 2013",LAL @ DAL,W,38,13,21,0.619,4,5,0.8,8,10,0.8,1,11,12,7,0,1,5,2,38,7,1,Kobe Bryant,Regular Season,2012-13
22012,977,0021200821,"Feb 22, 2013",LAL vs. POR,W,36,15,23,0.652,1,3,0.333,9,9,1.0,2,5,7,4,2,0,5,1,40,2,1,Kobe Bryant,Regular Season,2012-13
22012,977,0021200807,"Feb 20, 2013",LAL vs. BOS,W,33,5,15,0.333,0,4,0.0,6,7,0.857,1,3,4,7,0,0,3,5,16,11,1,Kobe Bryant,Regular Season,2012-13
22012,977,0021200788,"Feb 14, 2013",LAL vs. LAC,L,39,7,13,0.538,0,0,0.0,6,6,1.0,3,2,5,11,0,0,6,2,20,-35,0,Kobe Bryant,Regular Season,2012-13
22012,977,0021200773,"Feb 12, 2013",LAL vs. PHX,W,36,1,8,0.125,0,4,0.0,2,2,1.0,1,4,5,9,1,1,8,1,4,-2,1,Kobe Bryant,Regular Season,2012-13
22012,977,0021200753,"Feb 10, 2013",LAL @ MIA,L,37,11,19,0.579,0,0,0.0,6,8,0.75,1,5,6,9,1,0,4,2,28,-14,1,Kobe Bryant,Regular Season,2012-13
22012,977,0021200736,"Feb 08, 2013",LAL @ CHA,W,38,6,15,0.4,0,2,0.0,8,8,1.0,0,7,7,8,0,1,3,0,20,-2,1,Kobe Bryant,Regular Season,2012-13
22012,977,0021200733,"Feb 07, 2013",LAL @ BOS,L,30,9,15,0.6,0,1,0.0,9,9,1.0,3,4,7,0,0,0,4,2,27,-20,1,Kobe Bryant,Regular Season,2012-13
22012,977,0021200716,"Feb 05, 2013",LAL @ BKN,W,37,9,24,0.375,0,2,0.0,3,3,1.0,1,7,8,4,4,1,5,1,21,5,1,Kobe Bryant,Regular Season,2012-13
22012,977,0021200706,"Feb 03, 2013",LAL @ DET,W,37,8,20,0.4,0,3,0.0,2,3,0.667,0,3,3,5,2,0,3,0,18,1,1,Kobe Bryant,Regular Season,2012-13
22012,977,0021200695,"Feb 01, 2013",LAL @ MIN,W,39,4,13,0.308,1,4,0.25,8,10,0.8,2,10,12,8,0,0,4,2,17,-3,1,Kobe Bryant,Regular Season,2012-13
22012,977,0021200681,"Jan 30, 2013",LAL @ PHX,L,39,7,17,0.412,0,3,0.0,3,4,0.75,0,5,5,9,2,0,6,0,17,-8,1,Kobe Bryant,Regular Season,2012-13
22012,977,0021200669,"Jan 29, 2013",LAL vs. NOH,W,34,5,12,0.417,0,4,0.0,4,4,1.0,3,5,8,11,0,0,2,1,14,-5,1,Kobe Bryant,Regular Season,2012-13
22012,977,0021200653,"Jan 27, 2013",LAL vs. OKC,W,39,8,12,0.667,0,0,0.0,5,6,0.833,0,9,9,14,1,1,3,1,21,11,0,Kobe Bryant,Regular Season,2012-13
22012,977,0021200641,"Jan 25, 2013",LAL vs. UTA,W,35,7,10,0.7,0,0,0.0,0,0,0.0,0,9,9,14,3,1,3,0,14,15,1,Kobe Bryant,Regular Season,2012-13
22012,977,0021200621,"Jan 23, 2013",LAL @ MEM,L,39,11,23,0.478,0,1,0.0,7,8,0.875,0,3,3,3,1,0,2,1,29,-13,1,Kobe Bryant,Regular Season,2012-13
22012,977,0021200612,"Jan 21, 2013",LAL @ CHI,L,42,7,22,0.318,0,6,0.0,2,3,0.667,0,4,4,5,0,0,3,2,16,-12,1,Kobe Bryant,Regular Season,2012-13
22012,977,0021200601,"Jan 20, 2013",LAL @ TOR,L,43,10,32,0.313,3,12,0.25,3,3,1.0,0,4,4,5,2,1,6,1,26,0,1,Kobe Bryant,Regular Season,2012-13
22012,977,0021200583,"Jan 17, 2013",LAL vs. MIA,L,43,8,25,0.32,4,9,0.444,2,2,1.0,1,3,4,1,1,0,6,4,22,-9,1,Kobe Bryant,Regular Season,2012-13
22012,977,0021200569,"Jan 15, 2013",LAL vs. MIL,W,37,12,19,0.632,3,5,0.6,4,4,1.0,1,1,2,6,1,0,1,2,31,23,0,Kobe Bryant,Regular Season,2012-13
22012,977,0021200555,"Jan 13, 2013",LAL vs. CLE,W,28,9,14,0.643,3,4,0.75,2,4,0.5,0,2,2,6,0,0,4,4,23,19,1,Kobe Bryant,Regular Season,2012-13
22012,977,0021200539,"Jan 11, 2013",LAL vs. OKC,L,35,8,23,0.348,2,8,0.25,10,13,0.769,0,4,4,3,2,0,1,2,28,-24,0,Kobe Bryant,Regular Season,2012-13
22012,977,0021200522,"Jan 09, 2013",LAL @ SAS,L,39,10,24,0.417,3,8,0.375,4,7,0.571,0,4,4,5,0,0,1,3,27,-4,1,Kobe Bryant,Regular Season,2012-13
22012,977,0021200514,"Jan 08, 2013",LAL @ HOU,L,41,8,22,0.364,2,8,0.25,2,2,1.0,2,3,5,7,3,0,5,3,20,-15,1,Kobe Bryant,Regular Season,2012-13
22012,977,0021200503,"Jan 06, 2013",LAL vs. DEN,L,42,11,26,0.423,3,8,0.375,4,4,1.0,1,4,5,7,0,0,2,2,29,-12,1,Kobe Bryant,Regular Season,2012-13
22012,977,0021200488,"Jan 04, 2013",LAL @ LAC,L,44,15,25,0.6,1,6,0.167,7,8,0.875,0,0,0,3,5,0,1,3,38,6,1,Kobe Bryant,Regular Season,2012-13
22012,977,0021200463,"Jan 01, 2013",LAL vs. PHI,L,42,14,29,0.483,1,6,0.167,7,10,0.7,4,2,6,0,1,0,3,2,36,-4,1,Kobe Bryant,Regular Season,2012-13
22012,977,0021200435,"Dec 28, 2012",LAL vs. POR,W,31,9,18,0.5,1,6,0.167,8,11,0.727,2,3,5,4,2,0,1,3,27,21,1,Kobe Bryant,Regular Season,2012-13
22012,977,0021200419,"Dec 26, 2012",LAL @ DEN,L,44,13,24,0.542,5,9,0.556,9,11,0.818,0,4,4,6,0,2,2,2,40,-7,1,Kobe Bryant,Regular Season,2012-13
22012,977,0021200406,"Dec 25, 2012",LAL vs. NYK,W,44,14,24,0.583,1,5,0.2,5,7,0.714,1,4,5,1,0,1,1,2,34,11,1,Kobe Bryant,Regular Season,2012-13
22012,977,0021200398,"Dec 22, 2012",LAL @ GSW,W,44,16,41,0.39,2,8,0.25,0,1,0.0,3,7,10,5,1,0,3,5,34,0,1,Kobe Bryant,Regular Season,2012-13
22012,977,0021200364,"Dec 18, 2012",LAL vs. CHA,W,43,11,24,0.458,2,5,0.4,6,7,0.857,0,6,6,7,1,1,2,1,30,-7,1,Kobe Bryant,Regular Season,2012-13
22012,977,0021200347,"Dec 16, 2012",LAL @ PHI,W,40,12,21,0.571,2,6,0.333,8,9,0.889,0,4,4,6,1,0,5,0,34,10,1,Kobe Bryant,Regular Season,2012-13
22012,977,0021200326,"Dec 14, 2012",LAL @ WAS,W,44,9,29,0.31,1,8,0.125,11,13,0.846,3,4,7,7,2,1,3,1,30,17,1,Kobe Bryant,Regular Season,2012-13
22012,977,0021200323,"Dec 13, 2012",LAL @ NYK,L,44,10,24,0.417,5,11,0.455,6,6,1.0,2,8,10,6,1,1,5,5,31,0,1,Kobe Bryant,Regular Season,2012-13
22012,977,0021200305,"Dec 11, 2012",LAL @ CLE,L,41,16,28,0.571,3,9,0.333,7,10,0.7,1,4,5,2,1,1,5,1,42,-9,1,Kobe Bryant,Regular Season,2012-13
22012,977,0021200297,"Dec 09, 2012",LAL vs. UTA,L,43,9,24,0.375,4,9,0.444,12,14,0.857,0,0,0,3,1,0,2,2,34,-2,1,Kobe Bryant,Regular Season,2012-13
22012,977,0021200280,"Dec 07, 2012",LAL @ OKC,L,44,11,24,0.458,4,5,0.8,9,10,0.9,0,3,3,7,3,2,5,5,35,-2,0,Kobe Bryant,Regular Season,2012-13
22012,977,0021200263,"Dec 05, 2012",LAL @ NOH,W,34,10,17,0.588,1,4,0.25,8,9,0.889,1,5,6,4,3,0,1,1,29,15,1,Kobe Bryant,Regular Season,2012-13
22012,977,0021200256,"Dec 04, 2012",LAL @ HOU,L,35,14,31,0.452,2,9,0.222,9,12,0.75,1,5,6,2,2,0,3,4,39,-4,1,Kobe Bryant,Regular Season,2012-13
22012,977,0021200244,"Dec 02, 2012",LAL vs. ORL,L,39,12,27,0.444,0,2,0.0,10,11,0.909,1,6,7,5,1,0,2,2,34,-17,1,Kobe Bryant,Regular Season,2012-13
22012,977,0021200232,"Nov 30, 2012",LAL vs. DEN,W,37,5,15,0.333,0,3,0.0,4,4,1.0,1,1,2,8,2,0,4,5,14,9,1,Kobe Bryant,Regular Season,2012-13
22012,977,0021200208,"Nov 27, 2012",LAL vs. IND,L,44,12,28,0.429,5,11,0.455,11,13,0.846,0,10,10,3,3,0,10,2,40,-4,1,Kobe Bryant,Regular Season,2012-13
22012,977,0021200187,"Nov 24, 2012",LAL @ DAL,W,33,6,11,0.545,1,2,0.5,6,8,0.75,1,2,3,5,1,0,6,3,19,25,1,Kobe Bryant,Regular Season,2012-13
22012,977,0021200177,"Nov 23, 2012",LAL @ MEM,L,37,7,23,0.304,3,8,0.375,13,14,0.929,0,3,3,4,1,0,2,4,30,-22,1,Kobe Bryant,Regular Season,2012-13
22012,977,0021200169,"Nov 21, 2012",LAL @ SAC,L,39,11,20,0.55,5,9,0.556,11,13,0.846,0,3,3,3,2,0,7,3,38,1,1,Kobe Bryant,Regular Season,2012-13
22012,977,0021200156,"Nov 20, 2012",LAL vs. BKN,W,39,8,15,0.533,1,4,0.25,8,10,0.8,0,4,4,5,1,0,3,4,25,20,1,Kobe Bryant,Regular Season,2012-13
22012,977,0021200146,"Nov 18, 2012",LAL vs. HOU,W,35,9,18,0.5,1,3,0.333,3,5,0.6,1,10,11,11,3,0,3,4,22,14,1,Kobe Bryant,Regular Season,2012-13
22012,977,0021200130,"Nov 16, 2012",LAL vs. PHX,W,38,10,24,0.417,1,5,0.2,10,11,0.909,1,1,2,6,1,0,1,2,31,7,1,Kobe Bryant,Regular Season,2012-13
22012,977,0021200108,"Nov 13, 2012",LAL vs. SAS,L,38,12,19,0.632,2,4,0.5,2,2,1.0,0,4,4,8,1,0,2,0,28,10,1,Kobe Bryant,Regular Season,2012-13
22012,977,0021200094,"Nov 11, 2012",LAL vs. SAC,W,34,6,15,0.4,2,5,0.4,6,6,1.0,2,4,6,6,1,0,2,2,20,18,1,Kobe Bryant,Regular Season,2012-13
22012,977,0021200080,"Nov 09, 2012",LAL vs. GSW,W,33,10,18,0.556,2,4,0.5,5,6,0.833,1,8,9,7,2,0,4,2,27,18,1,Kobe Bryant,Regular Season,2012-13
22012,977,0021200062,"Nov 07, 2012",LAL @ UTA,L,37,7,17,0.412,0,4,0.0,15,17,0.882,0,5,5,4,3,0,6,3,29,4,1,Kobe Bryant,Regular Season,2012-13
22012,977,0021200041,"Nov 04, 2012",LAL vs. DET,W,32,5,10,0.5,3,5,0.6,2,2,1.0,0,7,7,8,1,0,1,4,15,38,1,Kobe Bryant,Regular Season,2012-13
22012,977,0021200025,"Nov 02, 2012",LAL vs. LAC,L,43,14,23,0.609,2,3,0.667,10,10,1.0,2,4,6,1,2,0,6,1,40,-7,1,Kobe Bryant,Regular Season,2012-13
22012,977,0021200012,"Oct 31, 2012",LAL @ POR,L,38,10,20,0.5,4,9,0.444,6,7,0.857,2,4,6,3,0,0,7,5,30,9,1,Kobe Bryant,Regular Season,2012-13
22012,977,0021200003,"Oct 30, 2012",LAL vs. DAL,L,35,11,14,0.786,0,0,0.0,0,0,0.0,0,1,1,0,1,0,2,3,22,-1,1,Kobe Bryant,Regular Season,2012-13
22013,977,0021300366,"Dec 17, 2013",LAL @ MEM,W,33,9,18,0.5,1,1,1.0,2,2,1.0,1,4,5,4,1,1,4,1,21,2,1,Kobe Bryant,Regular Season,2013-14
22013,977,0021300357,"Dec 16, 2013",LAL @ ATL,L,32,4,14,0.286,0,5,0.0,0,1,0.0,0,3,3,6,2,0,5,1,8,-4,1,Kobe Bryant,Regular Season,2013-14
22013,977,0021300342,"Dec 14, 2013",LAL @ CHA,W,32,8,15,0.533,2,5,0.4,3,3,1.0,0,7,7,8,0,0,7,1,21,5,1,Kobe Bryant,Regular Season,2013-14
22013,977,0021300336,"Dec 13, 2013",LAL @ OKC,L,23,2,6,0.333,0,0,0.0,0,0,0.0,0,1,1,13,2,0,7,1,4,-16,1,Kobe Bryant,Regular Season,2013-14
22013,977,0021300317,"Dec 10, 2013",LAL vs. PHX,L,29,6,11,0.545,0,2,0.0,8,8,1.0,0,2,2,3,0,0,3,2,20,-3,1,Kobe Bryant,Regular Season,2013-14
22013,977,0021300303,"Dec 08, 2013",LAL vs. TOR,L,28,2,9,0.222,0,3,0.0,5,7,0.714,1,7,8,4,2,0,8,3,9,-16,1,Kobe Bryant,Regular Season,2013-14
22014,977,0021400632,"Jan 21, 2015",LAL @ NOP,L,30,6,14,0.429,1,5,0.2,1,1,1.0,0,7,7,2,0,1,4,2,14,-11,1,Kobe Bryant,Regular Season,2014-15
22014,977,0021400586,"Jan 15, 2015",LAL vs. CLE,L,32,7,14,0.5,3,6,0.5,2,3,0.667,1,5,6,17,0,0,3,0,19,3,1,Kobe Bryant,Regular Season,2014-15
22014,977,0021400573,"Jan 13, 2015",LAL vs. MIA,L,31,3,19,0.158,2,9,0.222,4,4,1.0,0,6,6,7,1,0,2,0,12,-6,1,Kobe Bryant,Regular Season,2014-15
22014,977,0021400534,"Jan 07, 2015",LAL @ LAC,L,28,2,12,0.167,0,3,0.0,0,0,0.0,0,8,8,7,1,0,6,1,4,-34,1,Kobe Bryant,Regular Season,2014-15
22014,977,0021400508,"Jan 04, 2015",LAL vs. IND,W,32,7,14,0.5,2,3,0.667,4,4,1.0,0,6,6,6,3,0,2,2,20,-1,1,Kobe Bryant,Regular Season,2014-15
22014,977,0021400494,"Jan 02, 2015",LAL vs. MEM,L,33,6,14,0.429,2,4,0.5,1,1,1.0,1,8,9,8,0,1,2,2,15,5,1,Kobe Bryant,Regular Season,2014-15
22014,977,0021400471,"Dec 30, 2014",LAL @ DEN,W,32,6,11,0.545,3,5,0.6,8,11,0.727,1,10,11,11,2,1,9,1,23,12,1,Kobe Bryant,Regular Season,2014-15
22014,977,0021400458,"Dec 28, 2014",LAL vs. PHX,L,32,4,10,0.4,1,3,0.333,1,1,1.0,0,8,8,7,2,0,5,1,10,-9,1,Kobe Bryant,Regular Season,2014-15
22014,977,0021400402,"Dec 21, 2014",LAL @ SAC,L,38,8,30,0.267,3,8,0.375,6,6,1.0,3,2,5,3,2,0,9,3,25,-17,1,Kobe Bryant,Regular Season,2014-15
22014,977,0021400392,"Dec 19, 2014",LAL vs. OKC,L,35,3,15,0.2,0,3,0.0,3,4,0.75,0,8,8,8,0,0,3,0,9,-6,1,Kobe Bryant,Regular Season,2014-15
22014,977,0021400356,"Dec 15, 2014",LAL @ IND,L,30,8,26,0.308,2,8,0.25,3,3,1.0,0,4,4,3,2,0,3,4,21,-26,1,Kobe Bryant,Regular Season,2014-15
22014,977,0021400351,"Dec 14, 2014",LAL @ MIN,W,35,7,20,0.35,2,7,0.286,10,13,0.769,1,5,6,2,1,0,2,2,26,0,1,Kobe Bryant,Regular Season,2014-15
22014,977,0021400339,"Dec 12, 2014",LAL @ SAS,W,40,7,22,0.318,1,4,0.25,7,8,0.875,1,4,5,9,4,0,5,1,22,-1,1,Kobe Bryant,Regular Season,2014-15
22014,977,0021400315,"Dec 09, 2014",LAL vs. SAC,W,36,11,27,0.407,2,6,0.333,8,8,1.0,3,0,3,6,2,0,3,2,32,-1,1,Kobe Bryant,Regular Season,2014-15
22014,977,0021400300,"Dec 07, 2014",LAL vs. NOP,L,32,6,18,0.333,0,5,0.0,2,2,1.0,0,3,3,4,0,0,3,2,14,-18,1,Kobe Bryant,Regular Season,2014-15
22014,977,0021400279,"Dec 05, 2014",LAL @ BOS,L,33,9,21,0.429,1,3,0.333,3,3,1.0,0,3,3,3,1,0,3,1,22,-29,1,Kobe Bryant,Regular Season,2014-15
22014,977,0021400264,"Dec 03, 2014",LAL @ WAS,L,34,8,22,0.364,2,6,0.333,11,14,0.786,0,4,4,3,1,0,4,4,29,-30,1,Kobe Bryant,Regular Season,2014-15
22014,977,0021400255,"Dec 02, 2014",LAL @ DET,W,33,4,11,0.364,1,3,0.333,3,3,1.0,0,5,5,13,2,0,10,2,12,15,1,Kobe Bryant,Regular Season,2014-15
22014,977,0021400248,"Nov 30, 2014",LAL vs. TOR,W,42,11,24,0.458,0,1,0.0,9,13,0.692,1,10,11,12,0,1,2,2,31,2,1,Kobe Bryant,Regular Season,2014-15
22014,977,0021400234,"Nov 28, 2014",LAL vs. MIN,L,35,10,18,0.556,0,1,0.0,6,10,0.6,1,4,5,5,5,0,2,1,26,3,1,Kobe Bryant,Regular Season,2014-15
22014,977,0021400222,"Nov 26, 2014",LAL vs. MEM,L,35,5,15,0.333,2,5,0.4,10,10,1.0,2,2,4,2,0,0,4,1,22,-1,1,Kobe Bryant,Regular Season,2014-15
22014,977,0021400197,"Nov 23, 2014",LAL vs. DEN,L,44,10,24,0.417,0,2,0.0,7,10,0.7,2,4,6,4,0,0,4,1,27,-5,1,Kobe Bryant,Regular Season,2014-15
22014,977,0021400180,"Nov 21, 2014",LAL @ DAL,L,31,6,22,0.273,1,4,0.25,4,4,1.0,2,3,5,7,1,0,2,2,17,-29,1,Kobe Bryant,Regular Season,2014-15
22014,977,0021400169,"Nov 19, 2014",LAL @ HOU,W,40,10,28,0.357,1,7,0.143,8,10,0.8,0,5,5,7,1,0,3,0,29,9,1,Kobe Bryant,Regular Season,2014-15
22014,977,0021400155,"Nov 18, 2014",LAL @ ATL,W,37,10,18,0.556,3,7,0.429,5,5,1.0,0,4,4,3,1,0,3,4,28,11,1,Kobe Bryant,Regular Season,2014-15
22014,977,0021400145,"Nov 16, 2014",LAL vs. GSW,L,31,15,34,0.441,3,12,0.25,11,16,0.688,1,4,5,3,0,0,2,3,44,-34,1,Kobe Bryant,Regular Season,2014-15
22014,977,0021400131,"Nov 14, 2014",LAL vs. SAS,L,36,1,14,0.071,0,5,0.0,7,9,0.778,0,4,4,6,1,2,4,1,9,-16,1,Kobe Bryant,Regular Season,2014-15
22014,977,0021400114,"Nov 12, 2014",LAL @ NOP,L,36,10,28,0.357,5,11,0.455,8,8,1.0,0,4,4,5,1,0,1,1,33,-14,1,Kobe Bryant,Regular Season,2014-15
22014,977,0021400104,"Nov 11, 2014",LAL @ MEM,L,37,10,26,0.385,3,10,0.3,5,6,0.833,1,6,7,6,4,0,3,3,28,8,1,Kobe Bryant,Regular Season,2014-15
22014,977,0021400097,"Nov 09, 2014",LAL vs. CHA,W,34,7,20,0.35,1,5,0.2,6,7,0.857,0,6,6,4,1,0,4,1,21,7,1,Kobe Bryant,Regular Season,2014-15
22014,977,0021400056,"Nov 04, 2014",LAL vs. PHX,L,44,14,37,0.378,3,7,0.429,8,12,0.667,3,6,9,1,1,1,3,0,39,-5,1,Kobe Bryant,Regular Season,2014-15
22014,977,0021400038,"Nov 01, 2014",LAL @ GSW,L,36,12,28,0.429,1,6,0.167,3,6,0.5,1,5,6,1,2,0,7,3,28,-30,1,Kobe Bryant,Regular Season,2014-15
22014,977,0021400026,"Oct 31, 2014",LAL vs. LAC,L,35,6,15,0.4,1,5,0.2,8,11,0.727,0,4,4,7,2,0,3,5,21,-9,1,Kobe Bryant,Regular Season,2014-15
22014,977,0021400013,"Oct 29, 2014",LAL @ PHX,L,28,11,25,0.44,2,4,0.5,7,7,1.0,1,3,4,3,2,0,2,2,31,-26,1,Kobe Bryant,Regular Season,2014-15
22014,977,0021400003,"Oct 28, 2014",LAL vs. HOU,L,29,6,17,0.353,0,1,0.0,7,8,0.875,0,3,3,2,1,0,1,5,19,-11,1,Kobe Bryant,Regular Season,2014-15
22015,977,0021501228,"Apr 13, 2016",LAL vs. UTA,W,42,22,50,0.44,6,21,0.286,10,12,0.833,0,4,4,4,1,1,2,1,60,7,1,Kobe Bryant,Regular Season,2015-16
22015,977,0021501209,"Apr 11, 2016",LAL @ OKC,L,19,4,12,0.333,3,9,0.333,2,2,1.0,0,1,1,0,1,0,2,2,13,-24,1,Kobe Bryant,Regular Season,2015-16
22015,977,0021501195,"Apr 10, 2016",LAL @ HOU,L,27,10,22,0.455,4,11,0.364,11,11,1.0,0,2,2,1,2,0,4,1,35,-10,1,Kobe Bryant,Regular Season,2015-16
22015,977,0021501184,"Apr 08, 2016",LAL @ NOP,L,22,4,15,0.267,3,9,0.333,3,3,1.0,0,3,3,4,1,0,2,0,14,-16,1,Kobe Bryant,Regular Season,2015-16
22015,977,0021501172,"Apr 06, 2016",LAL vs. LAC,L,28,6,19,0.316,1,6,0.167,4,4,1.0,0,3,3,1,1,0,1,1,17,-15,1,Kobe Bryant,Regular Season,2015-16
22015,977,0021501164,"Apr 05, 2016",LAL @ LAC,L,22,2,12,0.167,0,2,0.0,2,2,1.0,1,1,2,0,2,0,2,1,6,-25,1,Kobe Bryant,Regular Season,2015-16
22015,977,0021501153,"Apr 03, 2016",LAL vs. BOS,L,33,11,28,0.393,4,11,0.364,8,10,0.8,1,3,4,1,3,0,0,4,34,-4,1,Kobe Bryant,Regular Season,2015-16
22015,977,0021501121,"Mar 30, 2016",LAL vs. MIA,W,9,1,7,0.143,0,2,0.0,0,0,0.0,1,1,2,0,0,0,1,0,2,-13,1,Kobe Bryant,Regular Season,2015-16
22015,977,0021501104,"Mar 28, 2016",LAL @ UTA,L,28,1,11,0.091,0,4,0.0,3,3,1.0,0,0,0,2,1,0,0,0,5,-43,1,Kobe Bryant,Regular Season,2015-16
22015,977,0021501096,"Mar 27, 2016",LAL vs. WAS,L,23,6,15,0.4,3,7,0.429,2,2,1.0,0,1,1,2,1,0,2,0,17,-11,1,Kobe Bryant,Regular Season,2015-16
22015,977,0021501081,"Mar 25, 2016",LAL vs. DEN,L,29,10,22,0.455,4,9,0.444,4,5,0.8,0,4,4,0,0,0,1,2,28,-6,1,Kobe Bryant,Regular Season,2015-16
22015,977,0021501065,"Mar 23, 2016",LAL @ PHX,L,28,5,13,0.385,3,8,0.375,4,4,1.0,0,3,3,2,0,1,1,1,17,-23,1,Kobe Bryant,Regular Season,2015-16
22015,977,0021501055,"Mar 22, 2016",LAL vs. MEM,W,30,7,18,0.389,2,5,0.4,4,4,1.0,0,2,2,1,1,1,4,4,20,11,1,Kobe Bryant,Regular Season,2015-16
22015,977,0021500987,"Mar 13, 2016",LAL vs. NYK,L,27,5,15,0.333,1,4,0.25,3,4,0.75,0,2,2,0,1,0,1,2,14,-18,1,Kobe Bryant,Regular Season,2015-16
22015,977,0021500962,"Mar 10, 2016",LAL vs. CLE,L,32,11,16,0.688,3,4,0.75,1,2,0.5,1,4,5,2,1,1,0,1,26,-8,1,Kobe Bryant,Regular Season,2015-16
22015,977,0021500931,"Mar 06, 2016",LAL vs. GSW,W,24,4,14,0.286,0,5,0.0,4,4,1.0,0,2,2,3,0,0,3,2,12,14,1,Kobe Bryant,Regular Season,2015-16
22015,977,0021500906,"Mar 02, 2016",LAL @ DEN,L,11,1,2,0.5,1,2,0.5,2,3,0.667,1,1,2,1,0,0,0,1,5,1,1,Kobe Bryant,Regular Season,2015-16
22015,977,0021500851,"Feb 24, 2016",LAL @ MEM,L,29,5,14,0.357,2,7,0.286,1,2,0.5,0,1,1,2,1,0,1,2,13,-7,1,Kobe Bryant,Regular Season,2015-16
22015,977,0021500837,"Feb 22, 2016",LAL @ MIL,L,24,3,12,0.25,1,5,0.2,8,9,0.889,0,5,5,2,1,0,2,3,15,-20,1,Kobe Bryant,Regular Season,2015-16
22015,977,0021500831,"Feb 21, 2016",LAL @ CHI,L,27,8,20,0.4,1,7,0.143,5,7,0.714,2,2,4,1,0,0,0,1,22,-1,1,Kobe Bryant,Regular Season,2015-16
22015,977,0021500818,"Feb 19, 2016",LAL vs. SAS,L,29,10,25,0.4,1,8,0.125,4,5,0.8,1,3,4,3,1,0,3,0,25,-3,1,Kobe Bryant,Regular Season,2015-16
22015,977,0021500795,"Feb 10, 2016",LAL @ CLE,L,33,5,16,0.313,3,7,0.429,4,4,1.0,0,6,6,3,1,0,3,2,17,-19,1,Kobe Bryant,Regular Season,2015-16
22015,977,0021500776,"Feb 08, 2016",LAL @ IND,L,33,6,25,0.24,4,14,0.286,3,4,0.75,1,4,5,0,0,0,0,0,19,-6,1,Kobe Bryant,Regular Season,2015-16
22015,977,0021500767,"Feb 06, 2016",LAL @ SAS,L,33,9,28,0.321,4,14,0.286,3,3,1.0,1,1,2,4,0,1,2,4,25,-2,1,Kobe Bryant,Regular Season,2015-16
22015,977,0021500747,"Feb 04, 2016",LAL @ NOP,W,32,10,24,0.417,4,11,0.364,3,4,0.75,3,9,12,2,2,0,1,0,27,16,1,Kobe Bryant,Regular Season,2015-16
22015,977,0021500734,"Feb 02, 2016",LAL vs. MIN,W,33,10,21,0.476,7,11,0.636,11,12,0.917,2,3,5,5,2,0,2,3,38,6,1,Kobe Bryant,Regular Season,2015-16
22015,977,0021500720,"Jan 31, 2016",LAL vs. CHA,L,23,8,18,0.444,4,8,0.5,3,3,1.0,1,7,8,3,2,0,0,1,23,1,1,Kobe Bryant,Regular Season,2015-16
22015,977,0021500697,"Jan 28, 2016",LAL vs. CHI,L,25,4,13,0.308,2,7,0.286,0,0,0.0,0,4,4,3,2,0,2,2,10,-9,1,Kobe Bryant,Regular Season,2015-16
22015,977,0021500662,"Jan 23, 2016",LAL @ POR,L,25,5,9,0.556,0,1,0.0,0,0,0.0,0,2,2,1,0,0,5,1,10,-17,1,Kobe Bryant,Regular Season,2015-16
22015,977,0021500653,"Jan 22, 2016",LAL vs. SAS,L,27,2,9,0.222,1,4,0.25,0,0,0.0,1,1,2,6,0,1,3,2,5,-15,1,Kobe Bryant,Regular Season,2015-16
22015,977,0021500638,"Jan 20, 2016",LAL vs. SAC,L,31,4,13,0.308,2,7,0.286,5,5,1.0,2,2,4,3,1,0,2,4,15,-13,1,Kobe Bryant,Regular Season,2015-16
22015,977,0021500614,"Jan 17, 2016",LAL vs. HOU,L,24,2,5,0.4,1,2,0.5,0,0,0.0,0,2,2,9,1,0,4,0,5,-12,1,Kobe Bryant,Regular Season,2015-16
22015,977,0021500608,"Jan 16, 2016",LAL @ UTA,L,15,2,8,0.25,0,3,0.0,1,1,1.0,1,0,1,2,0,0,0,0,5,-15,1,Kobe Bryant,Regular Season,2015-16
22015,977,0021500592,"Jan 14, 2016",LAL @ GSW,L,27,4,15,0.267,0,4,0.0,0,0,0.0,2,4,6,3,2,1,2,2,8,-11,1,Kobe Bryant,Regular Season,2015-16
22015,977,0021500576,"Jan 12, 2016",LAL vs. NOP,W,16,3,9,0.333,0,5,0.0,1,2,0.5,0,3,3,1,1,0,1,2,7,-6,1,Kobe Bryant,Regular Season,2015-16
22015,977,0021500549,"Jan 08, 2016",LAL vs. OKC,L,28,8,20,0.4,1,5,0.2,2,2,1.0,2,2,4,6,1,0,2,3,19,-14,1,Kobe Bryant,Regular Season,2015-16
22015,977,0021500539,"Jan 07, 2016",LAL @ SAC,L,31,10,19,0.526,2,6,0.333,6,8,0.75,1,1,2,3,0,1,3,2,28,-14,1,Kobe Bryant,Regular Season,2015-16
22015,977,0021500476,"Dec 30, 2015",LAL @ BOS,W,33,5,18,0.278,2,5,0.4,3,5,0.6,1,10,11,3,0,0,4,3,15,12,1,Kobe Bryant,Regular Season,2015-16
22015,977,0021500458,"Dec 28, 2015",LAL @ CHA,L,32,5,20,0.25,3,12,0.25,7,8,0.875,1,3,4,2,0,0,3,2,20,-13,1,Kobe Bryant,Regular Season,2015-16
22015,977,0021500455,"Dec 27, 2015",LAL @ MEM,L,24,6,15,0.4,2,8,0.25,5,6,0.833,0,2,2,3,0,0,3,2,19,-14,1,Kobe Bryant,Regular Season,2015-16
22015,977,0021500440,"Dec 25, 2015",LAL vs. LAC,L,26,4,10,0.4,3,5,0.6,1,4,0.25,0,3,3,3,2,0,3,0,12,-17,1,Kobe Bryant,Regular Season,2015-16
22015,977,0021500435,"Dec 23, 2015",LAL vs. OKC,L,28,7,22,0.318,2,7,0.286,3,3,1.0,1,0,1,3,1,0,2,3,19,-36,1,Kobe Bryant,Regular Season,2015-16
22015,977,0021500422,"Dec 22, 2015",LAL @ DEN,W,32,10,22,0.455,2,9,0.222,9,11,0.818,1,2,3,5,1,1,1,2,31,11,1,Kobe Bryant,Regular Season,2015-16
22015,977,0021500385,"Dec 17, 2015",LAL vs. HOU,L,32,9,16,0.563,2,6,0.333,2,7,0.286,1,7,8,3,0,1,2,2,22,-24,1,Kobe Bryant,Regular Season,2015-16
22015,977,0021500370,"Dec 15, 2015",LAL vs. MIL,W,27,7,15,0.467,3,7,0.429,5,5,1.0,0,3,3,6,0,0,2,2,22,20,1,Kobe Bryant,Regular Season,2015-16
22015,977,0021500349,"Dec 12, 2015",LAL @ HOU,L,31,9,16,0.563,4,9,0.444,3,3,1.0,2,5,7,6,3,0,0,0,25,3,1,Kobe Bryant,Regular Season,2015-16
22015,977,0021500342,"Dec 11, 2015",LAL @ SAS,L,29,5,12,0.417,1,5,0.2,1,2,0.5,1,5,6,4,0,0,2,1,12,-18,1,Kobe Bryant,Regular Season,2015-16
22015,977,0021500325,"Dec 09, 2015",LAL @ MIN,L,25,5,13,0.385,1,2,0.5,0,0,0.0,0,1,1,1,1,0,2,2,11,-12,1,Kobe Bryant,Regular Season,2015-16
22015,977,0021500308,"Dec 07, 2015",LAL @ TOR,L,32,8,16,0.5,1,4,0.25,4,5,0.8,0,8,8,4,2,0,4,3,21,-11,1,Kobe Bryant,Regular Season,2015-16
22015,977,0021500301,"Dec 06, 2015",LAL @ DET,L,26,2,15,0.133,1,6,0.167,0,0,0.0,0,3,3,1,1,0,3,2,5,-22,1,Kobe Bryant,Regular Season,2015-16
22015,977,0021500286,"Dec 04, 2015",LAL @ ATL,L,35,4,19,0.211,2,10,0.2,4,5,0.8,0,3,3,5,2,2,2,2,14,-15,1,Kobe Bryant,Regular Season,2015-16
22015,977,0021500269,"Dec 02, 2015",LAL @ WAS,W,36,10,24,0.417,4,11,0.364,7,8,0.875,0,2,2,3,1,0,2,1,31,-5,1,Kobe Bryant,Regular Season,2015-16
22015,977,0021500263,"Dec 01, 2015",LAL @ PHI,L,32,7,26,0.269,4,17,0.235,2,4,0.5,1,4,5,2,1,0,3,3,20,-21,1,Kobe Bryant,Regular Season,2015-16
22015,977,0021500253,"Nov 29, 2015",LAL vs. IND,L,33,4,20,0.2,2,7,0.286,3,4,0.75,1,3,4,3,1,0,1,1,13,-6,1,Kobe Bryant,Regular Season,2015-16
22015,977,0021500244,"Nov 28, 2015",LAL @ POR,L,34,7,20,0.35,1,5,0.2,6,7,0.857,0,2,2,2,0,0,1,1,21,-12,1,Kobe Bryant,Regular Season,2015-16
22015,977,0021500214,"Nov 24, 2015",LAL @ GSW,L,25,1,14,0.071,1,7,0.143,1,2,0.5,0,6,6,2,2,0,3,0,4,-20,1,Kobe Bryant,Regular Season,2015-16
22015,977,0021500201,"Nov 22, 2015",LAL vs. POR,L,31,6,22,0.273,0,5,0.0,6,7,0.857,1,3,4,4,1,1,0,1,18,-8,1,Kobe Bryant,Regular Season,2015-16
22015,977,0021500188,"Nov 20, 2015",LAL vs. TOR,L,37,5,13,0.385,0,5,0.0,0,0,0.0,0,4,4,5,2,0,3,2,10,-1,1,Kobe Bryant,Regular Season,2015-16
22015,977,0021500151,"Nov 15, 2015",LAL vs. DET,W,36,6,19,0.316,1,4,0.25,4,4,1.0,0,8,8,9,2,0,4,3,17,14,1,Kobe Bryant,Regular Season,2015-16
22015,977,0021500135,"Nov 13, 2015",LAL @ DAL,L,32,7,15,0.467,3,8,0.375,2,2,1.0,0,5,5,3,0,0,6,2,19,7,1,Kobe Bryant,Regular Season,2015-16
22015,977,0021500095,"Nov 08, 2015",LAL @ NYK,L,32,6,19,0.316,2,10,0.2,4,7,0.571,0,2,2,3,1,0,1,2,18,-1,1,Kobe Bryant,Regular Season,2015-16
22015,977,0021500077,"Nov 06, 2015",LAL @ BKN,W,31,5,16,0.313,1,4,0.25,7,8,0.875,0,3,3,3,0,0,3,3,18,-6,1,Kobe Bryant,Regular Season,2015-16
22015,977,0021500059,"Nov 03, 2015",LAL vs. DEN,L,29,4,11,0.364,1,5,0.2,2,3,0.667,1,1,2,5,2,0,1,5,11,-4,1,Kobe Bryant,Regular Season,2015-16
22015,977,0021500045,"Nov 01, 2015",LAL vs. DAL,L,31,3,15,0.2,2,8,0.25,7,7,1.0,2,3,5,1,0,0,1,5,15,-2,1,Kobe Bryant,Regular Season,2015-16
22015,977,0021500031,"Oct 30, 2015",LAL @ SAC,L,22,5,12,0.417,1,8,0.125,2,3,0.667,2,2,4,3,0,0,3,2,13,-18,1,Kobe Bryant,Regular Season,2015-16
22015,977,0021500017,"Oct 28, 2015",LAL vs. MIN,L,29,8,24,0.333,3,13,0.231,5,5,1.0,0,4,4,1,2,0,0,1,24,-6,1,Kobe Bryant,Regular Season,2015-16
